range,row,actual_TDN_OARDC,predicted_TDN_OARDC,prediction_diff
1.0,6.5,64.55,63.4299455448,-1.12005445519
2.0,6.5,66.63,65.6827993919,-0.947200608086
3.0,6.5,68.89,64.9526983737,-3.9373016263
4.0,6.5,56.78,74.1085119508,17.3285119508
5.0,6.5,61.45,66.6822863072,5.23228630722
7.0,6.5,62.88,64.6858984898,1.80589848978
8.0,6.5,63.17,62.6971902824,-0.472809717599
9.0,6.5,56.58,64.1464349763,7.56643497625
11.0,6.5,60.8,63.8557490893,3.05574908927
12.0,6.5,67.8,65.7315517478,-2.06844825223
13.0,6.5,71.43,64.8493840676,-6.58061593242
14.0,6.5,58.32,67.7485936657,9.42859366566
15.0,6.5,65.03,68.3492812328,3.3192812328
17.0,6.5,63.06,60.8354338501,-2.22456614994
18.0,6.5,69.82,77.918459069,8.09845906898
19.0,6.5,68.59,76.2042635996,7.61426359959
20.0,6.5,62.81,60.4425138123,-2.36748618767
21.0,6.5,63.34,61.0832474194,-2.25675258055
22.0,6.5,67.15,65.1421508114,-2.00784918861
24.0,6.5,64.25,68.0007558633,3.75075586326
25.0,6.5,68.76,77.1811794527,8.42117945269
26.0,6.5,54.31,64.2074236879,9.89742368791
27.0,6.5,65.0,65.3142076712,0.31420767121
28.0,6.5,61.07,59.7446731166,-1.3253268834
29.0,6.5,61.79,65.3905035798,3.60050357975
30.0,6.5,56.76,68.2244858444,11.4644858444
31.0,6.5,62.59,64.4451962989,1.85519629888
32.0,6.5,65.06,72.5731740482,7.51317404822
1.0,10.5,65.43,61.3617487028,-4.06825129718
2.0,10.5,66.02,66.8264927715,0.806492771506
3.0,10.5,63.09,65.0471852631,1.95718526313
5.0,10.5,68.68,63.9425762501,-4.73742374994
6.0,10.5,63.82,60.611460004,-3.208539996
7.0,10.5,59.43,59.4247185029,-0.00528149709105
9.0,10.5,65.43,66.9088603947,1.47886039473
10.0,10.5,65.16,65.1365179033,-0.0234820966981
13.0,10.5,62.34,65.2477783114,2.90777831137
14.0,10.5,62.0,63.0481415517,1.04814155167
15.0,10.5,62.31,66.0486052893,3.73860528931
16.0,10.5,61.35,64.0833083643,2.73330836426
17.0,10.5,61.4,65.9555313289,4.55553132892
18.0,10.5,69.48,68.8682509456,-0.611749054417
19.0,10.5,72.41,66.5735615697,-5.83643843032
20.0,10.5,60.95,67.0117756687,6.06177566871
22.0,10.5,61.27,67.4728494436,6.20284944355
23.0,10.5,66.52,65.5709320251,-0.94906797491
24.0,10.5,64.13,66.258639155,2.12863915496
25.0,10.5,61.61,64.9524574392,3.34245743915
26.0,10.5,63.57,66.6769219115,3.10692191154
27.0,10.5,56.7,59.6413056916,2.94130569156
28.0,10.5,65.82,64.1477259025,-1.6722740975
29.0,10.5,64.7,62.181018427,-2.51898157299
30.0,10.5,67.62,65.9615321979,-1.65846780211
31.0,10.5,64.31,66.5016997829,2.19169978291
32.0,10.5,61.74,65.4027303103,3.66273031034
1.0,14.5,65.41,67.0411705244,1.63117052443
2.0,14.5,64.2,65.3731927499,1.17319274992
4.0,14.5,66.43,61.9405905604,-4.48940943956
5.0,14.5,66.19,65.67189286,-0.518107140027
7.0,14.5,67.33,66.1332083382,-1.19679166183
8.0,14.5,68.02,63.7389620612,-4.28103793876
9.0,14.5,65.4,66.05558463,0.655584629998
10.0,14.5,57.47,61.8575414135,4.38754141351
11.0,14.5,67.19,64.7660494717,-2.42395052832
13.0,14.5,60.87,65.3765788041,4.50657880411
14.0,14.5,65.17,66.4432523721,1.27325237209
15.0,14.5,57.34,66.440245261,9.10024526095
16.0,14.5,67.36,61.8801266951,-5.47987330485
17.0,14.5,66.3,66.5948259197,0.294825919718
18.0,14.5,65.85,65.9660261176,0.11602611756
21.0,14.5,65.18,63.82299597,-1.35700402997
22.0,14.5,62.91,62.8436890095,-0.0663109904528
23.0,14.5,66.14,63.8945116326,-2.24548836738
24.0,14.5,65.92,65.1178553496,-0.802144650444
25.0,14.5,65.84,65.7349174195,-0.105082580503
26.0,14.5,64.62,63.0770708215,-1.54292917846
27.0,14.5,63.79,65.873468216,2.08346821604
28.0,14.5,70.1,61.4517614041,-8.64823859595
29.0,14.5,64.98,64.0590544455,-0.920945554525
30.0,14.5,62.92,66.8896749876,3.96967498764
31.0,14.5,65.1,66.8952921312,1.79529213123
32.0,14.5,61.15,65.8473681789,4.69736817889
1.0,18.5,62.7,60.6103947349,-2.08960526511
2.0,18.5,69.07,65.247144118,-3.82285588205
3.0,18.5,60.63,66.2372466996,5.60724669963
5.0,18.5,65.09,61.7405253015,-3.34947469845
6.0,18.5,55.21,60.3799892887,5.16998928875
7.0,18.5,66.81,67.1473967172,0.337396717221
9.0,18.5,60.34,61.7641636133,1.42416361332
10.0,18.5,61.72,63.9354531467,2.2154531467
12.0,18.5,64.07,65.5906751235,1.5206751235
13.0,18.5,62.63,65.1458719186,2.51587191865
14.0,18.5,67.42,66.7283513695,-0.6916486305
15.0,18.5,70.06,66.1695330516,-3.89046694845
16.0,18.5,68.57,67.5172033086,-1.05279669136
17.0,18.5,60.15,62.7653553337,2.61535533369
18.0,18.5,65.93,65.6426227195,-0.287377280481
19.0,18.5,65.87,61.560319528,-4.30968047202
20.0,18.5,62.76,55.7641966939,-6.9958033061
21.0,18.5,60.63,58.9881922789,-1.64180772111
22.0,18.5,64.87,69.1351682283,4.2651682283
23.0,18.5,65.51,63.2599818669,-2.25001813307
24.0,18.5,64.9,64.364776087,-0.535223913006
25.0,18.5,67.02,63.0016858652,-4.01831413478
26.0,18.5,58.99,65.1572894994,6.16728949942
27.0,18.5,59.04,60.7322040889,1.69220408894
28.0,18.5,76.0,65.8069970347,-10.1930029653
29.0,18.5,63.22,55.8076843414,-7.41231565855
30.0,18.5,60.18,66.7027223175,6.52272231754
31.0,18.5,57.5,61.273226683,3.77322668303
32.0,18.5,69.07,63.5879449155,-5.48205508448
1.0,22.5,62.28,64.0926635657,1.81266356565
2.0,22.5,59.22,68.2684850022,9.04848500222
3.0,22.5,68.44,65.7204463463,-2.71955365367
4.0,22.5,60.83,61.6869474463,0.856947446316
5.0,22.5,66.59,66.3587894291,-0.231210570931
6.0,22.5,65.5,67.0438519251,1.54385192506
7.0,22.5,66.64,63.1826671809,-3.4573328191
8.0,22.5,62.24,62.8166938098,0.576693809815
9.0,22.5,61.91,67.7567291814,5.84672918139
10.0,22.5,60.9,63.1446818318,2.24468183182
11.0,22.5,61.26,72.9059304688,11.6459304688
12.0,22.5,56.91,63.3484867644,6.43848676436
13.0,22.5,73.06,64.5082196891,-8.55178031087
14.0,22.5,58.52,68.182326464,9.66232646398
15.0,22.5,63.45,62.8107195217,-0.639280478284
16.0,22.5,61.63,64.4047870813,2.77478708129
17.0,22.5,61.07,69.7571298718,8.68712987175
18.0,22.5,71.04,69.7625245117,-1.27747548833
19.0,22.5,73.42,60.5159453759,-12.9040546241
20.0,22.5,64.47,64.6160029699,0.146002969909
21.0,22.5,63.56,65.9368206849,2.37682068493
22.0,22.5,62.29,68.0396207795,5.74962077945
23.0,22.5,63.66,65.7966744155,2.13667441547
24.0,22.5,65.43,65.4641355849,0.0341355848871
25.0,22.5,66.29,69.9631184912,3.67311849123
26.0,22.5,70.48,64.6836589109,-5.79634108908
27.0,22.5,59.08,68.3849992412,9.30499924121
28.0,22.5,59.23,59.2461689133,0.0161689133197
29.0,22.5,64.22,67.9325490668,3.71254906684
30.0,22.5,64.03,73.7099318057,9.67993180573
31.0,22.5,60.15,56.4415939995,-3.70840600049
32.0,22.5,61.7,72.5713364556,10.8713364556
1.0,26.5,67.07,63.5493337288,-3.52066627115
2.0,26.5,70.5,60.866379586,-9.63362041395
3.0,26.5,59.35,65.9027012629,6.55270126285
4.0,26.5,62.85,67.8175325394,4.96753253937
5.0,26.5,74.29,64.6558698146,-9.63413018543
6.0,26.5,76.25,65.1450163876,-11.1049836124
7.0,26.5,55.51,61.6506988704,6.14069887042
8.0,26.5,64.59,63.659007486,-0.930992514044
9.0,26.5,65.55,63.3346383013,-2.21536169872
10.0,26.5,59.69,65.3610442462,5.67104424624
11.0,26.5,64.16,59.1231275201,-5.03687247992
12.0,26.5,65.03,57.9041510001,-7.12584899992
13.0,26.5,61.62,60.9791218154,-0.640878184587
14.0,26.5,61.73,61.6929559093,-0.0370440907031
15.0,26.5,60.91,63.5322857276,2.62228572756
16.0,26.5,64.76,61.6987749501,-3.06122504989
17.0,26.5,64.27,60.3803491164,-3.8896508836
18.0,26.5,64.6,61.2333863256,-3.36661367435
19.0,26.5,66.31,56.4953396171,-9.81466038287
20.0,26.5,59.54,64.6216990575,5.08169905752
21.0,26.5,59.62,65.2864168873,5.66641688731
22.0,26.5,63.42,63.4731718246,0.0531718245894
23.0,26.5,68.79,62.375238901,-6.414761099
24.0,26.5,62.85,61.6328277583,-1.21717224168
25.0,26.5,66.18,65.5022548847,-0.67774511531
26.0,26.5,60.84,65.9375297558,5.09752975576
27.0,26.5,62.22,63.3316940926,1.1116940926
28.0,26.5,69.09,71.3234451767,2.23344517671
29.0,26.5,62.81,63.291707281,0.481707281023
30.0,26.5,65.81,57.5353383669,-8.27466163313
31.0,26.5,57.48,64.453459233,6.97345923305
32.0,26.5,61.29,58.930005372,-2.35999462796
1.0,30.5,73.75,64.1101078726,-9.63989212736
2.0,30.5,63.36,70.2856288031,6.92562880307
3.0,30.5,65.33,55.6400044374,-9.68999556258
4.0,30.5,71.12,65.6193108559,-5.50068914413
5.0,30.5,65.53,66.7784269452,1.24842694521
6.0,30.5,59.75,64.4017110132,4.65171101317
7.0,30.5,60.78,71.3971671015,10.6171671015
8.0,30.5,65.22,65.4998014541,0.279801454134
9.0,30.5,67.43,66.3454922251,-1.08450777486
10.0,30.5,69.4,56.5128788259,-12.8871211741
11.0,30.5,67.71,71.2707917504,3.5607917504
12.0,30.5,63.29,67.6174978018,4.32749780178
13.0,30.5,65.04,65.8325613122,0.792561312243
14.0,30.5,59.69,70.71962527,11.02962527
15.0,30.5,63.7,71.8313421495,8.13134214953
16.0,30.5,61.12,67.2835946511,6.16359465115
17.0,30.5,81.94,66.8987659812,-15.0412340188
18.0,30.5,65.23,69.4652988948,4.23529889479
19.0,30.5,66.11,65.3355994187,-0.77440058127
20.0,30.5,65.28,69.0074513564,3.72745135639
21.0,30.5,68.46,65.2263594735,-3.23364052646
22.0,30.5,65.84,64.0949931992,-1.74500680078
23.0,30.5,69.64,67.4669817574,-2.17301824257
24.0,30.5,56.96,69.9801384117,13.0201384117
25.0,30.5,65.55,68.8906620853,3.34066208526
26.0,30.5,69.52,67.8925113482,-1.62748865176
27.0,30.5,59.69,68.8806326389,9.19063263893
28.0,30.5,62.07,70.6375004533,8.56750045327
29.0,30.5,67.8,66.4549146313,-1.34508536868
30.0,30.5,59.25,66.5484771654,7.2984771654
31.0,30.5,66.29,65.5732436888,-0.716756311208
32.0,30.5,71.66,70.9812694108,-0.678730589189
1.0,34.5,58.76,55.5170264505,-3.24297354952
2.0,34.5,61.66,61.3757389765,-0.284261023477
3.0,34.5,72.08,61.8921660623,-10.1878339377
4.0,34.5,60.2,64.3906258871,4.19062588708
5.0,34.5,64.91,61.7728732843,-3.1371267157
6.0,34.5,64.94,64.9559357744,0.015935774371
7.0,34.5,61.96,58.2082851799,-3.75171482008
8.0,34.5,58.95,62.95297217,4.00297216997
9.0,34.5,66.54,64.7832994633,-1.75670053666
10.0,34.5,59.8,62.9744724371,3.17447243705
11.0,34.5,66.71,65.2297068373,-1.48029316267
12.0,34.5,65.72,60.7150114127,-5.00498858726
13.0,34.5,62.41,61.0173857752,-1.39261422478
14.0,34.5,66.38,63.1437082365,-3.23629176348
15.0,34.5,69.62,64.857069958,-4.762930042
16.0,34.5,56.37,56.9823504365,0.612350436505
17.0,34.5,65.55,62.2601272487,-3.28987275129
18.0,34.5,64.65,65.6091858037,0.959185803682
19.0,34.5,72.8,62.4552292237,-10.3447707763
20.0,34.5,68.52,67.1866425462,-1.33335745379
21.0,34.5,62.5,67.1666115783,4.66661157832
22.0,34.5,60.52,64.8848690949,4.36486909494
23.0,34.5,66.26,65.8293110058,-0.430688994229
24.0,34.5,64.32,55.7438342944,-8.57616570562
25.0,34.5,61.53,66.0195294176,4.48952941762
26.0,34.5,60.73,55.9315491817,-4.7984508183
27.0,34.5,66.18,64.9873977024,-1.19260229759
28.0,34.5,65.2,63.6157714203,-1.5842285797
29.0,34.5,70.47,63.9642671654,-6.5057328346
30.0,34.5,69.17,64.2167641558,-4.95323584422
31.0,34.5,62.28,72.6769940741,10.3969940741
32.0,34.5,67.25,70.6072047818,3.35720478185
1.0,38.5,66.4,63.5869536856,-2.81304631438
2.0,38.5,63.44,64.7751758997,1.33517589973
3.0,38.5,72.92,69.0186472056,-3.90135279445
4.0,38.5,62.57,76.0448069056,13.4748069056
5.0,38.5,70.5,69.840119638,-0.659880361985
6.0,38.5,64.41,67.6618336081,3.25183360806
7.0,38.5,67.69,64.6229045726,-3.06709542736
8.0,38.5,70.28,62.0059774909,-8.27402250908
9.0,38.5,73.15,65.6986680925,-7.45133190751
10.0,38.5,64.57,65.6082905196,1.03829051957
11.0,38.5,64.4,63.5222074613,-0.877792538702
12.0,38.5,72.5,65.2083890475,-7.29161095247
13.0,38.5,64.4,65.8876175992,1.48761759922
14.0,38.5,64.03,68.4604338789,4.43043387894
15.0,38.5,68.59,68.190985987,-0.399014013037
16.0,38.5,65.73,64.4008812085,-1.32911879152
17.0,38.5,62.51,60.0447260607,-2.4652739393
18.0,38.5,67.28,65.8129099924,-1.46709000759
19.0,38.5,65.59,66.5844940804,0.994494080395
20.0,38.5,63.74,64.2285820656,0.488582065552
21.0,38.5,68.52,66.2822737638,-2.23772623621
22.0,38.5,66.48,64.3734392747,-2.10656072527
23.0,38.5,66.03,54.1331594177,-11.8968405823
24.0,38.5,59.35,61.3429627139,1.99296271391
25.0,38.5,64.96,64.5719268508,-0.388073149174
26.0,38.5,67.14,65.9379202947,-1.2020797053
27.0,38.5,71.88,69.0252681593,-2.85473184066
28.0,38.5,71.12,67.4168626312,-3.70313736878
29.0,38.5,65.24,68.9734310899,3.73343108989
30.0,38.5,66.48,63.2459799014,-3.2340200986
31.0,38.5,71.6,66.3291267026,-5.27087329738
32.0,38.5,70.2,65.5496170251,-4.65038297493
1.0,42.5,65.54,66.6293190084,1.08931900844
2.0,42.5,67.93,66.9784822706,-0.951517729387
3.0,42.5,64.45,65.475061995,1.02506199498
4.0,42.5,65.39,66.0848472752,0.694847275168
5.0,42.5,66.49,61.909919085,-4.58008091502
6.0,42.5,63.39,66.9381702375,3.54817023747
7.0,42.5,71.71,71.2968035843,-0.413196415678
8.0,42.5,72.84,62.1549548097,-10.6850451903
9.0,42.5,72.58,66.7457104456,-5.83428955443
10.0,42.5,65.22,70.3828219771,5.16282197714
11.0,42.5,62.3,64.8393132947,2.53931329474
12.0,42.5,60.27,63.4159395415,3.14593954153
13.0,42.5,58.39,64.3892430291,5.99924302906
14.0,42.5,62.57,63.7091865763,1.13918657631
15.0,42.5,70.71,66.5630774768,-4.14692252319
16.0,42.5,65.28,68.7001867667,3.42018676668
17.0,42.5,62.05,68.4859674536,6.43596745357
18.0,42.5,67.8,61.5450129267,-6.25498707332
19.0,42.5,67.55,71.7463698573,4.19636985734
20.0,42.5,63.0,67.0704980725,4.07049807254
21.0,42.5,71.57,68.8393912502,-2.73060874984
22.0,42.5,67.46,54.7233303338,-12.7366696662
23.0,42.5,73.57,72.8092733715,-0.760726628527
24.0,42.5,73.0,73.9225151874,0.922515187413
25.0,42.5,64.99,66.3130233213,1.32302332133
26.0,42.5,67.79,65.043163497,-2.746836503
27.0,42.5,70.36,68.4675083701,-1.89249162994
28.0,42.5,63.56,70.7034831899,7.14348318992
29.0,42.5,66.37,68.8454761505,2.47547615051
30.0,42.5,68.05,62.7157356907,-5.33426430933
31.0,42.5,73.54,69.483990001,-4.05600999897
32.0,42.5,64.47,65.3149592001,0.844959200099
1.0,46.5,74.12,68.4220508821,-5.69794911787
2.0,46.5,72.43,62.4033593195,-10.0266406805
3.0,46.5,62.86,68.6391905057,5.77919050572
4.0,46.5,65.52,67.3401567116,1.82015671164
5.0,46.5,62.59,58.8930089679,-3.69699103214
6.0,46.5,57.33,66.6487654317,9.31876543172
7.0,46.5,62.94,68.7833083868,5.8433083868
8.0,46.5,62.22,68.3624349684,6.14243496835
9.0,46.5,70.34,63.3260970321,-7.01390296794
10.0,46.5,59.94,74.6502127349,14.7102127349
11.0,46.5,63.95,63.7475492079,-0.202450792119
12.0,46.5,62.2,68.1704820693,5.97048206925
13.0,46.5,70.9,63.1164000635,-7.7835999365
14.0,46.5,77.99,70.0077776928,-7.98222230725
15.0,46.5,66.5,67.9377075266,1.43770752661
16.0,46.5,65.75,66.063242048,0.313242048025
17.0,46.5,60.79,64.0582715464,3.26827154638
18.0,46.5,69.0,68.253281435,-0.746718565002
19.0,46.5,66.56,67.8795875702,1.31958757021
20.0,46.5,65.27,63.6478135921,-1.62218640789
21.0,46.5,76.06,67.3430794422,-8.71692055784
22.0,46.5,65.97,60.3237561858,-5.64624381417
23.0,46.5,65.96,68.8862937074,2.92629370742
24.0,46.5,66.88,67.4017275162,0.521727516204
25.0,46.5,63.55,67.2558572032,3.70585720316
26.0,46.5,69.54,65.4769523498,-4.06304765023
27.0,46.5,67.24,66.9709236082,-0.269076391831
28.0,46.5,73.96,62.5163663025,-11.4436336975
29.0,46.5,74.04,68.5875394735,-5.45246052645
30.0,46.5,69.66,60.8303317721,-8.8296682279
31.0,46.5,72.93,70.9539683349,-1.97603166506
32.0,46.5,71.56,70.0791842025,-1.48081579752
1.0,50.5,62.77,64.4723739866,1.70237398662
2.0,50.5,67.68,68.0398387909,0.359838790894
3.0,50.5,71.3,70.4736984298,-0.826301570237
4.0,50.5,63.02,63.4345582165,0.414558216482
5.0,50.5,68.56,62.2506988328,-6.3093011672
6.0,50.5,62.48,57.2468518992,-5.2331481008
7.0,50.5,72.66,66.4228121378,-6.23718786225
8.0,50.5,61.62,66.4851664975,4.86516649753
9.0,50.5,66.3,65.3910557702,-0.908944229782
10.0,50.5,63.77,64.0396873471,0.269687347133
11.0,50.5,65.4,63.3442775961,-2.0557224039
12.0,50.5,63.4,66.94380242,3.54380242005
13.0,50.5,70.74,61.3828278352,-9.35717216484
14.0,50.5,63.08,65.4306462631,2.35064626306
15.0,50.5,65.98,63.7782394872,-2.2017605128
16.0,50.5,68.61,65.9072472136,-2.70275278635
17.0,50.5,64.43,63.6744358689,-0.755564131141
19.0,50.5,60.18,62.4343435578,2.2543435578
20.0,50.5,66.61,70.1746677179,3.56466771789
21.0,50.5,58.8,64.602477761,5.80247776099
22.0,50.5,72.59,65.9959597527,-6.5940402473
23.0,50.5,68.09,56.1417798661,-11.9482201339
24.0,50.5,59.05,70.3420447782,11.2920447782
25.0,50.5,64.23,70.2454028754,6.01540287536
26.0,50.5,69.27,71.101810392,1.83181039199
27.0,50.5,70.7,71.364943142,0.664943142049
30.0,50.5,71.26,68.6052951999,-2.6547048001
31.0,50.5,66.87,67.1531824237,0.283182423674
32.0,50.5,71.34,68.3410894102,-2.99891058976
1.0,54.5,63.54,68.2807625961,4.74076259606
2.0,54.5,64.5,67.4729615934,2.97296159342
3.0,54.5,66.5,63.4147686176,-3.0852313824
4.0,54.5,64.53,65.0774052474,0.547405247372
5.0,54.5,73.05,63.5564176179,-9.49358238205
6.0,54.5,71.68,65.9981399346,-5.68186006539
7.0,54.5,66.81,65.5260919407,-1.2839080593
8.0,54.5,62.65,66.8018410145,4.15184101453
9.0,54.5,57.13,61.9275331721,4.79753317207
10.0,54.5,68.6,64.5353070479,-4.06469295211
11.0,54.5,67.77,64.2508261423,-3.51917385774
12.0,54.5,69.79,66.1222502626,-3.66774973735
13.0,54.5,75.46,67.8138579056,-7.64614209443
14.0,54.5,61.94,58.6715056114,-3.26849438861
15.0,54.5,67.49,64.7864015065,-2.70359849349
16.0,54.5,69.61,69.7430125177,0.133012517691
17.0,54.5,66.99,65.3197237235,-1.67027627654
18.0,54.5,65.04,66.0820031222,1.0420031222
19.0,54.5,69.09,67.801667694,-1.288332306
20.0,54.5,61.78,66.9211562462,5.14115624622
21.0,54.5,68.98,68.1805075463,-0.799492453709
22.0,54.5,64.54,64.7729893601,0.23298936015
23.0,54.5,62.15,65.6125631053,3.4625631053
24.0,54.5,68.01,65.4910654798,-2.51893452018
25.0,54.5,79.47,69.624358179,-9.84564182095
26.0,54.5,69.06,65.2269002981,-3.83309970185
27.0,54.5,68.24,64.7240904574,-3.51590954257
29.0,54.5,67.58,66.423471069,-1.15652893104
30.0,54.5,69.84,67.4983878229,-2.34161217712
31.0,54.5,67.5,62.9570404459,-4.54295955412
32.0,54.5,73.77,65.1466119587,-8.62338804126
1.0,58.5,62.18,60.5817917157,-1.5982082843
2.0,58.5,64.79,62.8020395115,-1.9879604885
3.0,58.5,68.44,60.2170046084,-8.22299539164
4.0,58.5,72.71,64.4374562344,-8.27254376564
5.0,58.5,67.98,69.6920891558,1.71208915578
6.0,58.5,59.18,60.4583281539,1.27832815394
7.0,58.5,61.39,66.8897992,5.4997992
8.0,58.5,57.69,59.807470059,2.11747005902
9.0,58.5,68.31,68.3496772759,0.0396772758663
10.0,58.5,62.61,62.4168558083,-0.193144191653
11.0,58.5,69.9,65.120636344,-4.77936365604
12.0,58.5,66.57,67.2932693195,0.72326931946
13.0,58.5,64.09,65.7401302271,1.65013022706
14.0,58.5,60.94,64.9610799598,4.02107995976
15.0,58.5,64.69,66.8336425163,2.14364251629
16.0,58.5,66.61,66.8889612993,0.278961299323
17.0,58.5,63.46,63.1623999635,-0.297600036524
18.0,58.5,70.59,64.2623392865,-6.32766071349
19.0,58.5,73.56,68.5305919852,-5.02940801479
20.0,58.5,65.99,67.0970408916,1.10704089165
21.0,58.5,66.28,64.5221483558,-1.75785164416
22.0,58.5,74.01,68.7247217409,-5.28527825907
24.0,58.5,71.75,68.683153946,-3.06684605405
25.0,58.5,76.15,66.4189209393,-9.73107906068
27.0,58.5,67.12,65.6649580561,-1.45504194394
28.0,58.5,68.92,66.0249399487,-2.89506005131
29.0,58.5,63.93,67.0297956839,3.09979568392
30.0,58.5,68.79,69.8345000711,1.04450007113
31.0,58.5,64.04,66.6172437393,2.57724373931
32.0,58.5,65.79,77.1784883384,11.3884883384
1.0,62.5,60.91,64.0504569267,3.14045692669
2.0,62.5,64.24,68.5546244718,4.31462447181
3.0,62.5,62.73,68.7672394682,6.03723946817
4.0,62.5,63.1,59.9548068251,-3.14519317485
5.0,62.5,59.09,69.188893985,10.098893985
6.0,62.5,58.23,66.120020844,7.89002084404
7.0,62.5,61.19,64.8208516892,3.6308516892
8.0,62.5,61.2,66.0214855932,4.82148559317
9.0,62.5,65.47,73.9330419987,8.46304199865
10.0,62.5,62.36,61.3672309555,-0.992769044489
11.0,62.5,71.59,68.2263722778,-3.36362772217
12.0,62.5,61.64,65.8565852214,4.21658522137
13.0,62.5,65.98,67.8659225851,1.88592258513
14.0,62.5,64.15,64.3206165563,0.170616556332
15.0,62.5,64.47,65.1692516292,0.699251629151
16.0,62.5,71.83,70.6536806989,-1.17631930105
17.0,62.5,74.8,65.0217414829,-9.77825851711
18.0,62.5,66.36,68.2260314003,1.86603140026
19.0,62.5,73.13,67.0927681029,-6.03723189712
20.0,62.5,73.53,67.1726169316,-6.35738306839
21.0,62.5,63.87,75.7749344278,11.9049344278
22.0,62.5,61.84,65.4415847678,3.60158476777
23.0,62.5,74.36,65.7420506421,-8.61794935785
24.0,62.5,67.79,68.2345103137,0.44451031372
25.0,62.5,71.54,67.5677439068,-3.97225609325
26.0,62.5,68.85,70.3696873952,1.51968739517
27.0,62.5,63.11,66.7008992927,3.59089929271
28.0,62.5,67.38,64.9429367147,-2.43706328526
29.0,62.5,72.78,70.5373821706,-2.24261782944
30.0,62.5,70.41,64.7145362226,-5.69546377737
31.0,62.5,65.7,67.4588127714,1.75881277137
32.0,62.5,72.31,66.6837164047,-5.62628359528
1.0,66.5,61.45,61.4016672298,-0.0483327701688
2.0,66.5,57.64,58.2329241745,0.592924174517
3.0,66.5,65.1,63.9489275217,-1.15107247829
4.0,66.5,66.79,63.4814509074,-3.30854909258
5.0,66.5,68.54,66.7752050795,-1.76479492053
6.0,66.5,63.51,71.610250839,8.10025083903
7.0,66.5,63.17,62.7720090933,-0.397990906686
8.0,66.5,66.37,67.0730897523,0.703089752346
9.0,66.5,66.41,66.4591567591,0.0491567590833
10.0,66.5,64.17,66.1652337015,1.99523370147
11.0,66.5,71.73,67.1410731496,-4.58892685037
12.0,66.5,70.28,64.1314134374,-6.14858656257
13.0,66.5,65.07,64.9844272714,-0.0855727285892
14.0,66.5,59.5,64.9941398092,5.49413980916
15.0,66.5,68.78,69.5657431218,0.785743121784
16.0,66.5,76.04,66.1945447735,-9.84545522645
17.0,66.5,68.77,65.786779156,-2.98322084405
18.0,66.5,67.05,63.7280006688,-3.32199933119
19.0,66.5,69.64,66.7575836796,-2.88241632037
20.0,66.5,66.32,69.7487380095,3.42873800948
21.0,66.5,73.16,71.3866235595,-1.77337644048
22.0,66.5,68.76,69.9399267831,1.17992678309
23.0,66.5,67.64,66.0305955117,-1.60940448834
25.0,66.5,80.03,67.5886346474,-12.4413653526
26.0,66.5,64.02,65.8099680729,1.78996807292
27.0,66.5,75.7,65.7393111661,-9.96068883389
28.0,66.5,69.11,60.2253124607,-8.88468753932
29.0,66.5,62.43,60.1400580555,-2.28994194448
30.0,66.5,69.84,71.9206127161,2.08061271612
31.0,66.5,62.63,71.7089289743,9.07892897435
32.0,66.5,68.11,69.5521362564,1.44213625636
1.0,70.5,64.18,66.6301550567,2.45015505672
2.0,70.5,67.8,64.8659090735,-2.9340909265
3.0,70.5,65.18,66.2569436901,1.07694369012
4.0,70.5,62.37,64.6381850298,2.26818502985
5.0,70.5,68.21,65.1347038294,-3.07529617058
6.0,70.5,68.26,64.290708425,-3.96929157501
7.0,70.5,63.25,67.0331895514,3.78318955144
8.0,70.5,67.58,66.6514062993,-0.928593700677
9.0,70.5,70.17,68.6952216122,-1.47477838777
10.0,70.5,71.55,66.8653748147,-4.68462518528
11.0,70.5,64.33,68.290108338,3.960108338
12.0,70.5,69.37,62.6464359052,-6.72356409475
13.0,70.5,64.28,65.9051855099,1.62518550994
14.0,70.5,73.04,66.2777357548,-6.76226424515
15.0,70.5,69.98,68.8343066899,-1.14569331009
16.0,70.5,67.58,64.4573896062,-3.12261039384
17.0,70.5,73.81,59.8914131373,-13.9185868627
18.0,70.5,68.36,66.7050807495,-1.65491925053
19.0,70.5,63.9,63.0549927875,-0.84500721246
20.0,70.5,64.07,67.9081212478,3.83812124778
22.0,70.5,67.26,66.7816989068,-0.478301093206
23.0,70.5,69.21,68.2894082735,-0.920591726471
24.0,70.5,65.54,67.0175921302,1.47759213023
25.0,70.5,65.61,64.7872401867,-0.822759813294
26.0,70.5,67.88,65.0821405048,-2.79785949515
27.0,70.5,71.67,65.2043847777,-6.46561522231
28.0,70.5,63.89,65.105459027,1.21545902699
29.0,70.5,63.64,64.8995122071,1.25951220714
30.0,70.5,59.91,65.310394628,5.40039462797
31.0,70.5,70.59,65.9040637892,-4.68593621083
32.0,70.5,71.16,66.0124362931,-5.14756370693
1.0,74.5,66.02,65.7622640035,-0.257735996488
2.0,74.5,70.01,73.7820987739,3.77209877387
3.0,74.5,65.35,70.5075288308,5.15752883079
4.0,74.5,61.0,62.7694050092,1.76940500923
5.0,74.5,67.1,69.8086466398,2.70864663981
6.0,74.5,67.73,71.7292532572,3.99925325716
7.0,74.5,59.82,67.4043727219,7.58437272191
8.0,74.5,64.6,62.3585508205,-2.2414491795
9.0,74.5,74.53,66.1103634811,-8.4196365189
10.0,74.5,66.63,71.5534109166,4.92341091659
11.0,74.5,68.11,64.5207624631,-3.5892375369
12.0,74.5,66.8,63.9850248862,-2.81497511379
13.0,74.5,73.24,63.0311044287,-10.2088955713
14.0,74.5,65.62,68.5529888398,2.9329888398
15.0,74.5,59.99,63.5605960228,3.57059602275
16.0,74.5,74.83,67.127495972,-7.70250402803
17.0,74.5,70.64,65.4770201463,-5.16297985367
18.0,74.5,81.3,66.6029583402,-14.6970416598
19.0,74.5,64.67,65.0740524987,0.404052498676
20.0,74.5,66.94,68.1283034272,1.18830342725
21.0,74.5,79.89,67.1245716736,-12.7654283264
22.0,74.5,68.69,63.5948643666,-5.09513563342
23.0,74.5,64.63,67.0067865727,2.37678657275
24.0,74.5,61.26,68.3555827141,7.09558271408
25.0,74.5,66.48,64.2582090767,-2.22179092329
26.0,74.5,65.44,64.4931234531,-0.94687654689
27.0,74.5,66.94,68.9995176569,2.05951765686
29.0,74.5,74.53,64.6041322742,-9.92586772583
30.0,74.5,63.51,65.9379629735,2.42796297349
31.0,74.5,59.37,60.9061714676,1.53617146762
32.0,74.5,65.41,66.9784916379,1.56849163786
1.0,78.5,62.84,69.4151067585,6.57510675848
2.0,78.5,64.29,79.1966109425,14.9066109425
3.0,78.5,63.76,63.37611487,-0.383885130044
4.0,78.5,65.09,60.0550829289,-5.03491707115
5.0,78.5,62.52,65.4328788766,2.91287887657
6.0,78.5,67.47,64.5199364391,-2.95006356088
7.0,78.5,64.74,60.423435288,-4.31656471198
8.0,78.5,64.95,62.1000279211,-2.84997207886
9.0,78.5,65.51,62.1381091457,-3.37189085431
10.0,78.5,63.93,70.0511139408,6.12111394078
11.0,78.5,69.11,69.0550879501,-0.0549120499194
12.0,78.5,69.12,63.5661184825,-5.5538815175
13.0,78.5,62.62,56.2981047258,-6.32189527422
14.0,78.5,62.64,68.9174347208,6.27743472079
15.0,78.5,61.67,63.0743164625,1.4043164625
16.0,78.5,63.0,63.2659039726,0.265903972555
17.0,78.5,66.32,62.6451439448,-3.67485605523
18.0,78.5,57.43,60.9924164247,3.56241642468
19.0,78.5,65.47,62.6123022102,-2.85769778982
20.0,78.5,76.58,64.1776441671,-12.4023558329
21.0,78.5,72.98,62.9867046368,-9.99329536317
22.0,78.5,77.01,66.3462318536,-10.6637681464
23.0,78.5,66.76,66.2876460818,-0.472353918236
24.0,78.5,71.67,68.0221805032,-3.64781949677
25.0,78.5,68.72,71.3268899657,2.60688996568
26.0,78.5,67.95,63.2060411293,-4.74395887069
27.0,78.5,77.12,65.1587707102,-11.9612292898
28.0,78.5,62.39,63.4054586105,1.0154586105
29.0,78.5,59.85,59.8463597428,-0.00364025719464
30.0,78.5,64.7,71.0418150611,6.34181506112
31.0,78.5,65.07,72.8317758236,7.76177582361
32.0,78.5,64.27,61.8087453581,-2.46125464186
1.0,82.5,68.36,62.4557186887,-5.90428131133
2.0,82.5,66.27,51.9743188992,-14.2956811008
3.0,82.5,64.97,64.7087341789,-0.261265821084
4.0,82.5,67.12,74.2963081114,7.1763081114
5.0,82.5,73.33,64.4730319083,-8.85696809173
6.0,82.5,63.88,66.6169253029,2.73692530289
7.0,82.5,61.24,68.8558104355,7.61581043549
9.0,82.5,64.24,63.7570389584,-0.482961041629
10.0,82.5,62.02,59.9421722367,-2.07782776326
11.0,82.5,65.81,68.403861545,2.59386154503
12.0,82.5,75.12,54.7742825523,-20.3457174477
13.0,82.5,71.62,67.6040169224,-4.01598307759
14.0,82.5,60.86,67.6905212975,6.83052129751
15.0,82.5,64.68,60.1208203956,-4.55917960435
16.0,82.5,60.79,65.2639161162,4.47391611621
17.0,82.5,61.4,67.3315309826,5.93153098263
18.0,82.5,63.06,67.2586083002,4.19860830024
19.0,82.5,64.98,66.7711103149,1.79111031488
20.0,82.5,68.23,66.841294717,-1.38870528296
21.0,82.5,65.15,64.7017127308,-0.448287269194
22.0,82.5,62.54,69.4486101829,6.90861018285
23.0,82.5,59.54,53.7915221527,-5.74847784728
24.0,82.5,66.88,68.7216955423,1.84169554234
25.0,82.5,72.76,68.8004563819,-3.95954361813
26.0,82.5,81.57,65.0524209887,-16.5175790113
27.0,82.5,60.03,62.9713517353,2.94135173529
28.0,82.5,67.96,65.9520113706,-2.00798862943
29.0,82.5,61.42,78.3387106284,16.9187106284
31.0,82.5,65.53,65.1161011495,-0.41389885053
32.0,82.5,62.06,60.8917974308,-1.16820256919
4.0,86.5,62.49,60.4692844898,-2.02071551025
5.0,86.5,65.94,63.4473260371,-2.4926739629
6.0,86.5,63.97,66.6957266927,2.72572669268
7.0,86.5,56.84,67.1028276272,10.2628276272
8.0,86.5,66.06,66.9214438205,0.861443820465
9.0,86.5,67.19,63.1417911258,-4.04820887424
10.0,86.5,65.46,66.0910795424,0.631079542413
11.0,86.5,64.14,60.698511451,-3.44148854898
12.0,86.5,66.5,66.9463834986,0.446383498609
13.0,86.5,62.35,60.5379101001,-1.81208989993
14.0,86.5,63.98,64.9998977017,1.01989770167
15.0,86.5,67.84,66.51561906,-1.32438093998
16.0,86.5,66.42,64.079745844,-2.34025415599
18.0,86.5,67.2,67.4412685633,0.241268563271
19.0,86.5,68.58,66.5780111458,-2.00198885418
21.0,86.5,66.21,64.7034821617,-1.50651783826
22.0,86.5,63.36,63.0928391893,-0.267160810661
23.0,86.5,65.88,65.0165695138,-0.863430486172
24.0,86.5,67.46,62.5605095699,-4.89949043006
26.0,86.5,62.58,62.6567698866,0.0767698866129
28.0,86.5,68.54,63.6289289109,-4.91107108906
4.0,90.5,66.05,59.3614729047,-6.68852709532
5.0,90.5,67.77,62.9922754117,-4.77772458827
6.0,90.5,67.22,64.0966220945,-3.12337790549
7.0,90.5,60.67,66.830706574,6.16070657402
9.0,90.5,66.63,65.13531947,-1.49468053004
10.0,90.5,65.69,64.9668835532,-0.723116446808
11.0,90.5,64.5,67.4709472656,2.97094726562
12.0,90.5,64.68,65.5683271182,0.888327118177
13.0,90.5,70.31,66.5893245596,-3.72067544045
16.0,90.5,65.69,65.0828645043,-0.607135495692
17.0,90.5,56.41,57.3924369197,0.982436919734
18.0,90.5,73.36,72.5680375448,-0.791962455157
19.0,90.5,67.15,64.617217103,-2.53278289698
20.0,90.5,63.14,65.8577077971,2.71770779708
21.0,90.5,66.28,67.3853999483,1.10539994834
22.0,90.5,66.56,65.989289131,-0.570710868984
23.0,90.5,62.03,64.0069784392,1.97697843917
24.0,90.5,66.46,67.7266917471,1.26669174708
25.0,90.5,63.66,62.5563416155,-1.10365838449
27.0,90.5,58.72,64.1325865388,5.41258653879
28.0,90.5,65.28,66.2603492215,0.980349221528
4.0,94.5,68.06,66.7978350148,-1.26216498524
5.0,94.5,60.7,61.3163917623,0.616391762346
6.0,94.5,65.27,62.339520108,-2.93047989205
7.0,94.5,68.75,65.1660400503,-3.58395994967
8.0,94.5,66.45,66.9688069653,0.518806965277
9.0,94.5,66.28,63.7852419503,-2.4947580497
10.0,94.5,58.46,61.904494409,3.44449440898
11.0,94.5,62.03,67.5639053546,5.53390535459
12.0,94.5,60.8,66.2435504505,5.44355045054
14.0,94.5,65.96,63.9668419552,-1.9931580448
16.0,94.5,62.63,66.5420974144,3.91209741438
17.0,94.5,64.98,66.647478553,1.667478553
18.0,94.5,68.05,63.9426882183,-4.10731178168
20.0,94.5,64.72,65.7751725353,1.05517253533
21.0,94.5,62.89,65.2750568558,2.38505685575
22.0,94.5,66.53,65.4414938632,-1.08850613676
24.0,94.5,66.58,67.1310201958,0.551020195782
27.0,94.5,60.89,64.8206160814,3.93061608136
28.0,94.5,67.23,64.1411169358,-3.08888306424
4.0,98.5,63.15,63.9114568834,0.761456883419
5.0,98.5,67.95,64.0582263581,-3.89177364185
6.0,98.5,68.63,68.5980790891,-0.0319209109247
8.0,98.5,68.39,63.0940878857,-5.29591211431
10.0,98.5,66.06,70.2992541022,4.23925410217
11.0,98.5,61.92,62.3588548629,0.438854862861
12.0,98.5,61.23,70.0621480653,8.83214806531
14.0,98.5,58.89,66.7701085419,7.88010854194
15.0,98.5,72.9,63.5066067837,-9.39339321628
17.0,98.5,63.55,67.8313116245,4.2813116245
18.0,98.5,68.89,66.2573727928,-2.63262720719
19.0,98.5,59.13,59.3161210986,0.186121098585
20.0,98.5,63.73,61.0750126988,-2.65498730123
22.0,98.5,66.58,66.8148944164,0.234894416369
23.0,98.5,63.33,61.4187300615,-1.9112699385
24.0,98.5,62.55,63.9970458634,1.44704586342
25.0,98.5,63.68,65.8136730716,2.13367307156
27.0,98.5,65.29,74.7473342139,9.45733421393
28.0,98.5,69.11,65.3710003514,-3.73899964862
19.0,102.5,62.99,67.7400260624,4.75002606235
20.0,102.5,67.12,66.8882276919,-0.231772308126
24.0,102.5,62.08,69.0089848577,6.9289848577
25.0,102.5,64.59,64.8679833151,0.27798331514
26.0,102.5,68.54,60.3956079632,-8.1443920368
27.0,102.5,64.45,68.0681011826,3.61810118258
