gps_eastings_UTMzone17N,gps_northings_UTMzone17N,actual_Ash,predicted_Ash,prediction_diff
340657.36925,3832647.82625,3.11,2.51374065244,-0.596259347559
340658.857125,3832652.01375,2.68,2.76936102486,0.0893610248593
340660.4055,3832656.37375,3.39,3.05909408892,-0.330905911084
340662.024125,3832660.58,4.35,3.34314038145,-1.00685961855
340663.54325,3832664.865,3.5,3.1704191767,-0.3295808233
340666.651625,3832673.62875,1.97,2.84293916006,0.87293916006
340668.227375,3832678.07375,2.9,2.73663036909,-0.16336963091
340669.763625,3832682.4025,3.11,2.93610640723,-0.173893592771
340672.707375,3832690.71,3.61,2.97842486511,-0.631575134892
340674.289625,3832695.1725,3.13,3.45714669459,0.327146694587
340675.80925,3832699.4575,3.3,3.31732862948,0.0173286294805
340677.24775,3832703.51,3.55,2.75462055452,-0.795379445478
340678.79225,3832707.8675,1.94,3.11724458723,1.17724458723
340681.877875,3832716.5725,2.15,2.35396962788,0.203969627878
340683.3845,3832720.81875,1.05,2.43751963276,1.38751963276
340684.892,3832725.07,2.52,2.68683974264,0.16683974264
340686.475125,3832729.535,3.79,2.26823541672,-1.52176458328
340688.06125,3832734.00875,1.72,2.57743356474,0.857433564744
340689.573625,3832738.275,2.28,2.06638393323,-0.213616066774
340692.63525,3832746.90625,3.62,2.42388099172,-1.19611900828
340694.176375,3832751.25625,1.6,3.13812808715,1.53812808715
340695.681125,3832755.5,4.24,2.22994018618,-2.01005981382
340697.21225,3832759.815,2.35,3.55163583588,1.20163583588
340698.702125,3832764.0175,3.69,2.74534252568,-0.944657474324
340700.151125,3832768.3325,3.21,2.90924565343,-0.300754346573
340701.64,3832772.52375,5.33,3.19521094423,-2.13478905577
340703.117,3832776.6825,3.59,2.95997600513,-0.630023994866
340704.637625,3832780.96875,2.66,3.0168635887,0.356863588699
340654.725375,3832648.66375,2.48,2.57843587635,0.0984358763452
340656.217,3832652.87,2.45,2.64957602603,0.199576026031
340657.762375,3832657.23,3.41,2.86968126133,-0.540318738666
340660.900375,3832665.6825,2.98,3.31289683461,0.332896834613
340662.434625,3832670.01375,3.08,2.69133103092,-0.388668969079
340663.976625,3832674.3675,2.98,2.51800740194,-0.461992598056
340667.087125,3832683.15875,3.04,3.03115097056,-0.00884902943648
340668.586375,3832687.39,2.45,3.27467604872,0.824676048724
340673.13775,3832700.2425,3.24,2.97771124964,-0.262288750361
340674.547,3832704.22,2.56,3.23737850332,0.677378503318
340676.096625,3832708.6,3.32,2.28776296837,-1.03223703163
340677.661,3832713.0175,2.36,2.58780320095,0.227803200951
340679.204,3832717.37625,3.75,2.12315793136,-1.62684206864
340680.714375,3832721.6425,2.01,2.4104703525,0.400470352505
340682.21675,3832725.88375,0.66,2.59299621491,1.93299621491
340683.79,3832730.3275,1.97,2.29872573175,0.328725731755
340686.884375,3832739.06875,2.9,1.98996133722,-0.910038662783
340688.39225,3832743.32375,1.48,2.52106718799,1.04106718799
340689.941,3832747.7,2.49,2.83194276749,0.34194276749
340691.471625,3832752.02375,2.84,2.41036778483,-0.429632215171
340692.984625,3832756.29625,1.66,2.87968138628,1.21968138628
340694.519125,3832760.63,3.32,2.43333276998,-0.886667230025
340695.998,3832764.80625,2.57,3.25518249673,0.685182496732
340697.447375,3832769.16,2.47,2.94666819122,0.476668191217
340698.936375,3832773.35625,1.83,2.94119182254,1.11119182254
340700.409625,3832777.5125,2.85,3.1563921647,0.306392164698
340701.927625,3832781.79375,2.99,2.74249513373,-0.247504866268
340651.95625,3832649.77375,2.25,2.37156579213,0.121565792127
340653.442375,3832653.96875,2.4,2.72925119466,0.329251194657
340656.590875,3832662.60875,2.62,3.34776476354,0.727764763543
340658.10975,3832666.89625,3.04,2.95273826105,-0.0872617389548
340661.17275,3832675.55125,2.44,3.0694420053,0.629442005303
340662.762625,3832680.04125,2.86,2.93597832458,0.0759783245754
340664.273125,3832684.315,3.41,2.80977036691,-0.600229633086
340665.77825,3832688.56625,3.09,2.70339623947,-0.386603760531
340667.282375,3832692.815,3.06,2.66393261109,-0.396067388908
340670.33075,3832701.4225,2.62,2.81571477213,0.195714772129
340671.75075,3832705.435,3.11,2.70771124713,-0.402288752874
340673.294,3832709.79625,2.3,2.7232922713,0.423292271303
340674.86025,3832714.225,3.07,2.44431750161,-0.625682498387
340676.404125,3832718.5825,2.16,2.68364560067,0.523645600673
340677.908375,3832722.835,2.39,2.10433488119,-0.285665118811
340682.5475,3832735.93875,1.77,2.64089096297,0.870890962968
340684.071625,3832740.24625,1.77,2.05088252544,0.280882525437
340685.592,3832744.54,2.07,2.11745575105,0.0474557510535
340687.1455,3832748.92875,2.85,2.23843355224,-0.61156644776
340688.662125,3832753.21375,2.21,2.54872831158,0.33872831158
340690.158375,3832757.44,2.31,2.54140913064,0.231409130637
340691.69625,3832761.7875,3.05,2.33929814481,-0.71070185519
340693.194625,3832766.02,2.71,2.43358476203,-0.276415237969
340694.664375,3832770.335,2.63,2.45853699084,-0.171463009156
340696.157125,3832774.54625,3.13,2.47007029269,-0.659929707314
340697.63675,3832778.7225,1.37,2.97177931872,1.60177931872
340699.155375,3832783.0125,2.72,2.61535016734,-0.104649832655
340649.202375,3832650.48125,1.62,2.55013291531,0.930132915307
340650.703625,3832654.72,2.56,2.88738451027,0.327384510269
340652.245375,3832659.07375,4.51,2.77719210169,-1.73280789831
340655.347125,3832667.5675,2.89,2.95380037696,0.0638003769609
340656.876125,3832671.8875,3.47,2.90050243545,-0.569497564547
340658.415125,3832676.2375,3.13,3.31252450151,0.182524501514
340661.513,3832685.0,2.47,3.18910430532,0.719104305318
340663.015375,3832689.24125,2.56,3.01050462336,0.450504623358
340666.073875,3832697.88625,2.36,2.81740525215,0.45740525215
340667.573625,3832702.12625,2.7,2.70607075611,0.00607075611217
340668.995,3832706.14,2.78,2.6653417233,-0.114658276701
340670.54075,3832710.51,1.68,2.86507455609,1.18507455609
340672.093875,3832714.9025,2.68,2.82188589933,0.141885899332
340673.630375,3832719.24625,2.64,2.88024025279,0.240240252786
340675.140625,3832723.51375,2.23,2.5568963881,0.326896388095
340676.64525,3832727.7675,3.0,2.13156655257,-0.868433447435
340678.215,3832732.2025,3.29,2.22965441519,-1.06034558481
340679.781,3832736.63125,4.12,2.15063123627,-1.96936876373
340681.298625,3832740.92,1.92,2.28050595583,0.360505955829
340682.81225,3832745.1975,2.41,1.93190545381,-0.478094546189
340684.357,3832749.56375,2.11,2.44956426676,0.339564266756
340685.885375,3832753.88375,2.32,2.23410128555,-0.0858987144467
340687.402125,3832758.1725,2.17,2.22862243206,0.0586224320626
340688.935,3832762.50625,2.14,2.47127677583,0.331276775835
340690.416625,3832766.6925,0.49,2.37844324598,1.88844324598
340691.877375,3832771.0,2.23,2.41213672066,0.182136720664
340693.370625,3832775.21375,2.01,2.67821997035,0.668219970354
340694.85,3832779.3925,3.22,2.16471617744,-1.05528382256
340696.37,3832783.68375,1.95,2.99920816716,1.04920816716
340646.2765,3832651.48875,3.36,2.58858872075,-0.771411279253
340647.78925,3832655.76375,4.02,2.73999192456,-1.28000807544
340649.328625,3832660.11,2.77,3.26750296527,0.497502965269
340650.865375,3832664.29125,2.68,2.8723975111,0.192397511105
340652.377625,3832668.565,2.76,2.63899987202,-0.121000127981
340653.902,3832672.87375,3.3,2.9180663099,-0.381933690096
340655.423375,3832677.17375,2.9,3.53332341868,0.633323418683
340657.00725,3832681.65125,3.49,3.27457702421,-0.215422975786
340658.562375,3832686.05,4.03,2.95439333546,-1.07560666454
340660.06425,3832690.2925,2.9,2.96572485579,0.0657248557857
340661.574875,3832694.56,3.81,2.6377179046,-1.1722820954
340663.155875,3832699.0275,3.1,2.36553628985,-0.734463710146
340664.65625,3832703.27,1.96,2.97106534696,1.01106534696
340666.07375,3832707.2725,4.31,2.86037134741,-1.44962865259
340667.621,3832711.6475,2.55,2.83212254469,0.282122544691
340669.16025,3832715.995,3.33,2.76642015568,-0.563579844322
340670.666125,3832720.2525,3.47,2.98558532541,-0.484414674595
340672.171375,3832724.5075,2.62,2.46612491516,-0.153875084842
340673.698875,3832728.8225,1.66,2.63476032351,0.974760323513
340675.271625,3832733.2675,2.29,3.05927818874,0.76927818874
340676.821875,3832737.6525,1.77,2.94119538091,1.17119538091
340678.371875,3832742.02875,3.17,1.92014663569,-1.24985336431
340679.882,3832746.29875,3.21,1.88027239028,-1.32972760972
340681.397625,3832750.58125,2.11,2.38670737432,0.276707374321
340682.926875,3832754.90375,2.47,2.34201723776,-0.127982762237
340684.446125,3832759.1975,2.0,2.36143812487,0.361438124873
340685.98325,3832763.5425,2.45,2.24934729562,-0.200652704384
340687.469,3832767.74125,2.27,2.34055502603,0.0705550260335
340688.943875,3832772.015,3.35,2.28940851033,-1.06059148967
340690.431625,3832776.21375,2.73,2.52137563052,-0.208624369478
340691.914,3832780.4025,2.82,2.38196365233,-0.438036347669
340693.447625,3832784.735,2.93,2.58443785554,-0.345562144457
340643.636,3832652.24,3.09,2.80416916482,-0.285830835176
340645.150125,3832656.51875,1.62,3.09255858816,1.47255858816
340646.6925,3832660.8725,3.53,2.86241193808,-0.667588061924
340648.226125,3832665.0975,2.8,2.44817705298,-0.351822947022
340649.75225,3832669.41,2.22,2.55937626481,0.339376264809
340651.287375,3832673.745,1.32,3.22622714129,1.90622714129
340652.852125,3832678.1675,3.87,3.50196369222,-0.368036307777
340654.455625,3832682.7,3.6,3.46712931762,-0.132870682376
340655.888875,3832686.7525,2.8,3.25064485316,0.450644853158
340657.397625,3832691.01375,3.53,2.80648991144,-0.723510088555
340658.91425,3832695.2975,2.81,3.06020640121,0.250206401213
340660.460125,3832699.6675,2.19,2.88295032077,0.692950320768
340661.97225,3832703.94,2.73,2.76792572362,0.0379257236155
340663.41625,3832708.0175,3.11,3.28138212139,0.171382121387
340664.935,3832712.31375,3.57,3.07007737594,-0.499922624064
340666.48425,3832716.68625,2.27,3.35708183879,1.08708183879
340668.03375,3832721.06625,3.19,2.72399898834,-0.466001011664
340669.54275,3832725.33,2.26,2.75797707816,0.497977078162
340671.04675,3832729.58,2.82,2.31107403845,-0.508925961546
340672.59575,3832733.9575,2.47,2.67902244952,0.209022449517
340674.152,3832738.35625,2.95,2.41329192275,-0.536708077253
340675.687375,3832742.69125,2.06,2.44551238111,0.38551238111
340677.20275,3832746.975,1.92,2.29022137843,0.37022137843
340678.7355,3832751.30875,2.25,2.6731959177,0.423195917695
340680.24925,3832755.58375,3.42,2.4959789304,-0.924021069596
340681.799,3832759.96,1.84,2.57328176237,0.733281762368
340683.34025,3832764.3175,3.54,2.49044806079,-1.04955193921
340684.823375,3832768.5075,1.88,2.65828262326,0.778282623265
340686.320375,3832772.8125,1.93,2.47611593478,0.54611593478
340687.81475,3832777.03125,2.2,3.0344831922,0.834483192198
340689.293625,3832781.2075,2.49,2.95017234171,0.460172341712
340690.804875,3832785.47875,3.91,2.28139450427,-1.62860549573
340640.976125,3832653.20375,1.89,3.41260426829,1.52260426829
340642.502375,3832657.525,3.07,2.85464072423,-0.215359275768
340644.052625,3832661.91125,2.76,3.2838677406,0.523867740596
340645.566125,3832666.13875,1.87,2.6778903062,0.807890306196
340647.087125,3832670.44375,2.12,2.69414711101,0.574147111011
340648.619625,3832674.7825,3.1,2.99257166814,-0.107428331856
340650.1365,3832679.07625,3.97,3.48720186654,-0.482798133455
340651.697,3832683.49125,2.11,3.52363357572,1.41363357572
340653.214375,3832687.79,2.91,3.28199558743,0.371995587426
340654.725,3832692.06375,2.62,3.47523135014,0.855231350141
340656.246625,3832696.37125,2.84,3.11556040911,0.275560409111
340657.7895,3832700.73625,3.28,2.7673298943,-0.512670105695
340659.2865,3832704.975,3.35,2.68911586549,-0.660884134513
340660.7295,3832709.055,3.44,2.82406745285,-0.615932547154
340662.29025,3832713.475,3.27,2.8951310744,-0.374868925595
340663.821,3832717.81,2.98,2.82791226191,-0.152087738089
340665.330125,3832722.0775,-2.86,2.88595529783,5.74595529783
340666.847875,3832726.37625,3.36,2.24663095816,-1.11336904184
340668.37075,3832730.6875,2.59,2.54021309353,-0.0497869064719
340669.939,3832735.1225,2.98,2.75795250011,-0.222047499886
340671.4645,3832739.44125,2.51,2.77743400019,0.267434000188
340672.968625,3832743.7,1.98,2.2785236224,0.298523622404
340674.511,3832748.065,1.2,2.43388234543,1.23388234543
340676.05175,3832752.425,3.16,2.62409665651,-0.535903343489
340677.583875,3832756.76125,2.97,2.98249222191,0.0124922219089
340679.118375,3832761.02667,2.15,2.56895947423,0.418959474229
340680.62775,3832765.3775,2.96,1.87271031939,-1.08728968061
340682.091875,3832769.5225,3.72,2.07013843006,-1.64986156994
340683.581375,3832773.7775,3.12,2.40615269738,-0.713847302618
340685.078125,3832778.01625,3.8,2.70012148989,-1.09987851011
340686.5475,3832782.17125,2.95,2.27040704076,-0.679592959239
340688.069125,3832786.48125,1.38,2.59553619116,1.21553619116
340637.955,3832654.18375,3.52,2.73391393625,-0.786086063748
340639.4715,3832658.47875,5.55,2.9834220688,-2.5665779312
340640.99,3832662.78,3.82,3.22647190047,-0.593528099527
340642.495875,3832667.0325,3.21,3.04557766364,-0.164422336359
340644.03175,3832671.3825,3.02,2.62607466702,-0.393925332981
340645.535125,3832675.64,2.96,3.13769328771,0.177693287706
340647.059625,3832679.955,4.38,3.31758600065,-1.06241399935
340648.620375,3832684.37625,4.04,2.9324440977,-1.1075559023
340650.127625,3832688.645,3.34,2.91767936373,-0.422320636273
340651.645625,3832692.9425,4.06,3.14354739461,-0.916452605388
340653.163875,3832697.2425,3.48,3.06093784079,-0.419062159211
340654.699875,3832701.59,3.05,2.91004389948,-0.139956100521
340656.2,3832705.8375,2.24,3.0886512539,0.848651253895
340657.56575,3832709.7,2.41,3.06635098835,0.656350988352
340659.14625,3832714.1825,1.08,2.96358123775,1.88358123775
340660.722875,3832718.645,3.15,2.81961643929,-0.330383560712
340662.266375,3832723.01375,2.1,2.70242102398,0.602421023978
340663.786125,3832727.32,2.25,2.78705418929,0.537054189295
340665.282,3832731.5525,0.87,3.05308195236,2.18308195236
340666.843375,3832735.9775,3.13,3.24130740627,0.111307406273
340668.392125,3832740.35875,3.31,2.77775608445,-0.532243915546
340669.88575,3832744.58875,2.56,2.30083949203,-0.25916050797
340671.3905,3832748.84875,2.89,2.449946591,-0.440053408995
340672.938,3832753.23375,2.76,3.29235178081,0.532351780811
340674.485375,3832757.61375,4.22,2.97777076601,-1.24222923399
340676.015625,3832761.9475,3.48,2.51313024678,-0.966869753216
340677.5485,3832766.28875,-0.57,2.1619040272,2.7319040272
340679.03525,3832770.49875,1.82,2.27842369457,0.45842369457
340680.513875,3832774.6975,2.38,2.72373206222,0.343732062217
340682.012875,3832778.94375,1.83,2.70814839047,0.878148390467
340683.5095,3832783.1825,3.19,1.73796865664,-1.45203134336
340685.032125,3832787.49,1.83,1.64315984582,-0.186840154176
340635.399875,3832654.99125,2.55,3.1172932745,0.567293274503
340636.933375,3832659.34,3.32,3.25707716498,-0.0629228350181
340638.472125,3832663.705,1.21,3.63860844278,2.42860844278
340639.949875,3832667.94875,4.26,3.14867326518,-1.11132673482
340641.477125,3832672.2775,2.43,2.84017356423,0.410173564228
340642.987875,3832676.56375,3.37,2.72830766156,-0.641692338435
340644.519125,3832680.90625,2.52,3.23289171045,0.712891710447
340646.084875,3832685.34625,2.62,3.11474222149,0.494742221492
340647.592875,3832689.625,2.59,3.09693103127,0.506931031273
340649.10725,3832693.91875,4.14,3.48085138959,-0.659148610407
340650.636375,3832698.2575,3.26,3.47934934094,0.219349340942
340652.169625,3832702.6025,1.99,3.1578619726,1.1678619726
340653.661,3832706.8325,3.2,2.67467088504,-0.525329114965
340655.1325,3832711.00875,1.34,2.88984570362,1.54984570362
340656.6615,3832715.34375,2.77,2.157634514,-0.612365485997
340658.14875,3832719.56,2.61,2.62614824067,0.016148240671
340659.686375,3832723.9225,3.35,2.40483334931,-0.945166650689
340661.231625,3832728.305,3.28,2.31250881701,-0.967491182993
340662.716625,3832732.51625,3.43,2.9030032637,-0.526996736298
340664.277,3832736.94125,4.05,3.2824139078,-0.767586092197
340665.84125,3832741.37625,2.54,2.68308216468,0.143082164676
340667.355875,3832745.67125,2.21,2.42447606467,0.214476064672
340668.878375,3832749.9925,3.03,2.8344092667,-0.195590733297
340670.395,3832754.29375,3.42,3.13007623201,-0.289923767988
340671.911625,3832758.59375,2.53,3.40130251833,0.871302518331
340673.438875,3832762.92625,2.6,2.21559984933,-0.384400150665
340674.97825,3832767.29,0.28,1.720901738,1.440901738
340676.464125,3832771.5075,1.51,1.94888888539,0.438888885393
340677.929875,3832775.64,2.26,2.34752573326,0.087525733264
340679.420875,3832779.87125,2.82,2.35694310632,-0.463056893683
340680.9095,3832784.095,-0.64,2.16250186185,2.80250186185
340682.438,3832788.42875,0.84,1.81609869553,0.976098695533
340632.633,3832655.93875,2.94,2.80962264256,-0.130377357435
340634.163875,3832660.27875,3.13,2.90923378713,-0.220766212873
340635.693625,3832664.61625,3.45,3.40213812701,-0.0478618729939
340637.157625,3832668.89,3.46,3.36720414675,-0.0927958532518
340638.687875,3832673.22375,2.33,3.17615779978,0.846157799784
340640.201,3832677.5125,2.59,3.22940769776,0.63940769776
340641.731,3832681.84625,1.34,2.79400148433,1.45400148433
340643.294,3832686.27625,1.84,2.94171523626,1.10171523626
340644.790625,3832690.52,2.74,3.23032371712,0.490323717118
340646.302625,3832694.8,3.73,3.27715433504,-0.452845664962
340647.833625,3832699.1375,2.19,3.46682431241,1.27682431241
340649.374375,3832703.50375,2.98,3.04621269638,0.0662126963757
340650.88125,3832707.7725,3.27,2.8683422019,-0.401657798095
340652.339,3832711.91,2.86,2.53690036667,-0.323099633327
340653.87325,3832716.25,1.98,2.78937625734,0.809376257339
340655.391,3832720.5525,2.48,2.82407075766,0.34407075766
340656.91,3832724.85625,2.64,2.69704630157,0.0570463015703
340658.419875,3832729.13375,1.77,2.96456139097,1.19456139097
340659.93075,3832733.4175,2.88,3.22908039457,0.349080394571
340661.489375,3832737.8325,3.36,3.12402691088,-0.235973089125
340663.031,3832742.2,1.47,2.60891969187,1.13891969187
340664.541125,3832746.48,2.2,2.36402384781,0.164023847806
340666.07275,3832750.8175,2.51,2.74245561048,0.23245561048
340667.604,3832755.15625,-0.84,3.16374370541,4.00374370541
340669.126125,3832759.47,3.35,2.78652399628,-0.563476003723
340670.655625,3832763.8025,2.38,2.26186404342,-0.118135956583
340672.183,3832768.1325,0.62,1.63673661836,1.01673661836
340673.672625,3832772.3525,2.74,1.56531522441,-1.17468477559
340675.167625,3832776.52,2.62,1.69538193899,-0.924618061011
340676.674,3832780.79125,2.19,1.92634222198,-0.263657778019
340678.171125,3832785.0375,0.36,1.66496982947,1.30496982947
340679.697375,3832789.36375,2.48,1.35663761547,-1.12336238453
340629.882625,3832656.90125,2.03,2.77419160339,0.744191603392
340631.42475,3832661.27375,2.35,2.80493272373,0.454932723728
340632.94275,3832665.5825,3.46,3.05951913282,-0.400480867183
340634.385875,3832669.81125,3.4,3.12965456819,-0.270345431806
340635.932,3832674.1975,2.82,3.16935133391,0.349351333909
340637.455625,3832678.515,4.68,2.58183694912,-2.09816305088
340638.984375,3832682.8475,3.95,2.77511281327,-1.17488718673
340640.526625,3832687.22125,4.92,2.40565698606,-2.51434301394
340642.012375,3832691.435,2.4,2.96421770034,0.564217700335
340643.53675,3832695.75375,4.47,2.90899809029,-1.56100190971
340645.064625,3832700.085,3.23,2.95042837601,-0.279571623993
340646.598625,3832704.4325,2.96,2.81530855208,-0.144691447925
340648.12275,3832708.75375,2.79,2.63837845406,-0.151621545939
340649.57025,3832712.86,0.74,2.90727050801,2.16727050801
340651.0775,3832717.13,3.01,2.52538129811,-0.484618701892
340652.61875,3832721.495,2.69,2.82777559871,0.137775598706
340654.148375,3832725.8325,4.82,2.52936388356,-2.29063611644
340655.6605,3832730.12,2.35,2.78142960983,0.43142960983
340657.16625,3832734.39,3.11,2.88536394705,-0.224636052948
340658.72775,3832738.815,3.21,3.10876020785,-0.101239792146
340660.263875,3832743.16875,1.14,2.52992748863,1.38992748863
340661.764375,3832747.42125,2.72,2.33290977012,-0.387090229877
340663.30175,3832751.77625,2.85,2.61967164479,-0.230328355214
340664.83525,3832756.1275,2.42,3.16867558538,0.748675585377
340666.353,3832760.43125,4.18,2.76084293066,-1.41915706934
340667.888625,3832764.7825,2.15,2.55220327035,0.402203270353
340669.43025,3832769.15,2.72,1.46654206664,-1.25345793336
340670.897,3832773.30875,1.05,1.81363912591,0.763639125909
340672.388375,3832777.4575,0.5,2.32686444344,1.82686444344
340673.901375,3832781.75125,2.14,1.91964066738,-0.220359332619
340675.39175,3832785.9775,0.3,1.47854390403,1.17854390403
340676.917125,3832790.305,2.04,1.63115680612,-0.40884319388
340627.53225,3832657.50625,2.95,2.66317099955,-0.286829000448
340629.068375,3832661.875,2.58,2.93217114201,0.352171142011
340630.598625,3832666.225,2.58,3.13575742396,0.555757423963
340632.05525,3832670.565,3.06,3.12149322717,0.0614932271676
340633.590625,3832674.9275,2.93,2.97388657452,0.0438865745172
340635.089375,3832679.185,3.14,2.70699263917,-0.433007360827
340636.611625,3832683.51125,2.08,3.02163736257,0.941637362573
340638.169,3832687.93375,4.87,2.5731425053,-2.2968574947
340639.659375,3832692.17,3.2,2.5639970136,-0.636002986401
340641.182875,3832696.49875,2.71,2.7921389985,0.0821389985017
340642.739125,3832700.92,2.65,2.80648389443,0.156483894431
340644.263,3832705.25,2.8,2.71276501218,-0.0872349878186
340645.754,3832709.485,1.68,2.63806768374,0.958067683736
340647.22075,3832713.655,4.25,2.75751177384,-1.49248822616
340648.73525,3832717.95625,3.09,2.85948800111,-0.230511998886
340650.2285,3832722.19875,3.13,2.77397184077,-0.356028159232
340651.735125,3832726.47625,2.74,3.11262229082,0.372622290817
340654.779,3832735.125,2.73,3.04274077148,0.312740771485
340656.331875,3832739.5375,2.86,2.96763667917,0.107636679174
340657.874,3832743.91875,3.48,2.59023464549,-0.889765354508
340659.345875,3832748.0975,1.93,2.60422400622,0.67422400622
340660.87925,3832752.4575,2.57,2.99358496364,0.423584963638
340662.41725,3832756.82875,3.65,2.51053623533,-1.13946376467
340663.910625,3832761.06875,2.32,2.66352096233,0.343520962331
340665.424125,3832765.37,2.56,2.21057094084,-0.34942905916
340666.945125,3832769.69125,1.95,2.09459362967,0.144593629673
340671.491375,3832782.49625,0.75,2.10074448894,1.35074448894
340672.9935,3832786.7675,2.05,1.83185611984,-0.218143880155
340674.523375,3832791.11875,1.5,1.97313628215,0.473136282147
340624.234125,3832658.58875,3.81,2.97519380359,-0.834806196406
340625.7845,3832662.98875,3.49,2.83526488733,-0.654735112668
340627.303,3832667.29875,3.09,2.85472086229,-0.23527913771
340628.728875,3832671.58625,3.4,2.80111160183,-0.598888398167
340630.27925,3832675.9825,1.49,3.3574179591,1.8674179591
340631.779875,3832680.23875,1.97,3.48641600207,1.51641600207
340633.286875,3832684.515,3.09,3.39041843443,0.300418434427
340634.842125,3832688.92375,2.43,3.4702370093,1.0402370093
340636.346375,3832693.195,2.81,3.09952509921,0.289525099209
340637.867625,3832697.505,1.76,2.8139885011,1.0539885011
340639.41575,3832701.8975,2.59,2.53154673504,-0.0584532649606
340640.946125,3832706.23625,1.83,2.68245440001,0.852454400007
340642.45775,3832710.5275,0.24,2.59029548045,2.35029548045
340643.94725,3832714.7525,2.91,2.57931253913,-0.330687460875
340645.47175,3832719.0725,2.82,3.23422729765,0.41422729765
340646.977875,3832723.3475,2.63,3.29845764093,0.668457640934
340648.488125,3832727.63,3.52,2.84507584629,-0.674924153715
340649.986625,3832731.87875,3.39,2.87645692324,-0.513543076755
340651.487375,3832736.135,2.98,2.74056943445,-0.239430565549
340653.05175,3832740.575,3.1,2.78298319479,-0.317016805207
340654.60175,3832744.97125,2.25,2.93098401029,0.680984010291
340656.089625,3832749.19125,3.15,2.36624629137,-0.783753708625
340657.6235,3832753.54,3.88,2.62458769467,-1.25541230533
340659.15425,3832757.88375,3.13,2.2248856419,-0.905114358099
340660.661875,3832762.15875,-0.27,2.19991713322,2.46991713322
340662.201375,3832766.525,2.43,2.03645955262,-0.393540447383
340663.73025,3832770.8625,2.03,2.55334224232,0.523342242322
340666.738375,3832779.2525,2.48,1.96088309074,-0.519116909256
340668.270625,3832783.60625,2.43,2.36330601821,-0.0666939817875
340669.75875,3832787.8325,1.95,2.42810934894,0.478109348939
340671.285125,3832792.16375,0.84,2.5622648162,1.7222648162
340621.4805,3832659.50875,3.13,3.38629419453,0.256294194526
340623.016125,3832663.86875,3.0,2.89257674041,-0.107423259591
340624.525375,3832668.155,3.19,2.95929627835,-0.230703721649
340625.950625,3832672.4975,2.44,3.08561486847,0.645614868472
340627.499875,3832676.89125,3.09,3.46323734342,0.373237343418
340628.994,3832681.13,3.77,2.89982491007,-0.870175089929
340630.51275,3832685.43625,5.01,3.28829072398,-1.72170927602
340632.074375,3832689.86625,4.3,3.4940788857,-0.805921114303
340633.540375,3832694.025,3.18,3.12050296796,-0.0594970320449
340635.0685,3832698.35875,2.6,2.41556705097,-0.184432949033
340636.645375,3832702.82875,2.72,2.53938441266,-0.180615587338
340638.184375,3832707.1925,3.15,2.66317006499,-0.486829935005
340639.71675,3832711.5425,2.58,2.89616492926,0.316164929265
340641.08625,3832715.4275,2.73,2.60788029991,-0.122119700095
340642.62875,3832719.8025,2.92,3.1313649327,0.211364932698
340644.16825,3832724.165,3.44,3.06230836764,-0.377691632357
340645.693,3832728.49125,2.48,3.14156742039,0.661567420394
340647.192625,3832732.745,2.97,2.87052785657,-0.099472143427
340648.6705,3832736.935,2.26,2.6140847771,0.354084777098
340650.218,3832741.32375,3.29,2.85780971163,-0.432190288367
340651.772625,3832745.73375,2.91,2.82936808132,-0.0806319186829
340653.279875,3832750.00625,-0.3,3.04507082783,3.34507082783
340656.31525,3832758.61625,1.44,2.24980826719,0.809808267187
340657.872875,3832763.03625,-1.16,1.78036371906,2.94036371906
340660.93475,3832771.72,2.87,2.05257030848,-0.817429691523
340662.431625,3832775.96375,-0.56,2.43085850852,2.99085850852
340663.912875,3832779.9875,2.27,1.96553145155,-0.304468548446
340665.419375,3832784.26875,2.92,2.49261449848,-0.427385501517
340666.954,3832788.6275,3.17,2.80403342945,-0.365966570546
340668.4875,3832792.9825,3.65,2.34751813066,-1.30248186934
340618.7585,3832660.45625,3.2,3.19547662572,-0.00452337427598
340620.315125,3832664.88,2.51,2.99795943259,0.487959432593
340621.827625,3832669.1775,2.77,3.00282216626,0.232822166258
340623.205125,3832673.43125,3.11,2.66791923691,-0.442080763091
340624.725625,3832677.7475,4.72,2.83854637584,-1.88145362416
340626.198625,3832681.93,3.62,2.85395768928,-0.766042310722
340627.723625,3832686.26,3.15,3.67185640453,0.521856404526
340629.3,3832690.73625,3.77,3.40345414939,-0.366545850606
340630.808125,3832695.02,4.47,2.84106889391,-1.62893110609
340632.313875,3832699.29125,4.39,2.39965644748,-1.99034355252
340633.839125,3832703.625,2.29,2.83612170214,0.546121702142
340635.340375,3832707.8875,4.01,2.89311745399,-1.11688254601
340636.861,3832712.205,3.29,3.02920935577,-0.260790644232
340638.37475,3832716.505,3.13,2.68899931526,-0.441000684742
340639.8745,3832720.76125,3.6,2.7997475313,-0.800252468702
340641.352,3832724.955,2.89,2.8682293971,-0.021770602902
340642.852875,3832729.215,2.74,3.01734349234,0.277343492336
340644.363125,3832733.5025,3.51,2.6531497085,-0.856850291495
340645.885,3832737.825,1.62,2.79437495995,1.17437495995
340647.443625,3832742.2475,1.14,2.8714803119,1.7314803119
340648.97425,3832746.59625,2.88,2.4839370558,-0.396062944196
340650.489375,3832750.8975,3.47,2.18333734108,-1.28666265892
340652.0315,3832755.275,1.04,3.17231439706,2.13231439706
340653.53,3832759.53,2.49,2.09430733013,-0.395692669868
340655.017375,3832763.75125,1.3,2.06701630455,0.767016304548
340656.56675,3832768.1525,2.02,2.08111120621,0.0611112062112
340658.10225,3832772.5125,3.2,1.81199694438,-1.38800305562
340659.613625,3832776.8025,3.01,1.94992501089,-1.06007498911
340661.128625,3832780.90125,1.76,2.43945910578,0.679459105777
340662.62325,3832785.15625,2.24,2.87923215427,0.639232154273
340664.142625,3832789.4725,3.1,3.21295479794,0.112954797942
340665.680375,3832793.84625,3.07,2.92942246614,-0.140577533858
340616.063625,3832661.39375,3.27,2.94453526623,-0.325464733772
340617.624,3832665.83625,3.73,2.59932515333,-1.13067484667
340619.142,3832670.15625,3.22,2.4100372639,-0.809962736101
340620.484625,3832674.4975,1.91,2.97285038287,1.06285038287
340622.028,3832678.8825,2.83,2.89219771277,0.0621977127692
340623.525625,3832683.13625,2.58,3.17354064637,0.593540646369
340625.046625,3832687.45625,3.14,2.92969593276,-0.21030406724
340626.593625,3832691.85,3.06,2.81343455641,-0.246565443586
340628.068,3832696.04,2.56,2.55414960102,-0.00585039898324
340629.59,3832700.36,2.17,2.59894896164,0.428948961638
340631.148375,3832704.7875,2.66,2.75720322768,0.0972032276756
340632.675125,3832709.12375,2.92,3.15914863853,0.239148638534
340634.18875,3832713.4225,3.27,3.01861153098,-0.251388469022
340635.683,3832717.67,1.84,2.98692129289,1.14692129289
340637.205625,3832721.99,2.7,2.7072017616,0.00720176160368
340638.688,3832726.2025,2.48,2.68297751679,0.202977516787
340640.189625,3832730.4675,3.12,2.26540351133,-0.854596488665
340641.699,3832734.75625,2.68,2.75256111955,0.0725611195487
340643.21625,3832739.0625,2.0,2.97604277914,0.97604277914
340644.764,3832743.4625,3.94,2.5585714722,-1.3814285278
340646.281,3832747.77,0.94,2.53791520992,1.59791520992
340647.784,3832752.03875,1.34,2.60751071076,1.26751071076
340649.33275,3832756.4375,3.37,2.2290321273,-1.1409678727
340652.367,3832765.05625,-1.78,2.35525599317,4.13525599317
340653.908875,3832769.43625,3.44,1.67698019434,-1.76301980566
340655.43,3832773.75625,0.45,2.72485916651,2.27485916651
340656.929,3832778.0125,2.05,2.38202357906,0.332023579059
340658.457625,3832782.05,1.06,2.58027786948,1.52027786948
340659.977375,3832786.37,3.61,2.81132906947,-0.798670930534
340661.493,3832790.6825,3.19,3.10794574497,-0.082054255028
340663.024375,3832795.04375,1.92,2.85897170647,0.938971706466
340613.23575,3832662.39625,2.67,2.89445007012,0.224450070121
340614.796375,3832666.8475,2.12,2.50435249522,0.384352495216
340616.304125,3832671.15,2.27,2.87554972905,0.605549729052
340617.650875,3832675.42875,2.92,2.42790837762,-0.492091622382
340619.187375,3832679.80625,2.66,2.94097576793,0.280975767935
340620.686375,3832684.0725,2.3,2.96225334804,0.662253348036
340622.216,3832688.43,2.91,2.9173938471,0.00739384710284
340623.75,3832692.79875,1.9,2.67635734797,0.776357347973
340625.220125,3832696.9875,1.97,2.52061330531,0.550613305315
340626.743125,3832701.32375,2.26,2.90763213509,0.647632135094
340628.271125,3832705.675,3.26,2.6559092486,-0.604090751401
340629.78525,3832709.9875,2.89,3.06105030602,0.171050306019
340631.33475,3832714.4,3.19,2.78733964133,-0.40266035867
340632.895,3832718.8475,0.04,2.9695285027,2.9295285027
340634.4145,3832723.175,1.81,2.65927996729,0.849279967289
340635.84725,3832727.25375,3.16,1.93452843104,-1.22547156896
340637.315125,3832731.43375,1.5,2.58226338518,1.08226338518
340638.805625,3832735.68,2.64,2.85724037226,0.217240372262
340640.33175,3832740.02625,3.23,2.87083356199,-0.359166438015
340641.882375,3832744.4425,3.77,2.60104579845,-1.16895420155
340644.821875,3832752.81125,2.35,1.78968167923,-0.560318320773
340646.4035,3832757.31625,2.39,2.25838578139,-0.131614218609
340647.97725,3832761.80125,2.8,2.74545846509,-0.0545415349117
340649.515375,3832766.18375,3.2,2.40816782739,-0.791832172609
340651.044625,3832770.5375,0.48,2.52054861148,2.04054861148
340652.5265,3832774.7575,1.56,2.64628892108,1.08628892108
340654.004125,3832778.96625,2.83,2.25560595953,-0.574394040466
340655.521625,3832783.03,2.81,2.86463059053,0.0546305905312
340657.052125,3832787.39375,4.04,2.80141277099,-1.23858722901
340658.55675,3832791.685,2.4,3.15237516245,0.752375162447
340660.073125,3832796.0125,-0.64,2.85694115807,3.49694115807
340610.547125,3832663.24375,3.38,2.71535039423,-0.664649605767
340612.118125,3832667.71875,1.94,2.69803944714,0.758039447137
340613.646,3832672.0675,1.85,2.92385566224,1.07385566224
340614.965625,3832676.32125,3.69,2.79332414582,-0.896675854181
340616.48875,3832680.6525,3.28,2.86368547268,-0.416314527318
340617.996625,3832684.9375,1.09,3.17137695916,2.08137695916
340619.537875,3832689.32125,3.4,2.86488775363,-0.535112246368
340621.106625,3832693.77875,2.46,2.39599553573,-0.0640044642736
340622.555875,3832697.9,1.58,2.29481269642,0.714812696417
340624.027,3832702.07875,3.29,2.48530931598,-0.804690684022
340625.605375,3832706.57,2.93,2.82658060655,-0.103419393452
340627.147625,3832710.95375,2.16,2.9677501077,0.807750107696
340628.64725,3832715.21625,1.6,3.08456925051,1.48456925051
340630.185,3832719.59,3.09,2.73395780125,-0.356042198746
340631.71875,3832723.94875,3.31,2.34935135809,-0.960648641913
340633.173875,3832728.085,1.69,2.7867861442,1.0967861442
340634.65825,3832732.305,2.48,1.89168025491,-0.588319745088
340636.123875,3832736.47,-0.8,3.09577420803,3.89577420803
340637.669375,3832740.865,3.44,3.10624400679,-0.33375599321
340639.241,3832745.3325,2.67,2.76744533119,0.0974453311937
340640.75175,3832749.62625,0.01,2.20226134218,2.19226134218
340642.245375,3832753.87,2.26,2.15177620031,-0.108223799695
340643.80725,3832758.3125,1.69,2.63263529697,0.942635296972
340645.3425,3832762.67625,3.41,2.73584587092,-0.674154129084
340646.855875,3832766.97875,2.71,2.76445844809,0.0544584480924
340648.389875,3832771.34,2.6,1.86687895563,-0.733121044365
340649.91325,3832775.67,2.17,2.59546963347,0.42546963347
340652.928375,3832783.9475,3.07,3.17158218802,0.101582188018
340654.479125,3832788.35875,2.44,3.32979450322,0.889794503223
340655.99875,3832792.69125,3.25,2.77327987067,-0.476720129327
340657.538625,3832797.07375,3.12,2.20890407109,-0.91109592891
340607.779,3832664.17125,3.2,2.68619523498,-0.513804765024
340609.35375,3832668.65875,2.73,2.74327856138,0.0132785613795
340610.868875,3832672.98125,4.08,2.83146447123,-1.24853552877
340612.205625,3832677.325,2.35,3.24260959782,0.892609597823
340613.753125,3832681.73,3.29,3.27334185675,-0.0166581432509
340615.2385,3832685.955,3.54,3.05786054255,-0.482139457453
340616.778375,3832690.3375,2.23,3.49152519504,1.26152519504
340618.323625,3832694.73375,2.94,2.79373095051,-0.146269049488
340619.778375,3832698.8725,2.64,2.39744899095,-0.242551009048
340621.287375,3832703.165,4.01,2.70582867897,-1.30417132103
340622.86475,3832707.6525,2.96,3.06112894086,0.101128940857
340624.396625,3832712.01,2.92,2.37623309696,-0.543766903037
340625.90075,3832716.29,3.18,2.75841537146,-0.421584628541
340627.42075,3832720.615,2.84,3.04276837765,0.202768377654
340628.9315,3832724.91,2.27,2.78827036061,0.518270360609
340630.395,3832729.075,2.47,2.94757891001,0.477578910014
340631.888375,3832733.32375,3.35,2.31075161626,-1.03924838374
340633.418375,3832737.67875,3.69,3.1899452874,-0.500054712602
340634.9465,3832742.025,3.15,3.45410963414,0.304109634142
340636.462125,3832746.33875,1.75,2.4586509514,0.708650951397
340637.95825,3832750.59125,1.94,1.84870709639,-0.0912929036056
340639.458375,3832754.86125,2.15,2.44063247302,0.290632473021
340641.01425,3832759.2875,2.56,2.91123370994,0.351233709936
340642.52075,3832763.575,2.09,2.85055333075,0.760553330751
340644.036125,3832767.88625,2.48,2.61995459337,0.139954593375
340645.585875,3832772.295,3.04,1.83630533015,-1.20369466985
340647.09425,3832776.585,1.19,3.02790022309,1.83790022309
340648.617,3832780.9175,3.33,2.58024662211,-0.749753377886
340650.159625,3832784.9875,3.49,3.09606893749,-0.393931062505
340651.685875,3832789.33625,3.27,3.04223170923,-0.227768290771
340653.209625,3832793.6825,3.42,3.01631932122,-0.403680678784
340654.72975,3832798.01,2.46,3.10726516508,0.647265165084
340605.045625,3832665.13125,2.22,3.20272534698,0.982725346979
340606.630375,3832669.6475,3.14,3.08462103774,-0.055378962259
340608.150375,3832673.9825,3.22,3.35444311583,0.13444311583
340609.4685,3832678.33625,3.52,3.19776050508,-0.322239494916
340611.022125,3832682.75625,2.88,3.23475168753,0.354751687527
340612.509625,3832686.98875,4.22,3.34572537644,-0.87427462356
340614.016625,3832691.27875,4.08,3.18537267557,-0.894627324434
340616.998875,3832699.765,3.77,2.69983060909,-1.07016939091
340618.518,3832704.08625,2.63,2.94959030659,0.319590306591
340620.100375,3832708.585,2.89,2.57196383052,-0.318036169481
340621.615375,3832712.8975,1.52,2.89404983001,1.37404983001
340623.125625,3832717.195,2.68,3.2098603043,0.529860304304
340624.6535,3832721.5425,4.94,2.75596254226,-2.18403745774
340626.1835,3832725.8975,3.49,2.54795464653,-0.942045353474
340627.64125,3832730.045,3.2,2.29299636868,-0.907003631315
340629.127875,3832734.2725,2.5,3.09928819171,0.599288191708
340630.627125,3832738.54,3.05,3.16518924111,0.11518924111
340632.1465,3832742.8625,3.58,2.89127358736,-0.688726412641
340633.69625,3832747.27,2.09,2.50274213759,0.412742137585
340635.190125,3832751.51875,2.01,2.20480189384,0.194801893842
340636.701375,3832755.81875,3.36,2.50921835704,-0.85078164296
340638.263,3832760.26375,4.11,2.77554841074,-1.33445158926
340639.77275,3832764.56125,2.99,2.59339106542,-0.396608934576
340641.294625,3832768.88875,1.45,2.4915357905,1.0415357905
340642.834375,3832773.27,0.62,2.23939513019,1.61939513019
340644.344,3832777.56625,3.66,2.23215056069,-1.42784943931
340645.861375,3832781.88375,1.59,3.2771345246,1.6871345246
340647.391875,3832785.8825,3.27,3.04241361417,-0.227586385833
340650.44125,3832794.5775,2.25,3.36382745111,1.11382745111
340651.993875,3832799.00375,3.29,2.51137442004,-0.778625579956
340606.530125,3832679.2425,4.1,3.16533302243,-0.934666977566
340608.10625,3832683.705,2.84,3.16363274979,0.323632749789
340609.595375,3832687.9175,3.01,2.92266856035,-0.0873314396544
340611.088,3832692.145,3.09,3.10714321935,0.0171432193458
340612.628125,3832696.50375,2.79,3.13003493775,0.340034937749
340614.112375,3832700.7025,2.59,2.99112955252,0.401129552517
340615.668875,3832705.10625,2.6,2.62819594498,0.0281959449761
340617.252125,3832709.585,2.18,2.78452920898,0.604529208978
340618.78075,3832713.91375,3.96,2.37421520783,-1.58578479217
340620.303,3832718.2225,3.2,2.67955987984,-0.520440120158
340621.81575,3832722.505,2.47,2.96821514684,0.498215146842
340623.33925,3832726.81875,2.33,3.07685159273,0.74685159273
340624.8045,3832730.965,1.63,2.98605901354,1.35605901354
340627.81625,3832739.4875,3.21,2.56900787602,-0.640992123985
340629.34825,3832743.825,2.8,2.4384517928,-0.361548207199
340632.39275,3832752.44375,2.39,2.48585941086,0.0958594108557
340633.916125,3832756.7525,3.28,2.80873952186,-0.471260478142
340635.48925,3832761.205,2.9,2.93654155519,0.0365415551924
340636.992875,3832765.46125,2.91,2.84468375204,-0.0653162479625
340640.081375,3832774.2025,2.22,2.90421967761,0.684219677608
340643.126125,3832782.82,2.38,2.81783885558,0.437838855576
340603.900875,3832680.13625,3.56,3.43528877196,-0.124711228037
340605.456875,3832684.5825,2.65,2.89006291057,0.240062910567
340606.934875,3832688.8025,2.6,2.69334658236,0.0933465823633
340608.442375,3832693.11125,2.63,2.98832760145,0.358327601448
340611.386375,3832701.52,2.97,2.54858401522,-0.42141598478
340612.9255,3832705.915,3.67,2.58875548706,-1.08124451294
340614.522625,3832710.47875,2.91,2.62322162412,-0.286778375878
340616.036375,3832714.8025,2.61,2.91795183174,0.307951831744
340617.548,3832719.1225,2.84,3.17995407621,0.339954076212
340622.01825,3832731.89,2.85,2.7080140215,-0.141985978496
340623.51475,3832736.1675,3.67,2.54802782821,-1.12197217179
340625.029875,3832740.49625,1.86,2.57398532359,0.713985323593
340626.547375,3832744.83,1.97,2.16348474686,0.193484746858
340628.077875,3832749.2025,2.23,2.57814878443,0.348148784435
340629.545,3832753.395,2.99,2.64303628624,-0.346963713765
340631.045875,3832757.68125,2.78,3.18059759459,0.400597594594
340632.6275,3832762.2,2.78,3.20500326015,0.425003260147
340634.108,3832766.42875,3.17,2.81729364673,-0.352706353268
340635.585875,3832770.64875,2.87,2.53867669043,-0.331323309572
340638.673,3832779.4675,3.32,2.6086149007,-0.711385099303
340640.1695,3832783.7425,3.16,2.70137625339,-0.458623746614
340600.827875,3832681.2025,2.82,3.36265043585,0.542650435853
340602.39125,3832685.6525,2.73,2.84054517149,0.110545171485
340603.884875,3832689.905,2.43,2.83499058879,0.404990588789
340605.398375,3832694.2125,3.03,2.66211866286,-0.367881337136
340606.91175,3832698.52125,2.57,2.87609488232,0.306094882323
340608.364625,3832702.655,1.78,2.75575923273,0.975759232735
340609.915625,3832707.07125,2.57,2.7086339918,0.1386339918
340611.495875,3832711.5675,2.77,3.09242465524,0.322424655241
340613.004875,3832715.8625,2.95,3.38471948824,0.434719488239
340616.065,3832724.57,2.97,2.90102019817,-0.0689798018254
340619.016625,3832732.97375,3.55,2.89605010566,-0.653949894335
340620.501375,3832737.19875,2.55,3.21581917805,0.665819178053
340622.017875,3832741.515,1.83,2.79589505799,0.965895057991
340625.0645,3832750.1875,2.7,2.55959593376,-0.140404066241
340626.571125,3832754.47375,3.11,2.91399588254,-0.19600411746
340628.077625,3832758.75875,2.68,3.17098680801,0.490986808005
340631.117,3832767.4125,2.35,3.17719152869,0.827191528692
340635.702875,3832780.4625,2.75,2.69786266933,-0.052137330669
340637.219875,3832784.78125,2.72,2.70837312343,-0.0116268765662
340598.253625,3832681.97625,3.67,2.61676195487,-1.05323804513
340599.815125,3832686.42625,1.84,3.06422701328,1.22422701328
340601.292,3832690.63375,3.19,2.53329519396,-0.656704806042
340604.326375,3832699.28125,2.93,2.67195228192,-0.258047718084
340607.30625,3832707.77,2.7,2.86564003987,0.16564003987
340608.901875,3832712.3175,3.6,2.97295566927,-0.627044330733
340610.409375,3832716.61375,3.74,3.14206134452,-0.597938655479
340613.475,3832725.35,3.96,2.86690638239,-1.09309361761
340614.98225,3832729.64875,1.29,3.54010355304,2.25010355304
340617.895625,3832737.95,3.62,2.51931953759,-1.10068046241
340619.404625,3832742.2475,1.68,2.46513149749,0.785131497493
340620.92975,3832746.59625,3.79,2.52463206077,-1.26536793923
340622.463625,3832750.9675,2.69,2.83087046772,0.140870467724
340625.440875,3832759.45,3.45,3.062093355,-0.387906645001
340627.013375,3832763.9325,3.81,3.21254233207,-0.597457667926
340628.515,3832768.21125,3.21,3.48675489075,0.276754890753
340630.021375,3832772.50375,2.92,2.92277432046,0.00277432046386
340633.093,3832781.2575,2.71,2.9622642769,0.252264276899
340634.603625,3832785.5575,2.26,2.81193824525,0.551938245245
340618.14425,3832747.5375,3.16,2.55704189124,-0.602958108762
340619.676,3832751.90375,2.87,3.08610029174,0.21610029174
340625.723,3832769.14375,3.82,3.1445988097,-0.675401190298
340627.228375,3832773.43375,2.88,3.1506643422,0.270664342201
340628.788875,3832777.8825,2.81,2.9340828593,0.124082859303
340630.301,3832782.19375,3.2,2.49623724906,-0.703762750944
