gps_eastings_UTMzone17N,gps_northings_UTMzone17N,actual_Adj_CP,predicted_Adj_CP,prediction_diff
340657.36925,3832647.82625,10.56,10.5537898867,-0.0062101133463
340658.857125,3832652.01375,9.64,11.0725700162,1.4325700162
340660.4055,3832656.37375,6.0,9.08244693664,3.08244693664
340662.024125,3832660.58,6.29,9.79965181583,3.50965181583
340663.54325,3832664.865,12.34,9.33146646633,-3.00853353367
340666.651625,3832673.62875,10.22,7.92527165655,-2.29472834345
340668.227375,3832678.07375,8.8,9.5884714163,0.788471416297
340669.763625,3832682.4025,9.36,8.43214758583,-0.927852414172
340672.707375,3832690.71,6.19,8.66532329683,2.47532329683
340674.289625,3832695.1725,10.06,10.677874635,0.617874635021
340675.80925,3832699.4575,8.83,7.90770384059,-0.922296159409
340677.24775,3832703.51,8.09,8.6119571374,0.521957137403
340678.79225,3832707.8675,11.02,6.94176826902,-4.07823173098
340681.877875,3832716.5725,9.29,8.80920891528,-0.480791084722
340683.3845,3832720.81875,11.26,9.41967405665,-1.84032594335
340684.892,3832725.07,10.54,8.34615318244,-2.19384681756
340686.475125,3832729.535,12.2,10.3781546691,-1.82184533089
340688.06125,3832734.00875,9.15,7.99141511275,-1.15858488725
340689.573625,3832738.275,5.12,8.1107488036,2.9907488036
340692.63525,3832746.90625,6.92,8.72846018345,1.80846018345
340694.176375,3832751.25625,11.58,10.2300700715,-1.34992992851
340695.681125,3832755.5,5.9,10.6182790088,4.71827900881
340697.21225,3832759.815,10.17,9.75712754346,-0.412872456536
340698.702125,3832764.0175,6.75,9.01305259839,2.26305259839
340700.151125,3832768.3325,7.81,7.54807262826,-0.261927371738
340701.64,3832772.52375,5.16,9.15476785618,3.99476785618
340703.117,3832776.6825,7.59,6.80465021867,-0.785349781325
340704.637625,3832780.96875,10.21,8.17023346666,-2.03976653334
340654.725375,3832648.66375,5.51,6.47376260844,0.963762608436
340656.217,3832652.87,8.41,7.83341995638,-0.576580043621
340657.762375,3832657.23,5.68,6.15457087047,0.474570870466
340660.900375,3832665.6825,7.16,7.04913731015,-0.110862689848
340662.434625,3832670.01375,6.41,6.27853223588,-0.131467764118
340663.976625,3832674.3675,6.82,6.51783978824,-0.302160211758
340667.087125,3832683.15875,5.94,6.29393154105,0.353931541053
340668.586375,3832687.39,5.84,6.24424127803,0.404241278027
340673.13775,3832700.2425,8.42,6.79291264823,-1.62708735177
340674.547,3832704.22,7.91,6.87336292805,-1.03663707195
340676.096625,3832708.6,7.17,5.61345869777,-1.55654130223
340677.661,3832713.0175,5.65,6.66641563843,1.01641563843
340679.204,3832717.37625,8.8,5.58306249308,-3.21693750692
340680.714375,3832721.6425,4.73,6.07209666549,1.34209666549
340682.21675,3832725.88375,13.53,9.05381116767,-4.47618883233
340683.79,3832730.3275,7.63,7.52345699981,-0.106543000192
340686.884375,3832739.06875,7.85,6.7689716324,-1.0810283676
340688.39225,3832743.32375,6.77,5.94300351987,-0.826996480129
340689.941,3832747.7,5.41,5.89930377055,0.489303770548
340691.471625,3832752.02375,5.65,6.13792973157,0.487929731574
340692.984625,3832756.29625,5.11,4.93916874912,-0.170831250884
340694.519125,3832760.63,6.57,6.86095518594,0.290955185943
340695.998,3832764.80625,7.98,6.8210935913,-1.1589064087
340697.447375,3832769.16,8.03,6.61890565991,-1.41109434009
340698.936375,3832773.35625,6.48,6.33370909516,-0.146290904837
340700.409625,3832777.5125,4.81,6.68740161697,1.87740161697
340701.927625,3832781.79375,6.64,7.23833251244,0.598332512439
340651.95625,3832649.77375,6.79,6.04869110611,-0.741308893886
340653.442375,3832653.96875,6.1,6.2363548739,0.136354873897
340656.590875,3832662.60875,6.96,6.09058935717,-0.869410642826
340658.10975,3832666.89625,5.12,6.03630468038,0.916304680383
340661.17275,3832675.55125,3.0,6.095701721,3.095701721
340662.762625,3832680.04125,3.69,6.51954490281,2.82954490281
340664.273125,3832684.315,6.09,6.48879349256,0.398793492561
340665.77825,3832688.56625,7.44,5.83157623975,-1.60842376025
340667.282375,3832692.815,6.3,5.99162820938,-0.308371790619
340670.33075,3832701.4225,7.15,7.37952346473,0.229523464734
340671.75075,3832705.435,4.09,6.12050471,2.03050471
340673.294,3832709.79625,6.73,5.80696175267,-0.923038247329
340674.86025,3832714.225,5.21,7.06521680374,1.85521680374
340676.404125,3832718.5825,7.43,5.20969815836,-2.22030184164
340677.908375,3832722.835,9.48,6.36237263671,-3.11762736329
340682.5475,3832735.93875,4.72,6.91715525968,2.19715525968
340684.071625,3832740.24625,6.93,5.91871901696,-1.01128098304
340685.592,3832744.54,1.5,5.45019875734,3.95019875734
340687.1455,3832748.92875,5.53,5.73712646277,0.207126462768
340688.662125,3832753.21375,4.28,6.01110787898,1.73110787898
340690.158375,3832757.44,4.47,5.47184345895,1.00184345895
340691.69625,3832761.7875,7.36,6.94272498856,-0.417275011444
340693.194625,3832766.02,8.77,6.79485049588,-1.97514950412
340694.664375,3832770.335,6.36,6.26991514827,-0.0900848517259
340696.157125,3832774.54625,6.16,7.71242001654,1.55242001654
340697.63675,3832778.7225,3.85,4.75270810972,0.902708109721
340699.155375,3832783.0125,10.2,7.68535163639,-2.51464836361
340649.202375,3832650.48125,8.24,7.22897448278,-1.01102551722
340650.703625,3832654.72,3.84,5.63631023605,1.79631023605
340652.245375,3832659.07375,8.19,7.79583611295,-0.39416388705
340655.347125,3832667.5675,3.67,4.99598936551,1.32598936551
340656.876125,3832671.8875,6.17,6.49945523981,0.329455239808
340658.415125,3832676.2375,5.95,6.62340568479,0.673405684788
340661.513,3832685.0,6.23,6.91220860342,0.682208603422
340663.015375,3832689.24125,5.61,5.35281691226,-0.257183087744
340666.073875,3832697.88625,5.5,6.53170353602,1.03170353602
340667.573625,3832702.12625,6.07,6.73554511125,0.665545111246
340668.995,3832706.14,5.75,6.354700982,0.604700982001
340670.54075,3832710.51,3.29,5.60122063415,2.31122063415
340672.093875,3832714.9025,3.84,6.10155241381,2.26155241381
340673.630375,3832719.24625,8.81,7.38767102681,-1.42232897319
340675.140625,3832723.51375,5.83,6.09857026279,0.268570262791
340676.64525,3832727.7675,8.6,6.3059869463,-2.2940130537
340678.215,3832732.2025,5.74,6.8731200679,1.1331200679
340679.781,3832736.63125,6.07,6.72493450245,0.654934502446
340681.298625,3832740.92,5.64,6.129784808,0.489784807999
340682.81225,3832745.1975,9.21,9.61513982952,0.405139829518
340684.357,3832749.56375,7.2,9.50883293729,2.30883293729
340685.885375,3832753.88375,8.35,12.1013700389,3.75137003894
340687.402125,3832758.1725,6.21,6.97253646877,0.762536468772
340688.935,3832762.50625,5.52,7.51997537805,1.99997537805
340690.416625,3832766.6925,12.77,8.51922021555,-4.25077978445
340691.877375,3832771.0,8.48,8.55218938713,0.0721893871279
340693.370625,3832775.21375,8.01,9.07916703691,1.06916703691
340694.85,3832779.3925,7.95,9.10220536977,1.15220536977
340696.37,3832783.68375,8.55,9.38401756494,0.834017564941
340646.2765,3832651.48875,7.11,8.40116443503,1.29116443503
340647.78925,3832655.76375,10.56,10.6633239183,0.103323918318
340649.328625,3832660.11,11.86,11.5738618514,-0.28613814857
340650.865375,3832664.29125,7.14,7.12430489094,-0.0156951090636
340652.377625,3832668.565,12.68,11.470889842,-1.20911015797
340653.902,3832672.87375,10.49,12.1326313291,1.64263132914
340655.423375,3832677.17375,12.23,11.8969854523,-0.333014547681
340657.00725,3832681.65125,6.79,10.198225486,3.40822548599
340658.562375,3832686.05,11.56,12.4590628329,0.899062832929
340660.06425,3832690.2925,7.16,7.43762675968,0.27762675968
340661.574875,3832694.56,9.76,9.89934754988,0.139347549884
340663.155875,3832699.0275,6.21,8.21909969915,2.00909969915
340664.65625,3832703.27,11.41,9.8472402159,-1.5627597841
340666.07375,3832707.2725,11.53,12.2871141627,0.757114162718
340667.621,3832711.6475,5.14,4.90753863381,-0.232461366191
340669.16025,3832715.995,8.71,9.66273860405,0.952738604048
340670.666125,3832720.2525,10.03,11.0617477848,1.03174778482
340672.171375,3832724.5075,12.11,12.0821511938,-0.0278488062359
340673.698875,3832728.8225,11.82,9.69498899957,-2.12501100043
340675.271625,3832733.2675,6.93,8.37692841495,1.44692841495
340676.821875,3832737.6525,7.33,6.58801156962,-0.741988430378
340678.371875,3832742.02875,11.43,11.2030931165,-0.226906883509
340679.882,3832746.29875,11.45,11.2378620299,-0.212137970055
340681.397625,3832750.58125,4.66,5.98802433928,1.32802433928
340682.926875,3832754.90375,11.0,10.4714305233,-0.528569476676
340684.446125,3832759.1975,9.28,11.0783320244,1.79833202436
340685.98325,3832763.5425,7.31,6.55720956096,-0.752790439036
340687.469,3832767.74125,6.49,6.92915605955,0.439156059549
340688.943875,3832772.015,10.65,10.1441300451,-0.505869954906
340690.431625,3832776.21375,11.49,10.5102011623,-0.979798837684
340691.914,3832780.4025,6.78,6.85162309138,0.07162309138
340693.447625,3832784.735,6.79,7.43470632039,0.644706320386
340643.636,3832652.24,7.87,10.0746916617,2.20469166166
340645.150125,3832656.51875,15.07,12.0939998246,-2.97600017537
340646.6925,3832660.8725,9.25,11.1203917331,1.87039173309
340648.226125,3832665.0975,10.27,11.0857225758,0.815722575841
340649.75225,3832669.41,12.53,10.7265059441,-1.80349405589
340651.287375,3832673.745,12.87,10.5001745522,-2.36982544779
340652.852125,3832678.1675,9.69,8.38370986177,-1.30629013823
340654.455625,3832682.7,9.68,9.11926131173,-0.560738688274
340655.888875,3832686.7525,10.22,8.31473298924,-1.90526701076
340657.397625,3832691.01375,7.55,7.93512371142,0.385123711421
340658.91425,3832695.2975,8.81,9.51980839131,0.709808391312
340660.460125,3832699.6675,6.01,6.35823307815,0.348233078151
340661.97225,3832703.94,5.74,7.1491378989,1.4091378989
340663.41625,3832708.0175,10.94,8.2648247419,-2.6751752581
340664.935,3832712.31375,9.52,9.09758014932,-0.422419850681
340666.48425,3832716.68625,10.64,12.2714681956,1.63146819561
340668.03375,3832721.06625,12.4,11.7961808622,-0.603819137805
340669.54275,3832725.33,8.86,7.58132494049,-1.27867505951
340671.04675,3832729.58,12.55,12.3623407672,-0.187659232784
340672.59575,3832733.9575,6.75,8.12560109579,1.37560109579
340674.152,3832738.35625,6.04,9.00857563924,2.96857563924
340675.687375,3832742.69125,7.31,6.69327231551,-0.61672768449
340677.20275,3832746.975,8.43,7.78946449336,-0.640535506644
340678.7355,3832751.30875,8.12,7.78195157469,-0.338048425305
340680.24925,3832755.58375,10.2,11.3949876965,1.19498769651
340681.799,3832759.96,6.36,5.29775138543,-1.06224861457
340683.34025,3832764.3175,11.33,10.9374065167,-0.392593483312
340684.823375,3832768.5075,12.97,10.6214331414,-2.34856685859
340686.320375,3832772.8125,5.03,7.52387880145,2.49387880145
340687.81475,3832777.03125,13.31,12.4336871135,-0.876312886454
340689.293625,3832781.2075,8.46,6.97303269631,-1.48696730369
340690.804875,3832785.47875,10.49,10.3670624603,-0.122937539702
340640.976125,3832653.20375,4.77,6.26963571772,1.49963571772
340642.502375,3832657.525,5.26,6.55115026694,1.29115026694
340644.052625,3832661.91125,14.13,10.4569789713,-3.67302102873
340645.566125,3832666.13875,13.19,11.7491822029,-1.44081779707
340647.087125,3832670.44375,6.06,5.81708696123,-0.242913038769
340648.619625,3832674.7825,5.92,9.9411812682,4.0211812682
340650.1365,3832679.07625,10.41,11.4639056748,1.0539056748
340651.697,3832683.49125,6.0,6.39004748965,0.390047489651
340653.214375,3832687.79,8.17,9.01520752138,0.845207521379
340654.725,3832692.06375,10.21,9.34580528106,-0.864194718939
340656.246625,3832696.37125,12.5,10.1747612101,-2.32523878993
340657.7895,3832700.73625,7.38,9.76477292493,2.38477292493
340659.2865,3832704.975,10.55,9.4945266983,-1.0554733017
340660.7295,3832709.055,11.1,8.40990009813,-2.69009990187
340662.29025,3832713.475,11.11,10.1519593834,-0.958040616602
340663.821,3832717.81,10.03,11.5255983272,1.4955983272
340665.330125,3832722.0775,13.87,8.53413296242,-5.33586703758
340666.847875,3832726.37625,8.26,9.21820408462,0.958204084615
340668.37075,3832730.6875,12.07,11.27362555,-0.796374449951
340669.939,3832735.1225,10.45,9.82892681337,-0.621073186627
340671.4645,3832739.44125,12.63,12.4573673535,-0.172632646459
340672.968625,3832743.7,6.99,6.01900403147,-0.970995968533
340674.511,3832748.065,12.16,8.94856356926,-3.21143643074
340676.05175,3832752.425,6.52,7.16424563852,0.644245638521
340677.583875,3832756.76125,12.47,9.58789542134,-2.88210457866
340679.118375,3832761.02667,12.61,10.1953507827,-2.41464921727
340680.62775,3832765.3775,7.61,9.11394494944,1.50394494944
340682.091875,3832769.5225,13.0,11.6867665884,-1.31323341155
340683.581375,3832773.7775,11.36,10.218337368,-1.14166263199
340685.078125,3832778.01625,9.32,9.63688958823,0.316889588232
340686.5475,3832782.17125,8.31,9.67127850888,1.36127850888
340688.069125,3832786.48125,13.27,11.1552895415,-2.11471045848
340637.955,3832654.18375,6.35,6.51498607794,0.164986077937
340639.4715,3832658.47875,10.71,10.7714816235,0.0614816234996
340640.99,3832662.78,9.32,8.95759143974,-0.362408560265
340642.495875,3832667.0325,6.19,7.81112772077,1.62112772077
340644.03175,3832671.3825,10.13,10.0284732018,-0.101526798182
340645.535125,3832675.64,12.65,10.7536285865,-1.89637141345
340647.059625,3832679.955,9.47,10.5806800104,1.11068001037
340648.620375,3832684.37625,9.15,11.4165698232,2.26656982317
340650.127625,3832688.645,8.82,11.0151582345,2.19515823448
340651.645625,3832692.9425,7.45,10.445410012,2.99541001204
340653.163875,3832697.2425,9.84,9.65399828014,-0.186001719858
340654.699875,3832701.59,7.45,6.52020309857,-0.929796901434
340656.2,3832705.8375,6.23,6.81527674731,0.585276747307
340657.56575,3832709.7,11.06,10.0614571966,-0.998542803405
340659.14625,3832714.1825,13.06,9.37612722759,-3.68387277241
340660.722875,3832718.645,6.07,7.00610978118,0.936109781178
340662.266375,3832723.01375,9.58,9.6686681694,0.0886681693981
340663.786125,3832727.32,10.13,8.75694501114,-1.37305498886
340665.282,3832731.5525,16.45,12.5641888149,-3.88581118513
340666.843375,3832735.9775,11.78,12.9958193239,1.21581932394
340668.392125,3832740.35875,5.38,6.27005554332,0.890055543319
340669.88575,3832744.58875,7.77,6.55176767386,-1.21823232614
340671.3905,3832748.84875,12.3,11.8266695734,-0.473330426588
340672.938,3832753.23375,8.4,6.05290289901,-2.34709710099
340674.485375,3832757.61375,11.11,11.1130656226,0.00306562261307
340676.015625,3832761.9475,7.63,6.73743072488,-0.892569275118
340677.5485,3832766.28875,10.4,10.6639900375,0.263990037531
340679.03525,3832770.49875,5.68,6.09535715577,0.415357155773
340680.513875,3832774.6975,12.22,10.4418480553,-1.77815194466
340682.012875,3832778.94375,15.55,13.5243679377,-2.02563206231
340683.5095,3832783.1825,9.98,10.4492489281,0.469248928114
340685.032125,3832787.49,16.02,14.7925830097,-1.2274169903
340635.399875,3832654.99125,12.13,10.7550754766,-1.37492452343
340636.933375,3832659.34,7.44,6.36360327789,-1.07639672211
340638.472125,3832663.705,15.24,13.2513219662,-1.98867803383
340639.949875,3832667.94875,8.88,10.0595302548,1.1795302548
340641.477125,3832672.2775,13.51,13.0080893354,-0.501910664569
340642.987875,3832676.56375,10.93,12.337085004,1.40708500403
340644.519125,3832680.90625,10.19,10.4870179971,0.297017997067
340646.084875,3832685.34625,9.28,8.47271574984,-0.807284250163
340647.592875,3832689.625,10.85,10.6278996825,-0.222100317452
340649.10725,3832693.91875,14.04,13.0832507539,-0.956749246083
340650.636375,3832698.2575,5.75,9.36282046737,3.61282046737
340652.169625,3832702.6025,12.81,9.00543558477,-3.80456441523
340653.661,3832706.8325,7.65,6.29757021622,-1.35242978378
340655.1325,3832711.00875,6.58,6.19135357288,-0.38864642712
340656.6615,3832715.34375,11.62,12.5561361467,0.93613614666
340658.14875,3832719.56,9.55,10.439120185,0.889120184994
340659.686375,3832723.9225,10.68,10.7865955069,0.106595506914
340661.231625,3832728.305,10.56,12.317001164,1.75700116399
340662.716625,3832732.51625,11.13,11.7819432143,0.651943214273
340664.277,3832736.94125,10.94,12.0235747796,1.0835747796
340665.84125,3832741.37625,12.68,12.9279536388,0.247953638797
340667.355875,3832745.67125,11.14,11.4167145963,0.276714596304
340668.878375,3832749.9925,7.05,11.258912656,4.20891265602
340670.395,3832754.29375,9.99,8.7931543874,-1.1968456126
340671.911625,3832758.59375,13.55,13.6538864806,0.103886480552
340673.438875,3832762.92625,15.05,14.6310195731,-0.418980426943
340674.97825,3832767.29,16.37,13.9213027468,-2.44869725318
340676.464125,3832771.5075,14.31,13.1582654403,-1.15173455971
340677.929875,3832775.64,7.89,10.1801593295,2.29015932947
340679.420875,3832779.87125,9.35,11.1465595571,1.79655955705
340680.9095,3832784.095,16.02,11.4934029482,-4.52659705179
340682.438,3832788.42875,15.35,14.6468711824,-0.70312881764
340632.633,3832655.93875,10.33,9.74175992168,-0.588240078323
340634.163875,3832660.27875,12.33,12.9478493525,0.617849352481
340635.693625,3832664.61625,13.06,13.0934169286,0.0334169285711
340637.157625,3832668.89,10.7,10.3368704966,-0.363129503356
340638.687875,3832673.22375,7.6,7.87577178081,0.275771780812
340640.201,3832677.5125,9.8,8.69789097677,-1.10210902323
340641.731,3832681.84625,13.79,12.5149622319,-1.2750377681
340643.294,3832686.27625,12.9,10.0521118517,-2.84788814832
340644.790625,3832690.52,12.6,11.056263499,-1.54373650097
340646.302625,3832694.8,10.54,10.0058227169,-0.534177283053
340647.833625,3832699.1375,12.04,7.08185557333,-4.95814442667
340649.374375,3832703.50375,6.37,7.24233554622,0.872335546218
340650.88125,3832707.7725,8.09,7.89903593682,-0.190964063177
340652.339,3832711.91,7.4,8.73889360641,1.33889360641
340653.87325,3832716.25,13.49,12.7353683819,-0.754631618143
340655.391,3832720.5525,13.48,13.3403477976,-0.139652202361
340656.91,3832724.85625,6.43,8.41002777164,1.98002777164
340658.419875,3832729.13375,14.23,13.5073903427,-0.722609657322
340659.93075,3832733.4175,10.08,9.3804358046,-0.6995641954
340661.489375,3832737.8325,10.82,11.3504687585,0.530468758517
340663.031,3832742.2,12.85,13.8514582922,1.00145829222
340664.541125,3832746.48,11.77,11.2426623333,-0.527337666717
340666.07275,3832750.8175,12.34,13.3983467135,1.05834671353
340667.604,3832755.15625,18.19,13.9044111977,-4.2855888023
340669.126125,3832759.47,11.97,12.6987724329,0.728772432944
340670.655625,3832763.8025,10.29,9.86987919742,-0.420120802581
340672.183,3832768.1325,17.07,13.7117460715,-3.35825392848
340673.672625,3832772.3525,13.48,12.6376133708,-0.842386629186
340675.167625,3832776.52,12.69,11.0299578127,-1.66004218734
340676.674,3832780.79125,11.31,9.82720872864,-1.48279127136
340678.171125,3832785.0375,19.01,14.908860888,-4.10113911205
340679.697375,3832789.36375,11.13,9.08802842512,-2.04197157488
340629.882625,3832656.90125,11.87,11.7556101606,-0.114389839438
340631.42475,3832661.27375,7.47,9.14832127055,1.67832127055
340632.94275,3832665.5825,11.6,11.8043991784,0.204399178403
340634.385875,3832669.81125,11.54,9.78718665602,-1.75281334398
340635.932,3832674.1975,8.14,7.4374730887,-0.7025269113
340637.455625,3832678.515,10.38,10.0811728451,-0.298827154919
340638.984375,3832682.8475,12.69,13.0487318252,0.358731825154
340640.526625,3832687.22125,11.91,11.8566357615,-0.0533642384814
340642.012375,3832691.435,13.86,13.2977954318,-0.562204568202
340643.53675,3832695.75375,9.37,8.38818473657,-0.981815263432
340645.064625,3832700.085,7.64,8.81435232556,1.17435232556
340646.598625,3832704.4325,6.92,6.56966182102,-0.350338178979
340648.12275,3832708.75375,11.69,13.1107657151,1.42076571513
340649.57025,3832712.86,14.49,12.381753337,-2.10824666298
340651.0775,3832717.13,11.11,13.465465864,2.35546586401
340652.61875,3832721.495,8.43,9.7870658824,1.3570658824
340654.148375,3832725.8325,10.26,13.8705396784,3.61053967843
340655.6605,3832730.12,10.83,12.0809386002,1.25093860022
340657.16625,3832734.39,14.03,13.0141494487,-1.01585055131
340658.72775,3832738.815,5.48,6.88962161704,1.40962161704
340660.263875,3832743.16875,13.34,13.6946122224,0.354612222414
340661.764375,3832747.42125,11.78,11.3319218314,-0.448078168588
340663.30175,3832751.77625,8.64,8.23172150613,-0.408278493875
340664.83525,3832756.1275,13.88,10.9141633032,-2.96583669682
340666.353,3832760.43125,12.64,12.7202205049,0.0802205048821
340667.888625,3832764.7825,10.91,9.85085244717,-1.05914755283
340669.43025,3832769.15,14.43,13.746079553,-0.683920447026
340670.897,3832773.30875,13.61,12.4806131325,-1.12938686752
340672.388375,3832777.4575,15.09,13.7875191336,-1.30248086638
340673.901375,3832781.75125,7.91,9.04959320752,1.13959320752
340675.39175,3832785.9775,17.77,14.1535368221,-3.61646317789
340676.917125,3832790.305,11.27,11.2691528248,-0.000847175246774
340627.53225,3832657.50625,9.08,10.6801852784,1.60018527844
340629.068375,3832661.875,12.07,12.0731906639,0.00319066387232
340630.598625,3832666.225,12.54,11.605079012,-0.934920987994
340632.05525,3832670.565,9.36,8.24381283911,-1.11618716089
340633.590625,3832674.9275,8.49,10.4794648282,1.98946482821
340635.089375,3832679.185,10.9,10.0278921304,-0.872107869597
340636.611625,3832683.51125,12.23,12.0216076213,-0.208392378749
340638.169,3832687.93375,10.83,10.5976634596,-0.232336540425
340639.659375,3832692.17,11.54,12.2244246734,0.684424673401
340641.182875,3832696.49875,6.95,6.18442595033,-0.765574049669
340642.739125,3832700.92,9.83,6.37149365995,-3.45850634005
340644.263,3832705.25,7.55,7.37429803913,-0.175701960865
340645.754,3832709.485,15.34,13.2345159956,-2.10548400444
340647.22075,3832713.655,11.92,11.7613886685,-0.158611331521
340648.73525,3832717.95625,11.27,11.2717729599,0.00177295993053
340650.2285,3832722.19875,10.81,10.845890884,0.0358908839807
340651.735125,3832726.47625,10.17,10.9700175599,0.800017559886
340654.779,3832735.125,8.06,8.90458827043,0.84458827043
340656.331875,3832739.5375,12.89,11.6943052752,-1.19569472483
340657.874,3832743.91875,6.44,8.25196095241,1.81196095241
340659.345875,3832748.0975,13.08,12.7594573067,-0.320542693264
340660.87925,3832752.4575,11.06,12.9365801645,1.87658016452
340662.41725,3832756.82875,7.58,6.89637476108,-0.68362523892
340663.910625,3832761.06875,11.83,12.9130627213,1.0830627213
340665.424125,3832765.37,12.79,14.0588445301,1.26884453007
340666.945125,3832769.69125,12.68,13.3312689668,0.651268966767
340671.491375,3832782.49625,16.16,13.6742124331,-2.48578756694
340672.9935,3832786.7675,7.68,7.40629819445,-0.273701805551
340674.523375,3832791.11875,10.47,13.9960447933,3.52604479327
340624.234125,3832658.58875,10.94,10.5659799945,-0.374020005481
340625.7845,3832662.98875,11.43,11.5368023292,0.10680232916
340627.303,3832667.29875,7.92,8.46353186711,0.543531867114
340628.728875,3832671.58625,7.65,8.70839315222,1.05839315222
340630.27925,3832675.9825,14.08,10.3535363774,-3.72646362257
340631.779875,3832680.23875,13.84,12.4706214973,-1.36937850266
340633.286875,3832684.515,10.34,10.167457751,-0.172542249008
340634.842125,3832688.92375,8.5,7.95704162616,-0.542958373838
340636.346375,3832693.195,6.18,6.5115258702,0.331525870204
340637.867625,3832697.505,15.14,11.0699220739,-4.0700779261
340639.41575,3832701.8975,12.74,11.4505239233,-1.28947607667
340640.946125,3832706.23625,13.89,13.3748163543,-0.515183645723
340642.45775,3832710.5275,11.18,8.16369383219,-3.01630616781
340643.94725,3832714.7525,12.05,11.3370689902,-0.712931009819
340645.47175,3832719.0725,8.87,9.67517158366,0.805171583658
340646.977875,3832723.3475,13.74,13.5717549845,-0.168245015512
340648.488125,3832727.63,10.64,12.6469851059,2.00698510594
340649.986625,3832731.87875,8.38,11.0234533545,2.64345335448
340651.487375,3832736.135,13.23,12.8593834453,-0.370616554685
340653.05175,3832740.575,9.96,8.71028560678,-1.24971439322
340654.60175,3832744.97125,13.88,14.1696352116,0.289635211552
340656.089625,3832749.19125,10.48,13.8594738591,3.37947385908
340657.6235,3832753.54,9.84,12.3223769904,2.48237699043
340659.15425,3832757.88375,13.59,13.8866498102,0.296649810171
340660.661875,3832762.15875,16.02,13.5520212674,-2.46797873265
340662.201375,3832766.525,10.56,11.3224744979,0.762474497877
340663.73025,3832770.8625,11.19,12.0959270212,0.905927021245
340666.738375,3832779.2525,11.95,13.1623459796,1.21234597957
340668.270625,3832783.60625,14.51,14.0582728931,-0.451727106891
340669.75875,3832787.8325,14.05,13.5348305551,-0.515169444907
340671.285125,3832792.16375,14.78,14.1699346208,-0.610065379227
340621.4805,3832659.50875,10.07,10.7057549799,0.63575497986
340623.016125,3832663.86875,9.2,9.79147638306,0.591476383056
340624.525375,3832668.155,8.58,8.564729225,-0.0152707750039
340625.950625,3832672.4975,13.48,13.328487926,-0.151512074034
340627.499875,3832676.89125,13.22,12.0455494102,-1.17445058982
340628.994,3832681.13,6.26,7.40701160063,1.14701160063
340630.51275,3832685.43625,11.53,11.1385197641,-0.391480235856
340632.074375,3832689.86625,6.43,6.53586259056,0.105862590562
340633.540375,3832694.025,9.6,10.9266583672,1.32665836722
340635.0685,3832698.35875,5.89,8.31446409587,2.42446409587
340636.645375,3832702.82875,10.22,11.8434779814,1.62347798135
340638.184375,3832707.1925,11.88,14.017314536,2.137314536
340639.71675,3832711.5425,8.93,8.76302232684,-0.166977673156
340641.08625,3832715.4275,7.64,7.9684774507,0.328477450705
340642.62875,3832719.8025,12.73,11.9692492243,-0.760750775683
340644.16825,3832724.165,11.19,11.6855818139,0.495581813874
340645.693,3832728.49125,6.5,7.24882863628,0.748828636275
340647.192625,3832732.745,11.13,11.4623415118,0.332341511773
340648.6705,3832736.935,13.1,13.9123285016,0.812328501598
340650.218,3832741.32375,13.68,12.5268851788,-1.15311482119
340651.772625,3832745.73375,14.43,12.4297096251,-2.00029037485
340653.279875,3832750.00625,18.75,13.2245672966,-5.52543270336
340656.31525,3832758.61625,14.19,10.2093478044,-3.98065219559
340657.872875,3832763.03625,16.24,17.3761239622,1.13612396219
340660.93475,3832771.72,9.82,11.7577786061,1.93777860606
340662.431625,3832775.96375,14.15,9.88558438129,-4.26441561871
340663.912875,3832779.9875,8.49,9.73148423253,1.24148423253
340665.419375,3832784.26875,14.95,13.6954080576,-1.25459194242
340666.954,3832788.6275,12.59,10.4629472658,-2.12705273419
340668.4875,3832792.9825,12.83,14.0078861596,1.17788615963
340618.7585,3832660.45625,10.21,9.17757012226,-1.03242987774
340620.315125,3832664.88,6.99,9.11928136677,2.12928136677
340621.827625,3832669.1775,7.04,8.82569736503,1.78569736503
340623.205125,3832673.43125,10.93,10.2676112193,-0.662388780651
340624.725625,3832677.7475,9.39,12.4580874772,3.06808747717
340626.198625,3832681.93,8.54,8.3836784209,-0.156321579102
340627.723625,3832686.26,10.33,10.2935615588,-0.0364384412074
340629.3,3832690.73625,11.14,10.1289428199,-1.01105718011
340630.808125,3832695.02,11.43,11.2106522734,-0.219347726561
340632.313875,3832699.29125,11.37,13.117665313,1.74766531305
340633.839125,3832703.625,14.02,13.6656500117,-0.354349988283
340635.340375,3832707.8875,12.12,13.3900497048,1.27004970476
340636.861,3832712.205,8.82,10.5489743152,1.72897431519
340638.37475,3832716.505,9.87,9.43735315462,-0.432646845385
340639.8745,3832720.76125,9.64,10.5885938265,0.948593826496
340641.352,3832724.955,13.98,13.2493616161,-0.730638383947
340642.852875,3832729.215,13.22,12.745541454,-0.474458546034
340644.363125,3832733.5025,9.01,9.85339367258,0.843393672576
340645.885,3832737.825,15.04,12.5829986307,-2.45700136926
340647.443625,3832742.2475,15.67,15.7673320146,0.0973320146425
340648.97425,3832746.59625,7.46,8.61860222113,1.15860222113
340650.489375,3832750.8975,8.4,10.4875123325,2.08751233251
340652.0315,3832755.275,15.21,13.7079903259,-1.50200967413
340653.53,3832759.53,13.62,14.0771177204,0.45711772043
340655.017375,3832763.75125,14.93,12.8949041089,-2.03509589106
340656.56675,3832768.1525,11.55,11.1734539427,-0.376546057268
340658.10225,3832772.5125,11.64,13.1155328701,1.47553287011
340659.613625,3832776.8025,11.86,9.84917486787,-2.01082513213
340661.128625,3832780.90125,12.38,13.2472193267,0.867219326692
340662.62325,3832785.15625,12.06,11.5412982359,-0.518701764051
340664.142625,3832789.4725,7.5,8.45597490767,0.955974907672
340665.680375,3832793.84625,13.75,14.8382218656,1.08822186561
340616.063625,3832661.39375,9.9,8.59615964849,-1.30384035151
340617.624,3832665.83625,6.98,6.80482109054,-0.175178909459
340619.142,3832670.15625,11.16,9.96435129393,-1.19564870607
340620.484625,3832674.4975,8.31,6.89109496906,-1.41890503094
340622.028,3832678.8825,14.76,14.2147158989,-0.545284101146
340623.525625,3832683.13625,9.88,9.80602991367,-0.0739700863305
340625.046625,3832687.45625,7.48,8.93006421676,1.45006421676
340626.593625,3832691.85,13.08,12.7781295895,-0.301870410539
340628.068,3832696.04,11.03,9.56307641036,-1.46692358964
340629.59,3832700.36,5.95,6.68640457214,0.73640457214
340631.148375,3832704.7875,10.25,9.79233007402,-0.45766992598
340632.675125,3832709.12375,11.26,8.35408506655,-2.90591493345
340634.18875,3832713.4225,14.8,13.1018941613,-1.69810583868
340635.683,3832717.67,8.65,8.76747296339,0.117472963392
340637.205625,3832721.99,12.11,11.9220347793,-0.18796522068
340638.688,3832726.2025,11.86,13.0983756665,1.23837566655
340640.189625,3832730.4675,7.58,10.5322867895,2.95228678947
340641.699,3832734.75625,8.18,8.58008965039,0.400089650389
340643.21625,3832739.0625,14.24,12.4194325577,-1.82056744228
340644.764,3832743.4625,11.74,13.0634286317,1.32342863165
340646.281,3832747.77,14.96,13.2411972236,-1.71880277643
340647.784,3832752.03875,15.86,13.9189845204,-1.94101547956
340649.33275,3832756.4375,12.31,12.4379446209,0.127944620855
340652.367,3832765.05625,21.08,14.5415130164,-6.53848698364
340653.908875,3832769.43625,12.4,11.5877694763,-0.812230523685
340655.43,3832773.75625,15.02,11.5829745563,-3.43702544375
340656.929,3832778.0125,13.89,13.8656267318,-0.0243732681637
340658.457625,3832782.05,10.19,10.2670864896,0.0770864896394
340659.977375,3832786.37,12.79,14.6231003325,1.83310033253
340661.493,3832790.6825,7.68,8.30036323328,0.620363233284
340663.024375,3832795.04375,13.94,13.3345172623,-0.605482737671
340613.23575,3832662.39625,9.73,7.87532270653,-1.85467729347
340614.796375,3832666.8475,15.03,13.6393117585,-1.39068824154
340616.304125,3832671.15,13.43,7.38146142885,-6.04853857115
340617.650875,3832675.42875,8.86,9.71509307376,0.855093073763
340619.187375,3832679.80625,10.95,11.8051761597,0.855176159743
340620.686375,3832684.0725,8.46,7.51424146074,-0.945758539261
340622.216,3832688.43,6.12,5.50227162065,-0.617728379345
340623.75,3832692.79875,13.33,12.4426118953,-0.887388104723
340625.220125,3832696.9875,13.25,12.193609826,-1.05639017395
340626.743125,3832701.32375,14.38,11.8378670742,-2.54213292576
340628.271125,3832705.675,12.03,12.3007632354,0.270763235373
340629.78525,3832709.9875,10.53,11.7996094117,1.26960941169
340631.33475,3832714.4,9.42,8.79471334908,-0.625286650915
340632.895,3832718.8475,18.94,13.5578328988,-5.38216710119
340634.4145,3832723.175,13.82,11.6548874727,-2.16511252735
340635.84725,3832727.25375,10.71,10.2339200445,-0.476079955488
340637.315125,3832731.43375,11.51,10.9161172169,-0.593882783069
340638.805625,3832735.68,12.68,14.0131130717,1.33311307169
340640.33175,3832740.02625,7.99,12.1558268066,4.16582680657
340641.882375,3832744.4425,11.11,14.0909998151,2.98099981508
340644.821875,3832752.81125,14.76,13.7903965716,-0.969603428353
340646.4035,3832757.31625,13.4,13.7709175373,0.370917537258
340647.97725,3832761.80125,7.95,9.69907396874,1.74907396874
340649.515375,3832766.18375,12.68,12.5926249738,-0.0873750261713
340651.044625,3832770.5375,14.35,10.1629980915,-4.18700190845
340652.5265,3832774.7575,13.35,13.5602639425,0.210263942483
340654.004125,3832778.96625,10.1,10.4549856092,0.354985609195
340655.521625,3832783.03,8.22,8.60031877733,0.380318777326
340657.052125,3832787.39375,7.73,12.0061662225,4.27616622245
340658.55675,3832791.685,13.07,13.5908393729,0.520839372872
340660.073125,3832796.0125,15.82,11.5067951448,-4.3132048552
340610.547125,3832663.24375,12.38,13.7207349642,1.34073496418
340612.118125,3832667.71875,12.7,11.939119639,-0.760880361028
340613.646,3832672.0675,13.62,12.1608891224,-1.45911087759
340614.965625,3832676.32125,11.28,9.16137517521,-2.11862482479
340616.48875,3832680.6525,11.41,11.865815217,0.455815217046
340617.996625,3832684.9375,15.81,12.6833214634,-3.12667853665
340619.537875,3832689.32125,9.19,8.64301665191,-0.546983348095
340621.106625,3832693.77875,5.23,5.88417976035,0.654179760355
340622.555875,3832697.9,11.98,12.5988570405,0.618857040461
340624.027,3832702.07875,10.75,11.6266075121,0.876607512093
340625.605375,3832706.57,8.27,9.56579453198,1.29579453198
340627.147625,3832710.95375,13.32,11.9747387251,-1.34526127492
340628.64725,3832715.21625,13.15,11.1942159914,-1.95578400861
340630.185,3832719.59,11.88,12.493475375,0.613475374957
340631.71875,3832723.94875,6.84,8.59758923393,1.75758923393
340633.173875,3832728.085,13.49,10.6551229787,-2.83487702133
340634.65825,3832732.305,12.0,11.6726603082,-0.327339691807
340636.123875,3832736.47,16.42,13.6396928974,-2.78030710264
340637.669375,3832740.865,13.82,13.866307037,0.0463070370403
340639.241,3832745.3325,12.93,10.9301560079,-1.99984399208
340640.75175,3832749.62625,16.23,13.4544044809,-2.77559551906
340642.245375,3832753.87,12.93,13.6875322652,0.757532265216
340643.80725,3832758.3125,7.46,8.60712368684,1.14712368684
340645.3425,3832762.67625,9.27,10.1732988139,0.903298813898
340646.855875,3832766.97875,13.32,12.6963884717,-0.623611528341
340648.389875,3832771.34,8.48,9.79604918072,1.31604918072
340649.91325,3832775.67,14.56,13.680837426,-0.879162574005
340652.928375,3832783.9475,11.42,13.7774210097,2.3574210097
340654.479125,3832788.35875,11.03,9.82576970373,-1.20423029627
340655.99875,3832792.69125,6.62,6.90589777402,0.285897774016
340657.538625,3832797.07375,10.77,14.4638205473,3.69382054735
340607.779,3832664.17125,13.37,11.6792808667,-1.69071913329
340609.35375,3832668.65875,13.82,13.2144998276,-0.605500172359
340610.868875,3832672.98125,11.15,12.4874548187,1.33745481872
340612.205625,3832677.325,8.12,7.97491967001,-0.145080329995
340613.753125,3832681.73,10.3,9.74187663527,-0.558123364728
340615.2385,3832685.955,11.88,11.4881159037,-0.391884096283
340616.778375,3832690.3375,4.06,5.349562207,1.289562207
340618.323625,3832694.73375,6.29,6.18981707301,-0.100182926988
340619.778375,3832698.8725,8.44,9.77947459902,1.33947459902
340621.287375,3832703.165,10.56,11.2712718436,0.711271843645
340622.86475,3832707.6525,9.93,11.4518585699,1.52185856987
340624.396625,3832712.01,11.83,11.9653455286,0.135345528602
340625.90075,3832716.29,8.51,8.58515013958,0.0751501395833
340627.42075,3832720.615,7.83,6.75495941227,-1.07504058773
340628.9315,3832724.91,6.52,6.99402430229,0.474024302289
340630.395,3832729.075,7.85,8.2947332706,0.444733270602
340631.888375,3832733.32375,9.36,11.493813951,2.13381395096
340633.418375,3832737.67875,6.63,6.58454827421,-0.045451725792
340634.9465,3832742.025,10.33,10.0153039691,-0.314696030931
340636.462125,3832746.33875,13.6,13.4251732763,-0.174826723651
340637.95825,3832750.59125,12.92,12.4648357957,-0.455164204288
340639.458375,3832754.86125,5.97,6.74351104423,0.773511044233
340641.01425,3832759.2875,15.12,13.329280997,-1.790719003
340642.52075,3832763.575,13.72,13.9385032911,0.21850329107
340644.036125,3832767.88625,10.6,11.6117371935,1.01173719346
340645.585875,3832772.295,11.91,12.7237020002,0.813702000235
340647.09425,3832776.585,13.67,13.3718545282,-0.298145471848
340648.617,3832780.9175,8.94,11.4741633326,2.53416333258
340650.159625,3832784.9875,7.34,6.91271854656,-0.427281453437
340651.685875,3832789.33625,11.85,13.9326480628,2.0826480628
340653.209625,3832793.6825,13.83,13.8158995309,-0.0141004690581
340654.72975,3832798.01,10.49,12.6054628998,2.11546289985
340605.045625,3832665.13125,12.45,10.0567111865,-2.39328881354
340606.630375,3832669.6475,8.94,9.52926154387,0.589261543872
340608.150375,3832673.9825,11.35,11.859498133,0.509498132978
340609.4685,3832678.33625,10.67,10.445224806,-0.224775193983
340611.022125,3832682.75625,10.18,10.4513583165,0.27135831649
340612.509625,3832686.98875,10.34,10.4982287271,0.158228727143
340614.016625,3832691.27875,8.41,12.6888851189,4.27888511894
340616.998875,3832699.765,7.69,10.2717711126,2.58177111256
340618.518,3832704.08625,8.25,9.50813129048,1.25813129048
340620.100375,3832708.585,10.4,11.1110301614,0.711030161355
340621.615375,3832712.8975,12.36,11.6905806241,-0.669419375869
340623.125625,3832717.195,11.05,12.5131079808,1.46310798078
340624.6535,3832721.5425,11.99,10.8936418276,-1.09635817245
340626.1835,3832725.8975,14.9,12.0063552986,-2.89364470143
340627.64125,3832730.045,6.32,6.93204821439,0.612048214394
340629.127875,3832734.2725,5.03,8.80226474731,3.77226474731
340630.627125,3832738.54,11.9,12.3842571839,0.484257183867
340632.1465,3832742.8625,9.39,8.5741417813,-0.815858218703
340633.69625,3832747.27,14.83,12.7643288389,-2.06567116108
340635.190125,3832751.51875,11.1,10.0390500512,-1.06094994877
340636.701375,3832755.81875,11.34,11.1311473603,-0.208852639669
340638.263,3832760.26375,7.31,8.18455501477,0.874555014774
340639.77275,3832764.56125,12.83,13.6624382038,0.832438203838
340641.294625,3832768.88875,13.01,13.876072865,0.866072864987
340642.834375,3832773.27,14.82,13.395441237,-1.42455876299
340644.344,3832777.56625,8.22,7.9264494719,-0.293550528101
340645.861375,3832781.88375,9.36,6.59025111151,-2.76974888849
340647.391875,3832785.8825,7.74,7.34008836546,-0.399911634541
340650.44125,3832794.5775,5.13,7.38311175642,2.25311175642
340651.993875,3832799.00375,10.1,8.58086594432,-1.51913405568
340606.530125,3832679.2425,7.87,9.87267027576,2.00267027576
340608.10625,3832683.705,6.82,5.92798350312,-0.89201649688
340609.595375,3832687.9175,3.99,6.29293260847,2.30293260847
340611.088,3832692.145,6.9,7.70668722413,0.806687224127
340612.628125,3832696.50375,7.97,6.94229810613,-1.02770189387
340614.112375,3832700.7025,6.8,6.13777409681,-0.662225903189
340615.668875,3832705.10625,5.4,6.16988101876,0.769881018756
340617.252125,3832709.585,6.22,5.85310371426,-0.366896285738
340618.78075,3832713.91375,6.81,6.26162881672,-0.548371183282
340620.303,3832718.2225,8.06,7.31613561407,-0.743864385927
340621.81575,3832722.505,5.37,5.0832307543,-0.286769245698
340623.33925,3832726.81875,4.46,5.33736721125,0.87736721125
340624.8045,3832730.965,5.18,4.96844661153,-0.21155338847
340627.81625,3832739.4875,5.9,6.43317170654,0.533171706545
340629.34825,3832743.825,5.14,5.85593176015,0.715931760147
340632.39275,3832752.44375,6.93,6.09223149779,-0.837768502208
340633.916125,3832756.7525,6.82,7.0634140403,0.243414040302
340635.48925,3832761.205,5.96,7.71384342563,1.75384342563
340636.992875,3832765.46125,7.7,6.83857745788,-0.861422542123
340640.081375,3832774.2025,7.8,7.79280626108,-0.00719373892194
340643.126125,3832782.82,6.72,6.467256954,-0.252743045998
340603.900875,3832680.13625,8.36,9.85577998101,1.49577998101
340605.456875,3832684.5825,8.16,5.77324948699,-2.38675051301
340606.934875,3832688.8025,5.46,5.93582921942,0.47582921942
340608.442375,3832693.11125,9.27,8.85510453912,-0.414895460877
340611.386375,3832701.52,4.96,6.80145231222,1.84145231222
340612.9255,3832705.915,5.17,6.37007333639,1.20007333639
340614.522625,3832710.47875,6.51,6.31807279426,-0.191927205742
340616.036375,3832714.8025,6.21,6.26306347606,0.0530634760594
340617.548,3832719.1225,5.56,5.71460900188,0.154609001876
340622.01825,3832731.89,5.78,6.29685600515,0.51685600515
340623.51475,3832736.1675,5.71,6.60965466309,0.899654663087
340625.029875,3832740.49625,13.06,9.32787117939,-3.73212882061
340626.547375,3832744.83,5.0,5.19800975973,0.198009759734
340628.077875,3832749.2025,6.39,6.48463647239,0.0946364723856
340629.545,3832753.395,5.27,5.85444168951,0.584441689511
340631.045875,3832757.68125,6.95,6.08637332524,-0.86362667476
340632.6275,3832762.2,7.47,7.13407188504,-0.335928114958
340634.108,3832766.42875,7.5,6.58014623292,-0.91985376708
340635.585875,3832770.64875,8.49,9.9528937374,1.4628937374
340638.673,3832779.4675,6.74,7.00491237535,0.264912375349
340640.1695,3832783.7425,6.89,7.03520555253,0.145205552528
340600.827875,3832681.2025,5.79,6.01759557101,0.22759557101
340602.39125,3832685.6525,6.79,5.40442400655,-1.38557599345
340603.884875,3832689.905,5.51,5.32034021593,-0.189659784072
340605.398375,3832694.2125,6.35,6.40148391231,0.0514839123059
340606.91175,3832698.52125,2.99,6.52039275243,3.53039275243
340608.364625,3832702.655,5.72,7.09501400017,1.37501400017
340609.915625,3832707.07125,7.51,7.55557867879,0.0455786787917
340611.495875,3832711.5675,4.56,5.60364493286,1.04364493286
340613.004875,3832715.8625,7.26,5.97855650121,-1.28144349879
340616.065,3832724.57,4.1,6.11785890904,2.01785890904
340619.016625,3832732.97375,5.63,6.72849710697,1.09849710697
340620.501375,3832737.19875,6.36,6.43937107259,0.0793710725853
340622.017875,3832741.515,9.23,8.17953552558,-1.05046447442
340625.0645,3832750.1875,6.3,6.98737377165,0.687373771654
340626.571125,3832754.47375,5.73,6.35271446101,0.622714461007
340628.077625,3832758.75875,6.94,6.53905582128,-0.400944178723
340631.117,3832767.4125,9.3,6.43634780191,-2.86365219809
340635.702875,3832780.4625,7.5,7.27072385939,-0.229276140607
340637.219875,3832784.78125,5.97,6.66900731523,0.699007315226
340598.253625,3832681.97625,10.8,10.0627399472,-0.737260052782
340599.815125,3832686.42625,11.39,9.74426497332,-1.64573502668
340601.292,3832690.63375,4.3,7.08982147689,2.78982147689
340604.326375,3832699.28125,10.51,10.4589504771,-0.0510495228616
340607.30625,3832707.77,9.11,8.75751203278,-0.35248796722
340608.901875,3832712.3175,9.65,8.61582625848,-1.03417374152
340610.409375,3832716.61375,9.08,9.59999094174,0.519990941736
340613.475,3832725.35,8.07,8.54992782919,0.479927829187
340614.98225,3832729.64875,12.24,10.1050397299,-2.13496027008
340617.895625,3832737.95,8.53,8.80562482844,0.275624828443
340619.404625,3832742.2475,11.99,8.19265675209,-3.79734324791
340620.92975,3832746.59625,6.2,6.69273962965,0.492739629649
340622.463625,3832750.9675,9.25,8.85689916359,-0.393100836407
340625.440875,3832759.45,6.91,9.55187196353,2.64187196353
340627.013375,3832763.9325,10.2,10.0692374841,-0.130762515944
340628.515,3832768.21125,9.87,8.03010670099,-1.83989329901
340630.021375,3832772.50375,6.89,8.56122686552,1.67122686552
340633.093,3832781.2575,10.12,9.67291401703,-0.447085982971
340634.603625,3832785.5575,6.17,6.91182287402,0.74182287402
340618.14425,3832747.5375,9.01,11.2363406665,2.22634066649
340619.676,3832751.90375,11.12,9.98868934887,-1.13131065113
340625.723,3832769.14375,8.18,7.97224745321,-0.207752546787
340627.228375,3832773.43375,9.34,11.3477574366,2.0077574366
340628.788875,3832777.8825,7.68,9.35933934401,1.67933934401
340630.301,3832782.19375,8.24,9.5818577975,1.3418577975
