gps_eastings_UTMzone17N,gps_northings_UTMzone17N,actual_NEL3x_ADF,predicted_NEL3x_ADF,prediction_diff
340657.36925,3832647.82625,77.14,74.2483194967,-2.89168050331
340658.857125,3832652.01375,78.91,75.9594260561,-2.95057394393
340660.4055,3832656.37375,70.81,71.2742606265,0.464260626461
340662.024125,3832660.58,73.3,76.8493841007,3.54938410066
340663.54325,3832664.865,68.05,74.7572556366,6.70725563656
340666.651625,3832673.62875,68.02,70.373379799,2.35337979902
340668.227375,3832678.07375,75.87,73.7795001898,-2.09049981017
340669.763625,3832682.4025,73.29,73.9546820294,0.664682029446
340672.707375,3832690.71,73.04,73.2470234744,0.207023474365
340674.289625,3832695.1725,87.66,79.21920321,-8.44079678997
340675.80925,3832699.4575,100.62,72.0268048128,-28.5931951872
340677.24775,3832703.51,69.55,72.7924141741,3.2424141741
340678.79225,3832707.8675,74.6,71.1436382214,-3.45636177861
340681.877875,3832716.5725,75.66,73.7606932669,-1.89930673309
340683.3845,3832720.81875,83.82,77.278147389,-6.54185261104
340684.892,3832725.07,85.13,72.9646242884,-12.1653757116
340686.475125,3832729.535,72.69,75.7978794198,3.10787941979
340688.06125,3832734.00875,72.38,71.468881733,-0.911118267022
340689.573625,3832738.275,69.41,71.4022211167,1.99222111671
340692.63525,3832746.90625,70.95,71.7748648847,0.824864884702
340694.176375,3832751.25625,79.82,76.0630065511,-3.75699344893
340695.681125,3832755.5,72.0,75.2515606653,3.25156066528
340697.21225,3832759.815,74.07,74.9129519838,0.842951983774
340698.702125,3832764.0175,70.1,72.0497909369,1.94979093694
340700.151125,3832768.3325,69.36,70.356709167,0.996709167046
340701.64,3832772.52375,69.87,80.2493190396,10.3793190396
340703.117,3832776.6825,80.06,69.6328595843,-10.4271404157
340704.637625,3832780.96875,74.09,74.0056868532,-0.0843131468472
340654.725375,3832648.66375,67.19,69.3839963975,2.19399639752
340656.217,3832652.87,69.56,70.9055981282,1.34559812818
340657.762375,3832657.23,67.53,69.7686972938,2.23869729383
340660.900375,3832665.6825,75.22,69.5454482284,-5.67455177156
340662.434625,3832670.01375,68.77,67.9384715103,-0.831528489685
340663.976625,3832674.3675,69.72,67.1363377693,-2.58366223067
340667.087125,3832683.15875,70.12,70.0162991915,-0.103700808495
340668.586375,3832687.39,68.49,68.5067346112,0.0167346111577
340673.13775,3832700.2425,67.85,69.1272036398,1.27720363981
340674.547,3832704.22,66.9,68.1802256585,1.28022565848
340676.096625,3832708.6,70.77,68.5806929887,-2.18930701129
340677.661,3832713.0175,64.12,69.1015472246,4.98154722456
340679.204,3832717.37625,65.13,67.7815521024,2.65155210242
340680.714375,3832721.6425,70.66,70.0076580022,-0.652341997827
340682.21675,3832725.88375,80.35,73.0174174422,-7.33258255776
340683.79,3832730.3275,64.93,70.4190361282,5.4890361282
340686.884375,3832739.06875,67.71,69.2149392266,1.50493922665
340688.39225,3832743.32375,67.85,67.9890921014,0.139092101375
340689.941,3832747.7,71.61,68.2520910378,-3.3579089622
340691.471625,3832752.02375,67.19,68.7777232413,1.58772324134
340692.984625,3832756.29625,67.4,67.8873133221,0.487313322132
340694.519125,3832760.63,68.89,69.2227072444,0.332707244411
340695.998,3832764.80625,70.19,69.2034136734,-0.986586326623
340697.447375,3832769.16,69.83,69.1580999468,-0.671900053224
340698.936375,3832773.35625,70.88,68.8967855397,-1.98321446026
340700.409625,3832777.5125,66.48,69.388903054,2.90890305396
340701.927625,3832781.79375,65.81,70.3563328499,4.5463328499
340651.95625,3832649.77375,66.6,70.2271775533,3.6271775533
340653.442375,3832653.96875,66.48,68.4362427648,1.9562427648
340656.590875,3832662.60875,69.4,67.5564212665,-1.84357873346
340658.10975,3832666.89625,70.23,69.7597899197,-0.470210080257
340661.17275,3832675.55125,68.83,69.6699173509,0.839917350867
340662.762625,3832680.04125,74.01,69.4901256049,-4.51987439512
340664.273125,3832684.315,72.93,70.7930825705,-2.13691742947
340665.77825,3832688.56625,61.18,67.4798277647,6.29982776469
340667.282375,3832692.815,72.46,68.9373316024,-3.52266839756
340670.33075,3832701.4225,63.38,68.4450413618,5.06504136182
340671.75075,3832705.435,66.84,69.8117550324,2.9717550324
340673.294,3832709.79625,62.01,67.1600209078,5.15002090782
340674.86025,3832714.225,71.4,70.701854933,-0.698145066961
340676.404125,3832718.5825,68.94,68.5846933253,-0.355306674722
340677.908375,3832722.835,72.64,67.7720595564,-4.86794044358
340682.5475,3832735.93875,67.97,67.9576010527,-0.0123989472811
340684.071625,3832740.24625,66.12,68.2455976726,2.12559767259
340685.592,3832744.54,67.19,67.8325467303,0.642546730299
340687.1455,3832748.92875,74.03,68.3045977269,-5.7254022731
340688.662125,3832753.21375,67.7,68.66670853,0.966708530036
340690.158375,3832757.44,69.04,68.0535269325,-0.986473067465
340691.69625,3832761.7875,72.71,69.3649607458,-3.34503925417
340693.194625,3832766.02,79.09,69.5617452043,-9.52825479566
340694.664375,3832770.335,68.52,67.9063680856,-0.6136319144
340696.157125,3832774.54625,68.99,69.7457567199,0.755756719936
340697.63675,3832778.7225,68.31,68.0405082234,-0.26949177664
340699.155375,3832783.0125,67.5,69.0308807376,1.53088073761
340649.202375,3832650.48125,75.0,70.8050767154,-4.19492328464
340650.703625,3832654.72,71.46,68.7290206184,-2.73097938155
340652.245375,3832659.07375,75.42,70.6675578901,-4.75244210994
340655.347125,3832667.5675,67.66,68.0936505135,0.43365051351
340656.876125,3832671.8875,61.16,69.1915943707,8.03159437072
340658.415125,3832676.2375,71.5,69.2620881523,-2.23791184773
340661.513,3832685.0,63.87,67.7616117492,3.89161174922
340663.015375,3832689.24125,67.96,67.9762342572,0.0162342571807
340666.073875,3832697.88625,67.65,69.063504714,1.413504714
340667.573625,3832702.12625,68.54,69.4351160336,0.895116033624
340668.995,3832706.14,71.47,67.8579517079,-3.61204829205
340670.54075,3832710.51,70.28,67.8387298123,-2.44127018769
340672.093875,3832714.9025,69.08,69.6933531393,0.613353139314
340673.630375,3832719.24625,67.8,69.5447384672,1.74473846717
340675.140625,3832723.51375,68.53,68.875932907,0.345932907045
340676.64525,3832727.7675,75.31,69.0864974667,-6.22350253328
340678.215,3832732.2025,71.18,70.977364832,-0.20263516798
340679.781,3832736.63125,75.55,68.0155245142,-7.53447548582
340681.298625,3832740.92,70.27,68.3861760599,-1.88382394011
340682.81225,3832745.1975,69.69,70.6772515991,0.98725159912
340684.357,3832749.56375,67.69,71.584784653,3.89478465299
340685.885375,3832753.88375,75.88,74.7335230855,-1.14647691452
340687.402125,3832758.1725,62.09,67.8879042311,5.7979042311
340688.935,3832762.50625,64.34,67.3603848506,3.02038485056
340690.416625,3832766.6925,90.7,70.2216862084,-20.4783137916
340691.877375,3832771.0,69.78,70.3264704457,0.546470445741
340693.370625,3832775.21375,71.5,70.4530599236,-1.04694007638
340694.85,3832779.3925,66.48,71.1544926678,4.67449266783
340696.37,3832783.68375,76.53,69.7690210374,-6.76097896258
340646.2765,3832651.48875,69.93,69.6858108508,-0.244189149166
340647.78925,3832655.76375,64.76,71.6568827677,6.89688276771
340649.328625,3832660.11,73.61,73.271623416,-0.338376584027
340650.865375,3832664.29125,64.68,67.7082592667,3.02825926668
340652.377625,3832668.565,71.63,74.1889732111,2.55897321111
340653.902,3832672.87375,70.09,72.9206609119,2.83066091192
340655.423375,3832677.17375,71.63,72.6029302716,0.972930271623
340657.00725,3832681.65125,66.04,72.1258071776,6.08580717757
340658.562375,3832686.05,66.89,73.1245189206,6.2345189206
340660.06425,3832690.2925,64.35,66.5715575418,2.22155754184
340661.574875,3832694.56,66.76,69.9677295476,3.20772954764
340663.155875,3832699.0275,61.67,67.5349876522,5.86498765225
340664.65625,3832703.27,84.7,71.8331250204,-12.8668749796
340666.07375,3832707.2725,64.38,73.6083957075,9.22839570747
340667.621,3832711.6475,68.71,68.061446639,-0.64855336102
340669.16025,3832715.995,66.82,71.5479741337,4.72797413372
340670.666125,3832720.2525,64.81,72.2940802299,7.48408022986
340672.171375,3832724.5075,80.34,72.3524699315,-7.98753006849
340673.698875,3832728.8225,83.82,70.7520985703,-13.0679014297
340675.271625,3832733.2675,67.18,69.6599105858,2.47991058582
340676.821875,3832737.6525,67.88,68.2279801426,0.347980142647
340678.371875,3832742.02875,69.4,70.7829094476,1.38290944758
340679.882,3832746.29875,70.92,71.5164778847,0.596477884712
340681.397625,3832750.58125,67.91,68.7007803671,0.790780367077
340682.926875,3832754.90375,74.12,72.5979579952,-1.52204200478
340684.446125,3832759.1975,75.69,75.5502953348,-0.139704665188
340685.98325,3832763.5425,64.53,69.3538494133,4.82384941327
340687.469,3832767.74125,62.38,69.4421250048,7.06212500484
340688.943875,3832772.015,68.68,71.8067384821,3.12673848207
340690.431625,3832776.21375,69.53,72.026551915,2.49655191501
340691.914,3832780.4025,64.55,69.3027526276,4.7527526276
340693.447625,3832784.735,63.67,69.2736512114,5.60365121144
340643.636,3832652.24,71.24,70.4206812088,-0.819318791189
340645.150125,3832656.51875,78.23,72.6172098904,-5.61279010962
340646.6925,3832660.8725,65.47,72.8098085236,7.33980852359
340648.226125,3832665.0975,68.34,72.9965534711,4.65655347115
340649.75225,3832669.41,84.01,72.1655274569,-11.8444725431
340651.287375,3832673.745,88.17,70.6195290356,-17.5504709644
340652.852125,3832678.1675,63.02,68.2469476121,5.22694761209
340654.455625,3832682.7,68.56,70.3375337225,1.77753372251
340655.888875,3832686.7525,71.75,69.2466101778,-2.50338982223
340657.397625,3832691.01375,62.31,67.4750240787,5.16502407867
340658.91425,3832695.2975,68.6,71.2287953801,2.62879538013
340660.460125,3832699.6675,72.04,66.7325854822,-5.3074145178
340661.97225,3832703.94,66.28,68.5528999167,2.27289991674
340663.41625,3832708.0175,67.61,66.8139025922,-0.796097407765
340664.935,3832712.31375,66.09,68.907834499,2.81783449897
340666.48425,3832716.68625,71.67,73.9365737141,2.26657371405
340668.03375,3832721.06625,68.36,73.2052517082,4.84525170819
340669.54275,3832725.33,69.13,66.444359758,-2.68564024199
340671.04675,3832729.58,70.34,70.7687369785,0.428736978536
340672.59575,3832733.9575,64.82,68.8159528946,3.99595289456
340674.152,3832738.35625,67.25,70.5495895676,3.29958956763
340675.687375,3832742.69125,66.35,68.5645422293,2.21454222926
340677.20275,3832746.975,71.94,68.4250273034,-3.5149726966
340678.7355,3832751.30875,65.48,67.2633579853,1.78335798533
340680.24925,3832755.58375,73.09,72.8263715332,-0.263628466794
340681.799,3832759.96,67.65,69.2009815627,1.55098156266
340683.34025,3832764.3175,67.29,73.6948392811,6.40483928112
340684.823375,3832768.5075,75.93,72.7479200531,-3.18207994695
340686.320375,3832772.8125,65.53,68.225132845,2.69513284501
340687.81475,3832777.03125,69.06,72.1600183312,3.10001833116
340689.293625,3832781.2075,67.24,68.9131792797,1.67317927968
340690.804875,3832785.47875,68.55,72.4110599807,3.86105998071
340640.976125,3832653.20375,78.41,69.3641286056,-9.0458713944
340642.502375,3832657.525,67.72,68.1288342485,0.408834248472
340644.052625,3832661.91125,68.5,71.3865679895,2.88656798947
340645.566125,3832666.13875,81.23,73.1003186783,-8.12968132168
340647.087125,3832670.44375,70.95,68.6947242364,-2.25527576356
340648.619625,3832674.7825,65.44,72.326608249,6.88660824904
340650.1365,3832679.07625,66.72,71.7344697156,5.01446971564
340651.697,3832683.49125,70.45,68.0463415277,-2.40365847232
340653.214375,3832687.79,73.31,69.3844409169,-3.92555908307
340654.725,3832692.06375,77.71,70.3261689857,-7.38383101428
340656.246625,3832696.37125,74.88,71.7552124398,-3.12478756019
340657.7895,3832700.73625,67.67,70.9063073978,3.23630739782
340659.2865,3832704.975,77.56,71.1846600486,-6.37533995141
340660.7295,3832709.055,65.21,69.2419588729,4.03195887292
340662.29025,3832713.475,69.37,73.0821325182,3.71213251819
340663.821,3832717.81,74.89,77.2550208136,2.36502081361
340665.330125,3832722.0775,94.11,72.4876234015,-21.6223765985
340666.847875,3832726.37625,74.02,69.8347729307,-4.18522706931
340668.37075,3832730.6875,70.97,71.8129678567,0.842967856737
340669.939,3832735.1225,68.7,70.9472244185,2.24722441851
340671.4645,3832739.44125,77.71,74.6914953449,-3.0185046551
340672.968625,3832743.7,67.79,68.8198248627,1.02982486274
340674.511,3832748.065,76.21,69.2816221468,-6.92837785316
340676.05175,3832752.425,65.33,68.6193118756,3.28931187565
340677.583875,3832756.76125,73.52,70.1326450068,-3.38735499316
340679.118375,3832761.02667,77.33,71.7038319448,-5.62616805516
340680.62775,3832765.3775,66.76,76.0003722568,9.24037225682
340682.091875,3832769.5225,66.74,72.1778494143,5.43784941434
340683.581375,3832773.7775,71.95,72.5542513826,0.60425138257
340685.078125,3832778.01625,63.88,70.9888778154,7.10887781545
340686.5475,3832782.17125,67.86,71.042396674,3.18239667399
340688.069125,3832786.48125,80.16,71.8950224443,-8.2649775557
340637.955,3832654.18375,71.72,67.803865379,-3.91613462102
340639.4715,3832658.47875,69.03,72.9688659688,3.93886596877
340640.99,3832662.78,87.44,71.0264084147,-16.4135915853
340642.495875,3832667.0325,66.0,69.5373574391,3.53735743915
340644.03175,3832671.3825,68.71,73.0924856853,4.3824856853
340645.535125,3832675.64,68.06,74.3133756177,6.25337561769
340647.059625,3832679.955,66.61,71.9140016516,5.30400165157
340648.620375,3832684.37625,69.35,71.713390728,2.36339072801
340650.127625,3832688.645,70.63,72.0668207514,1.43682075144
340651.645625,3832692.9425,66.79,73.2040586473,6.41405864728
340653.163875,3832697.2425,72.83,70.407818473,-2.42218152703
340654.699875,3832701.59,74.68,67.4279693786,-7.25203062135
340656.2,3832705.8375,66.72,67.7937347159,1.07373471589
340657.56575,3832709.7,72.1,72.6934067192,0.593406719235
340659.14625,3832714.1825,73.2,74.1289047,0.928904699995
340660.722875,3832718.645,63.57,68.6079143001,5.03791430013
340662.266375,3832723.01375,69.51,71.3574717521,1.84747175212
340663.786125,3832727.32,68.89,70.5299010247,1.6399010247
340665.282,3832731.5525,82.07,77.1900935512,-4.87990644876
340666.843375,3832735.9775,74.98,74.2582743683,-0.721725631713
340668.392125,3832740.35875,67.11,67.1702500443,0.060250044341
340669.88575,3832744.58875,64.57,68.8710173054,4.30101730537
340671.3905,3832748.84875,74.63,74.1883498555,-0.441650144456
340672.938,3832753.23375,68.26,68.4586340876,0.198634087575
340674.485375,3832757.61375,66.35,72.2780710163,5.92807101634
340676.015625,3832761.9475,69.32,69.1592405963,-0.160759403655
340677.5485,3832766.28875,69.59,72.8884595307,3.2984595307
340679.03525,3832770.49875,69.21,68.2033022551,-1.00669774486
340680.513875,3832774.6975,81.1,72.694194802,-8.40580519802
340682.012875,3832778.94375,72.99,74.3511998073,1.36119980733
340683.5095,3832783.1825,66.56,71.8665001698,5.30650016978
340685.032125,3832787.49,68.5,76.4685521693,7.96855216933
340635.399875,3832654.99125,72.51,72.1195750759,-0.390424924112
340636.933375,3832659.34,68.08,68.51023902,0.430239019963
340638.472125,3832663.705,79.36,76.9830500437,-2.37694995627
340639.949875,3832667.94875,66.39,71.8777742276,5.48777422757
340641.477125,3832672.2775,78.03,73.5457245125,-4.48427548754
340642.987875,3832676.56375,67.92,74.1817151602,6.26171516021
340644.519125,3832680.90625,75.34,73.9229208457,-1.4170791543
340646.084875,3832685.34625,82.07,69.7429667504,-12.3270332496
340647.592875,3832689.625,84.35,72.4869470204,-11.8630529796
340649.10725,3832693.91875,69.58,74.2293132544,4.6493132544
340650.636375,3832698.2575,69.21,71.6881151986,2.47811519862
340652.169625,3832702.6025,92.24,68.8582186837,-23.3817813163
340653.661,3832706.8325,68.91,68.6594402376,-0.250559762372
340655.1325,3832711.00875,66.9,68.3130247199,1.4130247199
340656.6615,3832715.34375,73.86,73.2706696401,-0.589330359948
340658.14875,3832719.56,73.77,72.9622996752,-0.807700324789
340659.686375,3832723.9225,68.16,71.3558735712,3.19587357118
340661.231625,3832728.305,74.24,75.2877956373,1.04779563725
340662.716625,3832732.51625,71.76,75.0355415347,3.2755415347
340664.277,3832736.94125,68.17,73.3142005405,5.14420054045
340665.84125,3832741.37625,76.55,74.8800915732,-1.66990842685
340667.355875,3832745.67125,75.47,71.3955913599,-4.07440864007
340668.878375,3832749.9925,69.19,71.8580178766,2.66801787655
340670.395,3832754.29375,67.77,68.6857987772,0.915798777233
340671.911625,3832758.59375,69.42,74.9732034549,5.55320345489
340673.438875,3832762.92625,74.05,76.1233072044,2.07330720441
340674.97825,3832767.29,79.74,74.7632232522,-4.97677674778
340676.464125,3832771.5075,78.34,74.6031480324,-3.73685196762
340677.929875,3832775.64,68.85,70.980125026,2.13012502605
340679.420875,3832779.87125,69.86,71.2064646167,1.34646461665
340680.9095,3832784.095,72.05,71.3214963763,-0.72850362371
340682.438,3832788.42875,71.88,77.075406529,5.19540652905
340632.633,3832655.93875,70.85,72.5118545346,1.66185453465
340634.163875,3832660.27875,75.49,72.8814827214,-2.60851727865
340635.693625,3832664.61625,71.12,76.9572712323,5.83727123228
340637.157625,3832668.89,69.16,71.8954176109,2.73541761087
340638.687875,3832673.22375,69.96,68.563767655,-1.39623234502
340640.201,3832677.5125,68.15,69.7443698017,1.59436980174
340641.731,3832681.84625,79.68,73.3958103771,-6.28418962293
340643.294,3832686.27625,85.14,74.2497681326,-10.8902318674
340644.790625,3832690.52,84.05,72.7238012592,-11.3261987408
340646.302625,3832694.8,67.9,71.9441094488,4.0441094488
340647.833625,3832699.1375,69.03,68.4395945909,-0.590405409138
340649.374375,3832703.50375,70.87,67.8856192595,-2.98438074051
340650.88125,3832707.7725,64.32,68.2078707093,3.88787070926
340652.339,3832711.91,67.79,70.2002430122,2.41024301217
340653.87325,3832716.25,75.77,74.0358774318,-1.73412256818
340655.391,3832720.5525,69.67,76.1098640012,6.43986400124
340656.91,3832724.85625,64.98,69.4108196639,4.43081966392
340658.419875,3832729.13375,73.07,74.5180571949,1.44805719487
340659.93075,3832733.4175,76.51,69.3307154985,-7.1792845015
340661.489375,3832737.8325,68.13,70.7634220051,2.63342200513
340663.031,3832742.2,79.86,75.1117296081,-4.74827039192
340664.541125,3832746.48,75.38,71.833571089,-3.54642891098
340666.07275,3832750.8175,85.77,74.8799464075,-10.8900535925
340667.604,3832755.15625,71.1,75.1791977454,4.07919774544
340669.126125,3832759.47,68.4,74.5305497596,6.13054975962
340670.655625,3832763.8025,77.29,70.7818860192,-6.50811398077
340672.183,3832768.1325,73.95,76.6294672158,2.67946721578
340673.672625,3832772.3525,68.29,72.858523232,4.56852323202
340675.167625,3832776.52,69.55,72.1899873769,2.63998737687
340676.674,3832780.79125,72.18,70.1982271054,-1.98177289458
340678.171125,3832785.0375,75.18,75.4057362285,0.225736228536
340679.697375,3832789.36375,69.66,71.8192924081,2.15929240812
340629.882625,3832656.90125,83.79,73.3554192122,-10.4345807878
340631.42475,3832661.27375,81.41,71.5387903292,-9.87120967085
340632.94275,3832665.5825,69.32,73.1506900474,3.83069004742
340634.385875,3832669.81125,74.26,71.6292077962,-2.63079220381
340635.932,3832674.1975,69.92,69.4953865991,-0.424613400946
340637.455625,3832678.515,64.01,71.0092509485,6.99925094854
340638.984375,3832682.8475,68.29,75.6582805072,7.36828050716
340640.526625,3832687.22125,67.46,73.8458305355,6.38583053545
340642.012375,3832691.435,77.49,76.0371928971,-1.45280710292
340643.53675,3832695.75375,64.71,70.2418276488,5.5318276488
340645.064625,3832700.085,67.25,70.377301278,3.12730127799
340646.598625,3832704.4325,65.89,68.2183259474,2.32832594744
340648.12275,3832708.75375,79.71,74.0361670914,-5.67383290858
340649.57025,3832712.86,88.87,73.4655281288,-15.4044718712
340651.0775,3832717.13,73.84,75.8803784134,2.04037841337
340652.61875,3832721.495,74.5,71.4797351473,-3.02026485271
340654.148375,3832725.8325,65.6,77.3591165357,11.7591165357
340655.6605,3832730.12,74.3,74.5586361078,0.258636107793
340657.16625,3832734.39,72.41,75.8796403553,3.46964035531
340658.72775,3832738.815,67.11,70.0385332565,2.92853325647
340660.263875,3832743.16875,89.31,75.6835639262,-13.6264360738
340661.764375,3832747.42125,69.24,72.0391839485,2.79918394851
340663.30175,3832751.77625,71.17,71.2553402738,0.0853402737612
340664.83525,3832756.1275,72.24,72.8416420105,0.601642010544
340666.353,3832760.43125,71.69,76.7588566217,5.0688566217
340667.888625,3832764.7825,78.12,71.0617109163,-7.05828908365
340669.43025,3832769.15,73.63,76.8384827367,3.20848273671
340670.897,3832773.30875,84.31,74.3150545058,-9.99494549417
340672.388375,3832777.4575,80.11,76.176398474,-3.93360152601
340673.901375,3832781.75125,74.2,70.4219357937,-3.77806420629
340675.39175,3832785.9775,75.66,75.9836615344,0.323661534376
340676.917125,3832790.305,76.66,74.0603907146,-2.59960928536
340627.53225,3832657.50625,66.66,71.8178193909,5.15781939092
340629.068375,3832661.875,72.92,72.782984819,-0.137015180956
340630.598625,3832666.225,81.13,72.0420760177,-9.08792398226
340632.05525,3832670.565,70.9,69.1530252541,-1.7469747459
340633.590625,3832674.9275,71.44,72.1834745557,0.743474555744
340635.089375,3832679.185,68.78,73.8177496958,5.03774969579
340636.611625,3832683.51125,83.61,73.6820998238,-9.92790017623
340638.169,3832687.93375,69.51,71.4569296989,1.9469296989
340639.659375,3832692.17,74.56,75.2156777801,0.655677780106
340641.182875,3832696.49875,67.96,68.3705754722,0.410575472193
340642.739125,3832700.92,70.2,68.6643037674,-1.53569623263
340644.263,3832705.25,68.31,69.0267045676,0.716704567617
340645.754,3832709.485,76.61,74.9981498896,-1.61185011043
340647.22075,3832713.655,67.88,72.6668072477,4.78680724772
340648.73525,3832717.95625,71.39,76.7739990074,5.38399900743
340650.2285,3832722.19875,77.47,73.3774725649,-4.09252743514
340651.735125,3832726.47625,69.81,72.6077701114,2.79777011138
340654.779,3832735.125,65.27,71.7027189079,6.43271890786
340656.331875,3832739.5375,71.32,72.1704948269,0.850494826857
340657.874,3832743.91875,63.15,69.1210850938,5.97108509383
340659.345875,3832748.0975,84.78,76.1415567095,-8.63844329048
340660.87925,3832752.4575,71.19,76.5662338698,5.37623386984
340662.41725,3832756.82875,67.66,68.7263495003,1.06634950029
340663.910625,3832761.06875,68.29,75.1791757472,6.88917574717
340665.424125,3832765.37,78.69,77.170260693,-1.51973930699
340666.945125,3832769.69125,76.58,74.0902946626,-2.48970533738
340671.491375,3832782.49625,76.69,75.9199696595,-0.770030340523
340672.9935,3832786.7675,70.43,70.216845699,-0.213154300963
340674.523375,3832791.11875,79.62,74.9336121314,-4.68638786857
340624.234125,3832658.58875,70.26,70.8352047342,0.575204734246
340625.7845,3832662.98875,68.51,72.8522338346,4.34223383464
340627.303,3832667.29875,67.38,71.2684452096,3.88844520956
340628.728875,3832671.58625,68.58,69.9085309137,1.32853091367
340630.27925,3832675.9825,80.6,71.0635632282,-9.53643677183
340631.779875,3832680.23875,81.14,73.6391043857,-7.50089561426
340633.286875,3832684.515,75.46,70.6038213175,-4.85617868245
340634.842125,3832688.92375,67.7,70.4464550545,2.74645505449
340636.346375,3832693.195,60.03,67.109407671,7.07940767102
340637.867625,3832697.505,74.84,73.1637744888,-1.67622551116
340639.41575,3832701.8975,70.07,71.8880217202,1.81802172015
340640.946125,3832706.23625,79.34,73.1583571288,-6.18164287121
340642.45775,3832710.5275,85.56,69.659027694,-15.900972306
340643.94725,3832714.7525,68.83,71.5506458167,2.72064581667
340645.47175,3832719.0725,75.07,71.2080670135,-3.86193298651
340646.977875,3832723.3475,75.21,74.9297487917,-0.280251208306
340648.488125,3832727.63,72.09,74.0588189726,1.96881897256
340649.986625,3832731.87875,68.14,74.2583582216,6.11835822165
340651.487375,3832736.135,76.61,76.2471242124,-0.362875787628
340653.05175,3832740.575,65.99,71.4521240109,5.46212401088
340654.60175,3832744.97125,73.91,76.2327615358,2.32276153575
340656.089625,3832749.19125,68.13,78.933135018,10.803135018
340657.6235,3832753.54,67.84,74.5363066521,6.6963066521
340659.15425,3832757.88375,72.75,76.1506615396,3.40066153959
340660.661875,3832762.15875,88.99,77.6099662605,-11.3800337395
340662.201375,3832766.525,76.99,74.5134755935,-2.47652440653
340663.73025,3832770.8625,77.26,73.6303625865,-3.62963741347
340666.738375,3832779.2525,69.66,75.1141686307,5.45416863072
340668.270625,3832783.60625,73.55,75.0770260844,1.52702608438
340669.75875,3832787.8325,71.35,74.7674022713,3.41740227129
340671.285125,3832792.16375,84.89,76.2256637969,-8.6643362031
340621.4805,3832659.50875,73.67,72.2276906874,-1.44230931258
340623.016125,3832663.86875,71.55,71.0960357521,-0.453964247922
340624.525375,3832668.155,82.02,71.5452783378,-10.4747216622
340625.950625,3832672.4975,81.44,72.8017905449,-8.63820945506
340627.499875,3832676.89125,73.36,73.2707692081,-0.0892307919131
340628.994,3832681.13,65.55,68.820589775,3.27058977496
340630.51275,3832685.43625,71.17,71.5972077584,0.427207758413
340632.074375,3832689.86625,72.55,69.5846754503,-2.9653245497
340633.540375,3832694.025,79.06,71.5710887912,-7.48891120883
340635.0685,3832698.35875,66.46,69.9707690713,3.51076907133
340636.645375,3832702.82875,75.65,73.1116079568,-2.53839204323
340638.184375,3832707.1925,71.03,75.7356741591,4.70567415909
340639.71675,3832711.5425,67.56,70.2273668937,2.66736689367
340641.08625,3832715.4275,64.12,69.453894962,5.33389496195
340642.62875,3832719.8025,66.87,72.9427297612,6.07272976119
340644.16825,3832724.165,71.87,72.060753071,0.190753071011
340645.693,3832728.49125,66.7,68.5583153229,1.85831532285
340647.192625,3832732.745,79.82,74.5343587887,-5.28564121134
340648.6705,3832736.935,85.94,78.0619229006,-7.87807709945
340650.218,3832741.32375,74.57,74.2051598194,-0.36484018063
340651.772625,3832745.73375,72.25,74.8221919705,2.57219197052
340653.279875,3832750.00625,74.82,76.1086254598,1.28862545975
340656.31525,3832758.61625,71.63,71.5596465206,-0.0703534794156
340657.872875,3832763.03625,78.98,80.3133566988,1.33335669881
340660.93475,3832771.72,74.31,75.6897929181,1.37979291812
340662.431625,3832775.96375,81.03,71.0374588558,-9.99254114422
340663.912875,3832779.9875,68.16,71.3561786051,3.19617860515
340665.419375,3832784.26875,75.75,75.4595293329,-0.290470667141
340666.954,3832788.6275,67.16,71.6494252196,4.4894252196
340668.4875,3832792.9825,73.56,76.4442320305,2.8842320305
340618.7585,3832660.45625,67.89,71.1893222984,3.2993222984
340620.315125,3832664.88,66.78,69.4794143423,2.69941434228
340621.827625,3832669.1775,64.73,70.3103121305,5.58031213054
340623.205125,3832673.43125,68.98,73.0225405147,4.04254051475
340624.725625,3832677.7475,66.0,72.9337943583,6.93379435834
340626.198625,3832681.93,66.05,70.0674779315,4.01747793148
340627.723625,3832686.26,66.25,72.6013488299,6.35134882995
340629.3,3832690.73625,65.4,71.135370536,5.73537053603
340630.808125,3832695.02,69.9,75.0745599624,5.17455996236
340632.313875,3832699.29125,68.62,73.7585311985,5.13853119851
340633.839125,3832703.625,81.13,73.4854273234,-7.6445726766
340635.340375,3832707.8875,68.55,74.9467723963,6.39677239627
340636.861,3832712.205,73.2,71.4434547419,-1.75654525815
340638.37475,3832716.505,69.9,71.2078572332,1.30785723321
340639.8745,3832720.76125,69.13,71.3581923244,2.22819232438
340641.352,3832724.955,80.07,74.8896298681,-5.18037013185
340642.852875,3832729.215,87.09,76.134522351,-10.955477649
340644.363125,3832733.5025,71.32,71.6992645383,0.379264538261
340645.885,3832737.825,79.17,75.2555159477,-3.91448405232
340647.443625,3832742.2475,84.85,79.9757978597,-4.87420214031
340648.97425,3832746.59625,65.55,70.2431091812,4.6931091812
340650.489375,3832750.8975,63.93,71.0982398866,7.16823988663
340652.0315,3832755.275,86.27,75.4157750411,-10.8542249589
340653.53,3832759.53,70.44,78.8902203281,8.45022032809
340655.017375,3832763.75125,79.76,74.4399493488,-5.32005065115
340656.56675,3832768.1525,73.94,73.9550044934,0.0150044934394
340658.10225,3832772.5125,70.39,74.800952116,4.41095211601
340659.613625,3832776.8025,72.39,72.8884491142,0.498449114162
340661.128625,3832780.90125,81.01,73.9932248425,-7.01677515754
340662.62325,3832785.15625,78.85,71.5642405819,-7.2857594181
340664.142625,3832789.4725,67.75,71.0764173502,3.32641735024
340665.680375,3832793.84625,81.49,78.9743321265,-2.51566787354
340616.063625,3832661.39375,66.47,72.9469704288,6.47697042882
340617.624,3832665.83625,69.28,69.9595886463,0.679588646308
340619.142,3832670.15625,71.11,71.4461811504,0.336181150365
340620.484625,3832674.4975,71.33,70.2647155937,-1.06528440634
340622.028,3832678.8825,74.06,79.4348721797,5.37487217972
340623.525625,3832683.13625,67.96,71.0081823564,3.04818235644
340625.046625,3832687.45625,67.52,69.6707223079,2.15072230792
340626.593625,3832691.85,72.98,73.0109569379,0.0309569378821
340628.068,3832696.04,72.73,70.0223091191,-2.70769088095
340629.59,3832700.36,70.37,69.1538584239,-1.21614157607
340631.148375,3832704.7875,84.62,70.8121313143,-13.8078686857
340632.675125,3832709.12375,77.44,69.2354936138,-8.20450638616
340634.18875,3832713.4225,70.49,74.2820078482,3.79200784821
340635.683,3832717.67,71.01,70.3991261031,-0.61087389692
340637.205625,3832721.99,74.0,72.0821052754,-1.91789472459
340638.688,3832726.2025,85.72,76.9635951852,-8.75640481481
340640.189625,3832730.4675,74.84,72.1174584817,-2.72254151826
340641.699,3832734.75625,72.82,69.8224501145,-2.99754988546
340643.21625,3832739.0625,76.49,75.5829637165,-0.907036283511
340644.764,3832743.4625,72.29,77.2339659385,4.94396593855
340646.281,3832747.77,79.32,74.3228423912,-4.99715760885
340647.784,3832752.03875,70.16,75.6928165547,5.53281655473
340649.33275,3832756.4375,76.79,75.505283206,-1.28471679401
340652.367,3832765.05625,80.98,80.6993871882,-0.280612811848
340653.908875,3832769.43625,70.69,73.263607579,2.57360757901
340655.43,3832773.75625,87.11,73.871950214,-13.238049786
340656.929,3832778.0125,73.81,73.7539215417,-0.0560784583076
340658.457625,3832782.05,75.03,70.7317528216,-4.29824717845
340659.977375,3832786.37,78.99,75.5386763434,-3.45132365658
340661.493,3832790.6825,65.75,69.6858698488,3.93586984883
340663.024375,3832795.04375,73.11,76.0552623481,2.94526234806
340613.23575,3832662.39625,71.65,71.8470788601,0.197078860055
340614.796375,3832666.8475,73.24,73.2573326549,0.0173326548526
340616.304125,3832671.15,74.9,69.1272872169,-5.7727127831
340617.650875,3832675.42875,65.01,69.8723945336,4.86239453359
340619.187375,3832679.80625,73.68,72.753583973,-0.926416027018
340620.686375,3832684.0725,76.59,67.9865413601,-8.60345863987
340622.216,3832688.43,68.19,68.8449630251,0.654963025097
340623.75,3832692.79875,71.5,76.0924212989,4.59242129886
340625.220125,3832696.9875,75.82,73.3203298505,-2.49967014952
340626.743125,3832701.32375,73.94,73.5916788053,-0.348321194727
340628.271125,3832705.675,71.92,73.6603200026,1.74032000258
340629.78525,3832709.9875,75.5,74.6695395859,-0.830460414074
340631.33475,3832714.4,67.96,73.2158026506,5.25580265062
340632.895,3832718.8475,72.6,74.2851321649,1.68513216491
340634.4145,3832723.175,73.21,73.4590889079,0.249088907896
340635.84725,3832727.25375,77.44,72.0161495711,-5.42385042891
340637.315125,3832731.43375,82.01,72.270073617,-9.73992638297
340638.805625,3832735.68,73.93,75.7503840592,1.82038405924
340640.33175,3832740.02625,67.4,73.6576881927,6.25768819265
340641.882375,3832744.4425,71.52,76.4730273242,4.9530273242
340644.821875,3832752.81125,72.76,77.7474573432,4.98745734323
340646.4035,3832757.31625,75.5,76.6570238403,1.15702384033
340647.97725,3832761.80125,68.69,70.3610949695,1.67109496946
340649.515375,3832766.18375,68.48,74.7077322218,6.22773222178
340651.044625,3832770.5375,78.52,76.8153510375,-1.70464896247
340652.5265,3832774.7575,78.3,75.6440929298,-2.6559070702
340654.004125,3832778.96625,66.95,70.9635770042,4.0135770042
340655.521625,3832783.03,67.62,69.808061958,2.18806195797
340657.052125,3832787.39375,68.72,71.634360233,2.91436023298
340658.55675,3832791.685,80.32,75.5458502742,-4.77414972583
340660.073125,3832796.0125,83.89,72.5801774384,-11.3098225616
340610.547125,3832663.24375,68.82,76.2586407855,7.43864078547
340612.118125,3832667.71875,76.61,72.2398533412,-4.37014665876
340613.646,3832672.0675,68.96,71.3742037905,2.41420379049
340614.965625,3832676.32125,67.68,71.3964681474,3.71646814743
340616.48875,3832680.6525,70.37,72.4225906153,2.05259061533
340617.996625,3832684.9375,71.16,74.239231761,3.07923176096
340619.537875,3832689.32125,62.93,69.5933882232,6.66338822324
340621.106625,3832693.77875,68.91,69.0223682543,0.112368254263
340622.555875,3832697.9,83.69,73.8890604699,-9.80093953007
340624.027,3832702.07875,73.99,74.0383446459,0.0483446459089
340625.605375,3832706.57,71.38,71.4314518048,0.0514518048157
340627.147625,3832710.95375,68.81,71.9052594945,3.0952594945
340628.64725,3832715.21625,84.16,72.1646346431,-11.9953653569
340630.185,3832719.59,70.33,72.4985495244,2.16854952443
340631.71875,3832723.94875,67.86,71.0306073379,3.17060733787
340633.173875,3832728.085,87.32,73.9627322257,-13.3572677743
340634.65825,3832732.305,78.21,72.1713567666,-6.03864323339
340636.123875,3832736.47,94.9,74.7930649113,-20.1069350887
340637.669375,3832740.865,72.04,78.4071995339,6.36719953387
340639.241,3832745.3325,71.32,72.3998805616,1.07988056161
340640.75175,3832749.62625,91.06,75.1814960992,-15.8785039008
340642.245375,3832753.87,74.66,79.7822737433,5.12227374332
340643.80725,3832758.3125,67.75,70.0087265872,2.25872658722
340645.3425,3832762.67625,64.71,72.1854520954,7.47545209543
340646.855875,3832766.97875,73.81,74.614365444,0.804365443965
340648.389875,3832771.34,68.68,71.2809763266,2.60097632661
340649.91325,3832775.67,69.49,75.5733877386,6.08338773858
340652.928375,3832783.9475,86.84,79.2189396251,-7.62106037492
340654.479125,3832788.35875,71.68,71.4619744285,-0.218025571531
340655.99875,3832792.69125,70.92,68.8633763969,-2.05662360312
340657.538625,3832797.07375,71.14,76.037631397,4.89763139702
340607.779,3832664.17125,69.08,72.0294141393,2.94941413929
340609.35375,3832668.65875,66.11,74.919850201,8.80985020102
340610.868875,3832672.98125,69.89,74.5146257462,4.62462574618
340612.205625,3832677.325,66.9,70.3902308107,3.49023081068
340613.753125,3832681.73,65.84,70.7153629891,4.87536298914
340615.2385,3832685.955,72.84,71.9768887996,-0.863111200365
340616.778375,3832690.3375,67.74,68.8503593687,1.11035936868
340618.323625,3832694.73375,67.3,68.4906720854,1.19067208542
340619.778375,3832698.8725,68.31,73.2572371331,4.94723713309
340621.287375,3832703.165,67.89,71.665491608,3.77549160804
340622.86475,3832707.6525,76.52,72.9120605654,-3.60793943456
340624.396625,3832712.01,76.08,71.8173506815,-4.26264931851
340625.90075,3832716.29,65.83,70.9018139827,5.07181398268
340627.42075,3832720.615,67.29,68.4976297197,1.20762971974
340628.9315,3832724.91,65.22,69.4599962183,4.23999621827
340630.395,3832729.075,66.69,68.2394098731,1.54940987311
340631.888375,3832733.32375,69.56,71.7885931983,2.2285931983
340633.418375,3832737.67875,64.72,68.5814730233,3.86147302332
340634.9465,3832742.025,69.15,71.4129347221,2.26293472212
340636.462125,3832746.33875,88.79,79.1889512565,-9.60104874355
340637.95825,3832750.59125,83.31,74.6086756948,-8.70132430522
340639.458375,3832754.86125,83.17,69.2223220597,-13.9476779403
340641.01425,3832759.2875,71.18,76.0660030178,4.88600301781
340642.52075,3832763.575,78.12,75.7248607196,-2.39513928042
340644.036125,3832767.88625,73.37,72.3655282792,-1.00447172075
340645.585875,3832772.295,72.58,74.790645631,2.21064563097
340647.09425,3832776.585,87.01,75.5287515598,-11.4812484402
340648.617,3832780.9175,66.68,72.7791919233,6.09919192329
340650.159625,3832784.9875,69.8,68.726586763,-1.07341323703
340651.685875,3832789.33625,71.54,75.2177413909,3.67774139089
340653.209625,3832793.6825,71.13,74.512467583,3.38246758301
340654.72975,3832798.01,71.08,73.7144353915,2.63443539153
340605.045625,3832665.13125,75.37,72.1482781369,-3.22172186315
340606.630375,3832669.6475,72.1,70.0848104132,-2.0151895868
340608.150375,3832673.9825,69.57,74.1343757275,4.56437572745
340609.4685,3832678.33625,73.14,72.9589173326,-0.181082667449
340611.022125,3832682.75625,80.06,71.372053087,-8.68794691298
340612.509625,3832686.98875,69.35,70.4416284519,1.09162845192
340614.016625,3832691.27875,65.54,73.9676891471,8.42768914707
340616.998875,3832699.765,71.57,71.7921158147,0.222115814692
340618.518,3832704.08625,65.97,71.2304603044,5.26046030436
340620.100375,3832708.585,69.61,72.6391552672,3.02915526725
340621.615375,3832712.8975,86.53,71.8310559733,-14.6989440267
340623.125625,3832717.195,80.65,72.8017181056,-7.8482818944
340624.6535,3832721.5425,66.27,72.1429453626,5.87294536259
340626.1835,3832725.8975,71.15,73.9947688437,2.84476884371
340627.64125,3832730.045,70.66,68.6946245345,-1.9653754655
340629.127875,3832734.2725,64.22,68.8449996806,4.62499968064
340630.627125,3832738.54,67.14,74.9870084031,7.84700840313
340632.1465,3832742.8625,71.34,70.0277304818,-1.3122695182
340633.69625,3832747.27,72.71,73.5023582505,0.792358250518
340635.190125,3832751.51875,69.08,72.2652439641,3.18524396414
340636.701375,3832755.81875,67.01,72.9379458047,5.92794580468
340638.263,3832760.26375,63.9,70.3978653259,6.49786532586
340639.77275,3832764.56125,73.23,76.0508941063,2.82089410626
340641.294625,3832768.88875,82.03,74.5513773179,-7.47862268211
340642.834375,3832773.27,93.98,79.9539040904,-14.0260959096
340644.344,3832777.56625,63.81,69.4187303999,5.60873039995
340645.861375,3832781.88375,71.29,69.1226576318,-2.16734236824
340647.391875,3832785.8825,68.02,70.4433426853,2.42334268526
340650.44125,3832794.5775,69.42,68.25378804,-1.16621195997
340651.993875,3832799.00375,70.3,72.8953538038,2.59535380381
340606.530125,3832679.2425,65.84,71.4313032434,5.59130324337
340608.10625,3832683.705,67.73,69.2586701822,1.5286701822
340609.595375,3832687.9175,69.84,69.3356498288,-0.504350171198
340611.088,3832692.145,61.79,70.0351273923,8.24512739227
340612.628125,3832696.50375,69.35,70.6627594577,1.31275945773
340614.112375,3832700.7025,69.44,69.349168566,-0.0908314339702
340615.668875,3832705.10625,68.86,70.5512949152,1.69129491518
340617.252125,3832709.585,68.95,68.6835241353,-0.266475864703
340618.78075,3832713.91375,78.55,69.4465990694,-9.10340093063
340620.303,3832718.2225,78.58,65.9353267523,-12.6446732477
340621.81575,3832722.505,64.37,68.9208640331,4.5508640331
340623.33925,3832726.81875,68.38,67.8423775655,-0.537622434482
340624.8045,3832730.965,67.58,68.610487019,1.03048701897
340627.81625,3832739.4875,72.41,70.1379076851,-2.27209231489
340629.34825,3832743.825,71.13,68.3850139764,-2.74498602362
340632.39275,3832752.44375,69.12,68.9627310625,-0.157268937536
340633.916125,3832756.7525,67.59,70.0191559614,2.42915596138
340635.48925,3832761.205,68.21,70.2364662351,2.02646623512
340636.992875,3832765.46125,69.98,69.1112489123,-0.868751087719
340640.081375,3832774.2025,67.18,69.2268585832,2.04685858316
340643.126125,3832782.82,69.71,69.791348356,0.0813483559742
340603.900875,3832680.13625,67.76,72.1642667676,4.40426676762
340605.456875,3832684.5825,69.95,69.6945161433,-0.25548385666
340606.934875,3832688.8025,67.0,69.1659252941,2.16592529406
340608.442375,3832693.11125,70.97,74.1349727586,3.16497275859
340611.386375,3832701.52,71.91,69.2799571217,-2.63004287827
340612.9255,3832705.915,68.85,69.4382760578,0.588276057841
340614.522625,3832710.47875,69.54,67.9898773802,-1.55012261978
340616.036375,3832714.8025,74.02,66.3969247887,-7.62307521126
340617.548,3832719.1225,78.13,68.9488130619,-9.18118693809
340622.01825,3832731.89,69.1,68.961136446,-0.138863554024
340623.51475,3832736.1675,65.4,68.5544438708,3.15444387083
340625.029875,3832740.49625,81.09,72.6630468864,-8.42695311356
340626.547375,3832744.83,69.9,68.4856859938,-1.41431400622
340628.077875,3832749.2025,65.92,68.4946230717,2.57462307169
340629.545,3832753.395,68.5,68.5744050471,0.0744050470781
340631.045875,3832757.68125,68.27,69.2869936586,1.01699365859
340632.6275,3832762.2,64.33,69.080783665,4.75078366497
340634.108,3832766.42875,69.6,68.4986825056,-1.1013174944
340635.585875,3832770.64875,69.04,70.5499290209,1.50992902089
340638.673,3832779.4675,61.51,67.8494297694,6.33942976936
340640.1695,3832783.7425,70.02,69.714746257,-0.305253743015
340600.827875,3832681.2025,70.77,70.258697147,-0.511302853037
340602.39125,3832685.6525,66.39,68.293054175,1.90305417501
340603.884875,3832689.905,68.72,68.9597407135,0.239740713512
340605.398375,3832694.2125,74.6,69.3797400895,-5.22025991053
340606.91175,3832698.52125,68.24,70.141019557,1.90101955703
340608.364625,3832702.655,65.87,70.5669488579,4.69694885788
340609.915625,3832707.07125,68.48,72.2037796252,3.72377962524
340611.495875,3832711.5675,67.57,68.0740916128,0.504091612819
340613.004875,3832715.8625,65.6,69.3793700102,3.77937001022
340616.065,3832724.57,68.17,69.2234906956,1.05349069558
340619.016625,3832732.97375,69.1,71.2629116059,2.16291160594
340620.501375,3832737.19875,68.66,69.6867511466,1.02675114658
340622.017875,3832741.515,70.45,70.5969774545,0.146977454468
340625.0645,3832750.1875,69.9,68.8660284901,-1.03397150985
340626.571125,3832754.47375,69.15,70.2956435988,1.1456435988
340628.077625,3832758.75875,68.51,69.2167223382,0.706722338243
340631.117,3832767.4125,70.62,69.821648462,-0.798351538012
340635.702875,3832780.4625,64.91,67.4395253992,2.52952539915
340637.219875,3832784.78125,70.19,69.0411837259,-1.14881627413
340598.253625,3832681.97625,69.31,75.9820370901,6.67203709013
340599.815125,3832686.42625,73.49,76.6744917536,3.18449175364
340601.292,3832690.63375,71.89,71.4086676894,-0.481332310642
340604.326375,3832699.28125,77.09,74.25798282,-2.83201718001
340607.30625,3832707.77,74.33,72.085208862,-2.24479113796
340608.901875,3832712.3175,70.23,73.1861979467,2.9561979467
340610.409375,3832716.61375,82.7,75.4825611537,-7.21743884626
340613.475,3832725.35,70.64,75.2061757782,4.56617577819
340614.98225,3832729.64875,91.21,78.7964987634,-12.4135012366
340617.895625,3832737.95,76.12,72.8854916242,-3.23450837578
340619.404625,3832742.2475,80.1,75.8058908312,-4.29410916878
340620.92975,3832746.59625,67.13,68.9139784485,1.78397844854
340622.463625,3832750.9675,73.12,73.7453757584,0.625375758411
340625.440875,3832759.45,77.73,73.9549534257,-3.77504657428
340627.013375,3832763.9325,69.07,75.8595440572,6.78954405718
340628.515,3832768.21125,67.99,72.2361663769,4.24616637691
340630.021375,3832772.50375,69.02,73.1662507696,4.14625076962
340633.093,3832781.2575,71.67,73.2738896928,1.60388969279
340634.603625,3832785.5575,69.61,69.6533424199,0.043342419876
340618.14425,3832747.5375,73.71,76.9384979552,3.22849795524
340619.676,3832751.90375,80.07,76.5938071617,-3.47619283831
340625.723,3832769.14375,72.08,72.0706641112,-0.00933588883889
340627.228375,3832773.43375,70.19,79.4152498228,9.22524982278
340628.788875,3832777.8825,80.25,73.1957423822,-7.05425761784
340630.301,3832782.19375,67.21,73.8873366319,6.6773366319
