range,row,actual_DCAD,predicted_DCAD,prediction_diff
1.0,6.5,24.85,19.9687949205,-4.88120507947
2.0,6.5,8.67,2.01753489413,-6.65246510587
3.0,6.5,26.67,17.5146095557,-9.15539044429
4.0,6.5,19.78,17.5823512028,-2.19764879723
5.0,6.5,26.01,19.6692522897,-6.34074771035
7.0,6.5,13.6,18.6469078274,5.04690782735
8.0,6.5,16.84,16.1213153538,-0.718684646176
9.0,6.5,19.4,17.9930768546,-1.40692314542
11.0,6.5,18.56,16.565828734,-1.99417126597
12.0,6.5,7.52,10.6160329751,3.09603297515
13.0,6.5,20.53,17.5605392613,-2.96946073869
14.0,6.5,17.16,16.5097570381,-0.650242961938
15.0,6.5,3.57,20.8034455065,17.2334455065
17.0,6.5,4.86,17.7475674815,12.8875674815
18.0,6.5,0.6,5.12748803949,4.52748803949
19.0,6.5,7.51,17.1531764448,9.64317644484
20.0,6.5,28.51,15.6966113722,-12.8133886278
21.0,6.5,17.47,18.891266546,1.42126654596
22.0,6.5,24.17,19.278098655,-4.89190134496
24.0,6.5,19.71,19.5680711388,-0.141928861168
25.0,6.5,-2.84,9.24926331815,12.0892633182
26.0,6.5,12.66,8.5553791608,-4.1046208392
27.0,6.5,17.22,18.9003028627,1.68030286269
28.0,6.5,19.98,17.9185233623,-2.06147663767
29.0,6.5,17.78,21.8207215333,4.04072153331
30.0,6.5,19.37,14.4425880412,-4.9274119588
31.0,6.5,21.38,22.3429193228,0.962919322758
32.0,6.5,20.84,17.1383545395,-3.70164546054
1.0,10.5,25.18,22.1299290948,-3.05007090517
2.0,10.5,13.75,17.9371912541,4.1871912541
3.0,10.5,23.0,22.2265099978,-0.77349000218
5.0,10.5,21.35,20.2326656345,-1.11733436551
6.0,10.5,26.1,17.2638521489,-8.83614785111
7.0,10.5,21.47,21.9823502921,0.512350292135
9.0,10.5,15.81,22.4773030597,6.66730305968
10.0,10.5,13.17,18.0870438392,4.91704383918
13.0,10.5,26.85,21.0516513214,-5.79834867863
14.0,10.5,27.59,20.4048526656,-7.18514733443
15.0,10.5,18.11,17.6750623828,-0.434937617232
16.0,10.5,16.65,19.746433178,3.09643317799
17.0,10.5,22.94,16.2801271871,-6.6598728129
18.0,10.5,22.2,20.9448698663,-1.25513013373
19.0,10.5,12.03,17.3009598103,5.27095981028
20.0,10.5,18.48,20.612862099,2.13286209899
22.0,10.5,23.52,21.9428077066,-1.57719229338
23.0,10.5,19.18,17.1261478672,-2.05385213276
24.0,10.5,16.56,21.6253750833,5.06537508333
25.0,10.5,19.25,19.6356278874,0.385627887388
26.0,10.5,12.62,16.8399287714,4.21992877144
27.0,10.5,24.56,22.029021177,-2.53097882304
28.0,10.5,17.61,22.1041764277,4.49417642771
29.0,10.5,21.56,21.8967472986,0.336747298555
30.0,10.5,28.19,20.2587425082,-7.93125749179
31.0,10.5,28.79,21.0048805372,-7.78511946284
32.0,10.5,23.23,22.7097626061,-0.520237393851
1.0,14.5,22.74,19.3457138282,-3.39428617185
2.0,14.5,24.64,21.2970837466,-3.34291625338
4.0,14.5,24.62,19.8603829629,-4.75961703714
5.0,14.5,29.6,21.5895404831,-8.0104595169
7.0,14.5,19.85,22.2506064294,2.40060642935
8.0,14.5,16.65,21.1755906772,4.52559067721
9.0,14.5,28.41,19.573758614,-8.83624138597
10.0,14.5,22.63,17.5225072514,-5.1074927486
11.0,14.5,19.36,18.3737190887,-0.986280911307
13.0,14.5,22.86,19.9762707914,-2.88372920857
14.0,14.5,24.43,20.7391683849,-3.69083161514
15.0,14.5,20.23,16.7858482599,-3.44415174009
16.0,14.5,19.02,19.6963396049,0.676339604938
17.0,14.5,10.89,18.971795745,8.08179574505
18.0,14.5,10.2,19.7388801101,9.53888011013
21.0,14.5,13.55,21.8791104402,8.32911044016
22.0,14.5,18.11,19.7597275934,1.64972759341
23.0,14.5,14.3,15.605357292,1.30535729203
24.0,14.5,22.26,18.0859834618,-4.17401653821
25.0,14.5,26.64,19.3127395871,-7.32726041291
26.0,14.5,14.29,17.2747075778,2.98470757779
27.0,14.5,20.98,21.6350050353,0.655005035288
28.0,14.5,22.96,19.9073724013,-3.0526275987
29.0,14.5,19.98,19.9007489961,-0.0792510038941
30.0,14.5,25.59,21.6380118417,-3.95198815829
31.0,14.5,8.44,15.8854943802,7.44549438017
32.0,14.5,22.69,21.9777020413,-0.712297958692
1.0,18.5,15.38,20.9867528348,5.60675283484
2.0,18.5,20.41,20.6056006977,0.195600697731
3.0,18.5,17.4,22.3453114438,4.94531144377
5.0,18.5,11.81,19.4464843183,7.63648431826
6.0,18.5,21.38,20.2470369547,-1.13296304535
7.0,18.5,20.9,21.9704075172,1.0704075172
9.0,18.5,19.17,20.2195541072,1.0495541072
10.0,18.5,9.73,20.9846436783,11.2546436783
12.0,18.5,12.93,18.9253088643,5.99530886426
13.0,18.5,20.77,20.5113082154,-0.258691784555
14.0,18.5,18.79,19.5592808536,0.769280853601
15.0,18.5,16.11,16.1788251392,0.068825139249
16.0,18.5,23.53,19.3254012569,-4.20459874309
17.0,18.5,17.69,19.0798445902,1.3898445902
18.0,18.5,19.18,18.8523975933,-0.327602406671
19.0,18.5,15.53,21.2817617769,5.75176177692
20.0,18.5,17.59,20.1570047438,2.56700474376
21.0,18.5,26.97,20.8658671749,-6.1041328251
22.0,18.5,14.11,18.4840237189,4.37402371894
23.0,18.5,19.69,19.857135793,0.167135793046
24.0,18.5,20.94,18.9623423554,-1.97765764455
25.0,18.5,26.03,14.8668393837,-11.1631606163
26.0,18.5,23.75,17.0749781479,-6.67502185207
27.0,18.5,13.18,18.344259246,5.16425924603
28.0,18.5,7.06,17.6075126267,10.5475126267
29.0,18.5,27.81,19.5757492752,-8.23425072478
30.0,18.5,9.55,6.94190512251,-2.60809487749
31.0,18.5,21.38,19.3362475484,-2.04375245158
32.0,18.5,24.37,18.0901639738,-6.27983602622
1.0,22.5,26.69,21.6512056486,-5.0387943514
2.0,22.5,19.88,17.9202663601,-1.95973363989
3.0,22.5,24.85,17.2515340021,-7.59846599793
4.0,22.5,21.03,22.0023305234,0.972330523418
5.0,22.5,2.66,18.7998678062,16.1398678062
6.0,22.5,24.46,19.0457457763,-5.41425422365
7.0,22.5,26.93,17.2615749371,-9.66842506288
8.0,22.5,21.21,16.4352149274,-4.7747850726
9.0,22.5,23.43,17.2464345481,-6.1835654519
10.0,22.5,24.25,18.876171761,-5.37382823901
11.0,22.5,23.7,19.9857907489,-3.71420925111
12.0,22.5,18.89,19.7441648442,0.85416484423
13.0,22.5,8.09,17.2872551797,9.19725517968
14.0,22.5,13.45,17.107778205,3.65777820496
15.0,22.5,12.3,15.999334558,3.69933455799
16.0,22.5,19.87,16.2379629945,-3.6320370055
17.0,22.5,22.36,19.7738115176,-2.58618848239
18.0,22.5,5.96,18.0579879829,12.0979879829
19.0,22.5,11.88,19.5402050485,7.66020504847
20.0,22.5,22.23,20.9768271866,-1.25317281339
21.0,22.5,26.48,18.7152713452,-7.76472865483
22.0,22.5,22.95,17.4411542466,-5.50884575338
23.0,22.5,6.24,17.213690317,10.973690317
24.0,22.5,19.31,19.1483058697,-0.161694130264
25.0,22.5,12.37,15.2035953435,2.83359534347
26.0,22.5,17.48,12.8826961883,-4.59730381172
27.0,22.5,23.94,15.9909405832,-7.94905941681
28.0,22.5,19.65,20.0609238856,0.410923885644
29.0,22.5,21.87,16.6631797678,-5.20682023218
30.0,22.5,8.26,17.9573109731,9.69731097312
31.0,22.5,20.71,22.5420619014,1.8320619014
32.0,22.5,20.44,20.6641387584,0.224138758408
1.0,26.5,25.05,21.2745641709,-3.77543582914
2.0,26.5,11.64,17.8798660855,6.23986608546
3.0,26.5,22.78,17.3242337962,-5.45576620379
4.0,26.5,17.6,17.6787350627,0.0787350627469
5.0,26.5,18.2,14.4308739629,-3.76912603715
6.0,26.5,6.21,18.1674138495,11.9574138495
7.0,26.5,24.22,19.0501333279,-5.16986667212
8.0,26.5,19.63,19.4951217037,-0.134878296293
9.0,26.5,23.56,18.1422208748,-5.41777912515
10.0,26.5,18.27,20.4046977208,2.13469772082
11.0,26.5,23.81,17.7218848537,-6.0881151463
12.0,26.5,20.04,19.8568305194,-0.183169480567
13.0,26.5,19.88,19.4589783248,-0.421021675183
14.0,26.5,16.76,20.1047777232,3.34477772317
15.0,26.5,26.28,20.9114817842,-5.36851821583
16.0,26.5,2.94,8.65971184997,5.71971184997
17.0,26.5,25.56,12.106208902,-13.453791098
18.0,26.5,28.89,20.4827297244,-8.4072702756
19.0,26.5,18.15,15.6487400542,-2.50125994575
20.0,26.5,19.81,19.6251577615,-0.184842238469
21.0,26.5,15.41,18.8019377063,3.39193770633
22.0,26.5,26.3,20.6358425057,-5.66415749432
23.0,26.5,28.57,20.7671284159,-7.80287158409
24.0,26.5,22.33,20.0736247199,-2.25637528008
25.0,26.5,11.19,13.5326097309,2.34260973091
26.0,26.5,17.27,17.0368024335,-0.233197566543
27.0,26.5,8.78,12.8589776798,4.07897767976
28.0,26.5,-6.01,16.5214406291,22.5314406291
29.0,26.5,18.96,17.6173736177,-1.3426263823
30.0,26.5,19.75,13.0303872065,-6.71961279354
31.0,26.5,12.12,17.7743973733,5.65439737335
32.0,26.5,20.57,18.0984168848,-2.47158311522
1.0,30.5,29.86,22.1547179576,-7.70528204244
2.0,30.5,24.37,21.887743485,-2.48225651497
3.0,30.5,16.2,20.2398379626,4.03983796256
4.0,30.5,-6.42,17.2630459664,23.6830459664
5.0,30.5,17.38,20.6462703212,3.26627032119
6.0,30.5,20.93,20.8136585376,-0.116341462442
7.0,30.5,21.06,19.5033958313,-1.55660416868
8.0,30.5,27.01,22.4048730478,-4.60512695219
9.0,30.5,26.8,19.2123790549,-7.58762094512
10.0,30.5,14.1,19.5387203876,5.43872038762
11.0,30.5,11.08,18.8473917462,7.76739174618
12.0,30.5,19.87,19.5673686371,-0.302631362859
13.0,30.5,12.11,18.7048620194,6.59486201944
14.0,30.5,22.59,20.085814163,-2.50418583702
15.0,30.5,23.09,17.5075972364,-5.58240276356
16.0,30.5,4.86,6.45611737552,1.59611737552
17.0,30.5,-10.67,16.7795378044,27.4495378044
18.0,30.5,26.18,18.7748918275,-7.40510817253
19.0,30.5,7.02,17.6787762468,10.6587762468
20.0,30.5,27.28,17.9169096248,-9.36309037522
21.0,30.5,6.24,15.0074287871,8.76742878713
22.0,30.5,19.01,18.5841753297,-0.425824670323
23.0,30.5,6.37,20.6846737695,14.3146737695
24.0,30.5,15.1,20.0190818153,4.91908181534
25.0,30.5,8.74,19.9098472162,11.1698472162
26.0,30.5,6.04,15.9115738337,9.87157383372
27.0,30.5,18.85,12.4767421453,-6.37325785468
28.0,30.5,20.71,14.6161194725,-6.09388052754
29.0,30.5,22.5,17.7581538164,-4.74184618364
30.0,30.5,25.52,20.795224961,-4.72477503896
31.0,30.5,27.77,19.2632008623,-8.50679913769
32.0,30.5,19.28,15.9898807906,-3.29011920937
1.0,34.5,20.1,21.3702874207,1.27028742069
2.0,34.5,20.82,19.6767034427,-1.1432965573
3.0,34.5,30.99,21.4268317875,-9.56316821248
4.0,34.5,16.63,21.9830166604,5.35301666038
5.0,34.5,23.96,19.6692582476,-4.29074175237
6.0,34.5,6.37,18.1087659127,11.7387659127
7.0,34.5,18.18,19.9683640383,1.78836403827
8.0,34.5,22.06,20.5088839403,-1.55111605972
9.0,34.5,27.79,17.3120143388,-10.4779856612
10.0,34.5,15.73,20.36387284,4.63387283999
11.0,34.5,19.76,15.382646788,-4.37735321199
12.0,34.5,22.93,20.5341928852,-2.39580711481
13.0,34.5,19.51,21.3686677199,1.8586677199
14.0,34.5,24.02,17.7769270918,-6.24307290816
15.0,34.5,-5.19,18.9804420607,24.1704420607
16.0,34.5,22.17,22.4415269846,0.271526984622
17.0,34.5,17.87,20.2313018428,2.36130184277
18.0,34.5,13.91,20.5766385543,6.66663855432
19.0,34.5,1.0,14.0045708886,13.0045708886
20.0,34.5,21.15,10.048053905,-11.101946095
21.0,34.5,26.58,20.3106218762,-6.26937812383
22.0,34.5,20.68,21.9104148994,1.23041489944
23.0,34.5,12.87,15.954524109,3.08452410899
24.0,34.5,22.86,21.5071094962,-1.35289050379
25.0,34.5,28.74,13.5769172474,-15.1630827526
26.0,34.5,27.31,22.3690065563,-4.94099344366
27.0,34.5,-3.75,16.1634559687,19.9134559687
28.0,34.5,20.76,20.1920800839,-0.567919916093
29.0,34.5,15.92,15.939665273,0.0196652730035
30.0,34.5,11.48,12.6912690998,1.21126909979
31.0,34.5,20.38,18.873309545,-1.50669045495
32.0,34.5,20.49,4.62481515587,-15.8651848441
1.0,38.5,14.97,20.6397618074,5.66976180736
2.0,38.5,27.54,21.4469382532,-6.09306174679
3.0,38.5,11.04,16.3196932595,5.27969325949
4.0,38.5,26.8,21.1961036801,-5.6038963199
5.0,38.5,23.33,11.9191046431,-11.4108953569
6.0,38.5,28.78,15.3032652931,-13.4767347069
7.0,38.5,12.83,19.7055500718,6.87555007178
8.0,38.5,28.27,17.8158537796,-10.4541462204
9.0,38.5,29.62,17.7211865412,-11.8988134588
10.0,38.5,26.35,15.155753793,-11.194246207
11.0,38.5,26.27,21.1782127793,-5.0917872207
12.0,38.5,1.56,21.0842129889,19.5242129889
13.0,38.5,24.07,19.5368358165,-4.53316418349
14.0,38.5,14.88,21.601836059,6.72183605905
15.0,38.5,25.35,15.116839592,-10.233160408
16.0,38.5,21.35,16.7961085565,-4.55389144345
17.0,38.5,18.8,19.4262387656,0.626238765646
18.0,38.5,22.35,14.3914461699,-7.95855383005
19.0,38.5,19.72,14.8926655508,-4.82733444916
20.0,38.5,21.85,18.3870851608,-3.46291483921
21.0,38.5,0.71,10.417003266,9.707003266
22.0,38.5,14.52,18.5691475123,4.04914751235
23.0,38.5,28.83,18.559190666,-10.270809334
24.0,38.5,14.52,19.7742450411,5.25424504107
25.0,38.5,27.88,13.3111746485,-14.5688253515
26.0,38.5,10.09,13.5560163239,3.46601632388
27.0,38.5,-8.03,11.6479208732,19.6779208732
28.0,38.5,-9.46,13.8307229311,23.2907229311
29.0,38.5,24.35,19.4886877258,-4.86131227423
30.0,38.5,22.75,16.2990059387,-6.45099406126
31.0,38.5,8.97,18.2056801538,9.23568015382
32.0,38.5,9.21,8.43039224476,-0.779607755245
1.0,42.5,26.85,23.516283038,-3.33371696204
2.0,42.5,17.83,11.5126518402,-6.31734815984
3.0,42.5,33.6,14.6113685528,-18.9886314472
4.0,42.5,30.31,19.6953525167,-10.6146474833
5.0,42.5,28.01,20.9405604553,-7.06943954472
6.0,42.5,22.25,21.6977365244,-0.552263475593
7.0,42.5,19.02,14.332047386,-4.68795261403
8.0,42.5,7.65,22.6496645121,14.9996645121
9.0,42.5,7.78,19.4315209045,11.6515209045
10.0,42.5,22.39,18.195096726,-4.19490327403
11.0,42.5,14.17,20.2330727092,6.06307270918
12.0,42.5,22.93,18.3713371869,-4.55866281311
13.0,42.5,25.76,20.4090624901,-5.35093750992
14.0,42.5,21.72,22.4498564167,0.729856416726
15.0,42.5,-5.59,13.3797717971,18.9697717971
16.0,42.5,17.78,14.496740673,-3.28325932703
17.0,42.5,23.14,20.0768057612,-3.06319423877
18.0,42.5,-4.53,13.352636136,17.882636136
19.0,42.5,14.26,20.1853608276,5.92536082759
20.0,42.5,21.9,18.8850268774,-3.01497312262
21.0,42.5,-5.84,15.1957689361,21.0357689361
22.0,42.5,11.51,15.293515998,3.78351599803
23.0,42.5,27.29,14.5377298744,-12.7522701256
24.0,42.5,26.23,12.1836715109,-14.0463284891
25.0,42.5,28.95,15.081782883,-13.868217117
26.0,42.5,18.34,18.3352297903,-0.00477020974491
27.0,42.5,15.6,10.0456453301,-5.55435466993
28.0,42.5,8.35,10.0943796207,1.74437962075
29.0,42.5,19.72,16.546031265,-3.17396873501
30.0,42.5,27.42,17.6710745442,-9.74892545582
31.0,42.5,8.31,9.16268966687,0.85268966687
32.0,42.5,21.4,22.650193737,1.25019373698
1.0,46.5,14.46,19.6102653635,5.15026536347
2.0,46.5,29.5,24.5361319413,-4.96386805866
3.0,46.5,12.34,18.0514567544,5.71145675444
4.0,46.5,15.93,15.4481898061,-0.481810193923
5.0,46.5,22.59,23.2803941869,0.690394186879
6.0,46.5,23.02,21.0369652728,-1.98303472718
7.0,46.5,24.8,12.9174486511,-11.8825513489
8.0,46.5,29.21,16.6901484824,-12.5198515176
9.0,46.5,17.94,12.7791995057,-5.16080049428
10.0,46.5,18.11,21.0175616669,2.90756166691
11.0,46.5,24.89,20.1811630637,-4.70883693627
12.0,46.5,25.18,19.4587933289,-5.72120667114
13.0,46.5,21.53,13.8785567866,-7.65144321344
14.0,46.5,-11.58,18.2381310215,29.8181310215
15.0,46.5,18.69,11.9249997368,-6.76500026321
16.0,46.5,21.18,20.3441794452,-0.83582055476
17.0,46.5,28.94,12.8840818618,-16.0559181382
18.0,46.5,10.39,17.9070499089,7.51704990889
19.0,46.5,17.34,14.3840697197,-2.95593028035
20.0,46.5,26.25,19.960932844,-6.28906715596
21.0,46.5,0.48,20.0870969424,19.6070969424
22.0,46.5,13.97,19.6575343473,5.68753434728
23.0,46.5,29.68,21.5130676113,-8.16693238873
24.0,46.5,2.29,17.4093990155,15.1193990155
25.0,46.5,23.99,15.2457193061,-8.74428069393
26.0,46.5,17.16,18.0137603378,0.853760337775
27.0,46.5,16.28,9.15899882935,-7.12100117065
28.0,46.5,13.0,15.7010728439,2.70107284393
29.0,46.5,1.8,11.7357535831,9.93575358314
30.0,46.5,30.66,20.6376058181,-10.0223941819
31.0,46.5,-0.52,11.5020338413,12.0220338413
32.0,46.5,21.51,16.3667482481,-5.14325175191
1.0,50.5,28.49,21.2315815557,-7.25841844427
2.0,50.5,13.62,17.9228272949,4.30282729493
3.0,50.5,10.92,18.4171208393,7.49712083932
4.0,50.5,17.84,24.1831130413,6.34311304128
5.0,50.5,23.21,15.56115525,-7.64884475
6.0,50.5,22.48,21.7303115347,-0.749688465295
7.0,50.5,7.21,18.1670653988,10.9570653988
8.0,50.5,26.09,20.7840839453,-5.30591605475
9.0,50.5,18.92,12.0101805646,-6.90981943538
10.0,50.5,25.36,19.0943375949,-6.26566240515
11.0,50.5,25.98,22.7531365517,-3.22686344835
12.0,50.5,26.62,22.4739885816,-4.1460114184
13.0,50.5,1.97,12.8105335003,10.8405335003
14.0,50.5,24.52,18.4596826967,-6.0603173033
15.0,50.5,26.27,20.0201211502,-6.24987884976
16.0,50.5,14.3,17.5637624735,3.26376247347
17.0,50.5,17.12,20.3243804884,3.20438048838
19.0,50.5,22.77,18.744207649,-4.02579235096
20.0,50.5,24.85,20.3503428355,-4.49965716448
21.0,50.5,22.41,21.9964189223,-0.413581077699
22.0,50.5,13.4,16.7885863113,3.38858631133
23.0,50.5,21.32,12.6506657979,-8.6693342021
24.0,50.5,26.97,20.1566549193,-6.81334508073
25.0,50.5,21.61,16.1082662276,-5.50173377237
26.0,50.5,14.62,10.0747184716,-4.54528152837
27.0,50.5,12.83,12.8209401498,-0.0090598501669
30.0,50.5,2.87,10.1742790406,7.30427904065
31.0,50.5,24.81,21.6568942253,-3.1531057747
32.0,50.5,5.29,10.6052802505,5.3152802505
1.0,54.5,18.56,21.8788331483,3.3188331483
2.0,54.5,23.44,19.1459670068,-4.29403299318
3.0,54.5,34.69,24.0369604153,-10.6530395847
4.0,54.5,30.52,23.1486961419,-7.37130385805
5.0,54.5,6.05,22.7186128989,16.6686128989
6.0,54.5,16.01,18.6724258733,2.66242587327
7.0,54.5,32.48,20.483617519,-11.996382481
8.0,54.5,17.04,20.6172220024,3.57722200238
9.0,54.5,17.53,19.838188293,2.30818829301
10.0,54.5,3.5,17.8626533279,14.3626533279
11.0,54.5,27.27,19.3433696639,-7.92663033606
12.0,54.5,17.31,14.1274396398,-3.18256036025
13.0,54.5,11.05,22.4480366875,11.3980366875
14.0,54.5,8.15,20.5173028209,12.3673028209
15.0,54.5,24.55,19.7963445457,-4.75365545431
16.0,54.5,27.8,17.2357478723,-10.5642521277
17.0,54.5,10.92,14.5144454351,3.59444543512
18.0,54.5,29.99,21.2529525476,-8.73704745244
19.0,54.5,6.83,13.9771552481,7.14715524814
20.0,54.5,27.49,22.0161298997,-5.4738701003
21.0,54.5,10.48,16.3611241298,5.88112412978
22.0,54.5,29.55,20.2062107429,-9.34378925707
23.0,54.5,27.87,17.682521833,-10.187478167
24.0,54.5,32.16,13.0168867916,-19.1431132084
25.0,54.5,9.22,18.1824982764,8.96249827641
26.0,54.5,28.95,17.5510757673,-11.3989242327
27.0,54.5,15.37,11.0945510934,-4.27544890664
29.0,54.5,22.21,9.67789219925,-12.5321078008
30.0,54.5,8.11,11.3345543996,3.22455439957
31.0,54.5,14.41,11.0788656782,-3.33113432182
32.0,54.5,-1.12,11.2519280353,12.3719280353
1.0,58.5,13.89,22.1423427793,8.25234277934
2.0,58.5,23.58,22.0287954848,-1.55120451521
3.0,58.5,24.37,20.5815405175,-3.78845948248
4.0,58.5,-4.54,14.9783548776,19.5183548776
5.0,58.5,9.51,17.6497453978,8.13974539779
6.0,58.5,21.08,21.8784303941,0.798430394072
7.0,58.5,27.96,22.1501239628,-5.80987603722
8.0,58.5,20.32,22.1246903596,1.80469035963
9.0,58.5,18.72,20.4195084916,1.69950849163
10.0,58.5,18.71,21.4442508406,2.73425084056
11.0,58.5,12.77,18.8641231521,6.09412315206
12.0,58.5,25.8,14.6429767043,-11.1570232957
13.0,58.5,21.6,21.7813830645,0.181383064489
14.0,58.5,23.71,21.7088128286,-2.00118717139
15.0,58.5,21.42,19.4365460447,-1.98345395531
16.0,58.5,20.19,17.2585148449,-2.9314851551
17.0,58.5,27.83,21.5749749561,-6.25502504392
18.0,58.5,22.25,15.2054936674,-7.04450633261
19.0,58.5,20.11,16.5970305516,-3.51296944839
20.0,58.5,8.49,15.5386660726,7.04866607264
21.0,58.5,22.05,18.9420606181,-3.1079393819
22.0,58.5,5.06,15.29014535,10.23014535
24.0,58.5,14.44,22.4032654525,7.9632654525
25.0,58.5,25.48,14.6875242089,-10.7924757911
27.0,58.5,29.14,19.0638657531,-10.0761342469
28.0,58.5,-22.25,20.5209331508,42.7709331508
29.0,58.5,23.89,20.3262690159,-3.56373098407
30.0,58.5,9.85,12.5282620434,2.67826204342
31.0,58.5,23.51,18.8583522399,-4.65164776012
32.0,58.5,22.93,13.3012826291,-9.62871737091
1.0,62.5,18.67,22.9740978478,4.30409784783
2.0,62.5,27.59,21.5631995148,-6.02680048518
3.0,62.5,27.31,24.3077369891,-3.00226301087
4.0,62.5,29.75,21.7727708856,-7.97722911441
5.0,62.5,24.55,14.8560635088,-9.69393649121
6.0,62.5,30.7,23.7840465586,-6.91595344136
7.0,62.5,27.39,16.5060344124,-10.8839655876
8.0,62.5,22.55,22.7705959669,0.22059596695
9.0,62.5,20.39,16.9528301409,-3.43716985915
10.0,62.5,26.3,13.8937289647,-12.4062710353
11.0,62.5,14.87,13.753545007,-1.116454993
12.0,62.5,19.03,11.4219573693,-7.60804263072
13.0,62.5,27.93,20.7589580826,-7.17104191736
14.0,62.5,28.09,22.3390448417,-5.75095515827
15.0,62.5,26.69,21.1587419448,-5.53125805516
16.0,62.5,4.72,17.2290753539,12.5090753539
17.0,62.5,12.81,20.3738309501,7.56383095005
18.0,62.5,27.25,22.7064810728,-4.54351892716
19.0,62.5,8.31,16.0438990982,7.7338990982
20.0,62.5,11.32,20.9855653896,9.66556538963
21.0,62.5,28.96,22.9630039364,-5.99699606362
22.0,62.5,26.27,19.1376948942,-7.1323051058
23.0,62.5,15.3,20.5144833658,5.21448336585
24.0,62.5,21.75,15.9736641682,-5.77633583177
25.0,62.5,1.1,15.1285633346,14.0285633346
26.0,62.5,22.97,19.176630807,-3.79336919302
27.0,62.5,15.15,11.9352335334,-3.21476646657
28.0,62.5,22.75,13.3608728406,-9.38912715943
29.0,62.5,-2.54,11.1489674334,13.6889674334
30.0,62.5,13.29,17.906574093,4.61657409304
31.0,62.5,26.09,21.6006398965,-4.48936010349
32.0,62.5,16.57,15.7085076078,-0.861492392225
1.0,66.5,28.83,20.6152872926,-8.21471270737
2.0,66.5,21.73,23.1879796088,1.45797960876
3.0,66.5,15.07,21.4924846262,6.42248462615
4.0,66.5,29.74,22.1543747563,-7.58562524368
5.0,66.5,15.29,13.5779495443,-1.71205045575
6.0,66.5,19.04,17.827319563,-1.21268043702
7.0,66.5,24.71,21.2819547331,-3.42804526694
8.0,66.5,17.13,15.23131531,-1.89868468999
9.0,66.5,24.99,21.7284432258,-3.26155677415
10.0,66.5,12.83,22.5167146329,9.68671463289
11.0,66.5,26.04,19.8950813473,-6.14491865271
12.0,66.5,23.36,22.3935144964,-0.966485503583
13.0,66.5,20.53,17.2016940325,-3.32830596751
14.0,66.5,2.99,22.9723379222,19.9823379222
15.0,66.5,17.8,17.7626616884,-0.0373383115779
16.0,66.5,32.87,15.3674653856,-17.5025346144
17.0,66.5,25.3,22.3951209742,-2.9048790258
18.0,66.5,27.65,23.5955620564,-4.05443794363
19.0,66.5,7.88,16.3654128401,8.48541284012
20.0,66.5,25.08,13.6847751061,-11.3952248939
21.0,66.5,19.35,16.657090395,-2.69290960502
22.0,66.5,18.71,17.7663945931,-0.943605406851
23.0,66.5,16.51,14.4409935213,-2.06900647872
25.0,66.5,26.6,14.1547097599,-12.4452902401
26.0,66.5,20.72,16.7377760906,-3.98222390937
27.0,66.5,-15.05,18.2712762429,33.3212762429
28.0,66.5,-1.84,12.7052711804,14.5452711804
29.0,66.5,-2.98,22.3663608694,25.3463608694
30.0,66.5,5.69,10.1101954581,4.4201954581
31.0,66.5,22.98,20.033092497,-2.94690750303
32.0,66.5,-16.79,7.52192009713,24.3119200971
1.0,70.5,26.64,20.3717704027,-6.26822959733
2.0,70.5,0.16,17.369843576,17.209843576
3.0,70.5,6.89,22.962860486,16.072860486
4.0,70.5,16.77,20.5684788371,3.79847883707
5.0,70.5,24.25,17.018684615,-7.23131538502
6.0,70.5,24.53,21.1607728529,-3.36922714708
7.0,70.5,21.73,18.2544501135,-3.47554988653
8.0,70.5,-4.66,14.6755895443,19.3355895443
9.0,70.5,17.25,13.9558766747,-3.29412332531
10.0,70.5,17.76,18.2059596248,0.445959624845
11.0,70.5,12.17,15.7328428634,3.56284286342
12.0,70.5,25.48,18.2961435912,-7.18385640884
13.0,70.5,28.71,21.3888437198,-7.32115628023
14.0,70.5,24.02,14.5255217372,-9.49447826283
15.0,70.5,11.78,14.5863944265,2.80639442649
16.0,70.5,24.0,20.1618675547,-3.83813244531
17.0,70.5,12.65,15.6402490587,2.99024905866
18.0,70.5,14.8,17.7640474858,2.96404748585
19.0,70.5,25.74,17.342111929,-8.39788807102
20.0,70.5,27.56,11.9886471738,-15.5713528262
22.0,70.5,9.99,17.3642235799,7.37422357993
23.0,70.5,6.82,15.2285103516,8.40851035162
24.0,70.5,27.4,22.6965298205,-4.70347017952
25.0,70.5,19.96,17.1466640994,-2.81333590065
26.0,70.5,3.3,10.368306274,7.06830627397
27.0,70.5,5.43,14.3042436432,8.87424364324
28.0,70.5,33.46,18.5816458512,-14.8783541488
29.0,70.5,24.9,21.2745448611,-3.62545513893
30.0,70.5,18.55,17.1310930715,-1.41890692851
31.0,70.5,9.44,12.5729854748,3.13298547479
32.0,70.5,-30.77,16.5985886409,47.3685886409
1.0,74.5,16.22,15.2449345411,-0.975065458899
2.0,74.5,18.25,16.2254764018,-2.02452359821
3.0,74.5,9.76,17.0489927157,7.28899271574
4.0,74.5,11.62,19.9428978655,8.32289786549
5.0,74.5,27.02,17.4873012531,-9.53269874687
6.0,74.5,-8.75,13.9993351194,22.7493351194
7.0,74.5,11.22,19.307772948,8.08777294804
8.0,74.5,13.62,19.4975614296,5.87756142958
9.0,74.5,-4.72,15.1383963477,19.8583963477
10.0,74.5,26.12,17.4229848468,-8.69701515319
11.0,74.5,30.86,20.5922488284,-10.2677511716
12.0,74.5,13.48,16.6164832955,3.13648329555
13.0,74.5,5.88,20.4703541358,14.5903541358
14.0,74.5,12.22,16.371722229,4.15172222898
15.0,74.5,19.41,24.7666819379,5.35668193793
16.0,74.5,2.48,21.809162994,19.329162994
17.0,74.5,15.52,17.995663996,2.47566399603
18.0,74.5,-4.32,13.6444576586,17.9644576586
19.0,74.5,18.8,13.1361880414,-5.66381195865
20.0,74.5,14.86,17.1024319376,2.24243193759
21.0,74.5,2.61,15.1363351139,12.5263351139
22.0,74.5,12.05,21.0916494202,9.04164942018
23.0,74.5,24.38,22.2405394735,-2.13946052654
24.0,74.5,25.83,22.6499983579,-3.18000164207
25.0,74.5,11.21,13.8515331911,2.64153319113
26.0,74.5,23.62,19.5219808504,-4.0980191496
27.0,74.5,20.04,14.1469714467,-5.89302855328
29.0,74.5,33.11,14.4296758463,-18.6803241537
30.0,74.5,5.75,21.3239213055,15.5739213055
31.0,74.5,25.21,20.6625088388,-4.54749116118
32.0,74.5,19.41,7.61602464684,-11.7939753532
1.0,78.5,17.63,17.9141016964,0.28410169644
2.0,78.5,21.58,12.45944816,-9.12055184003
3.0,78.5,30.19,15.2548187328,-14.9351812672
4.0,78.5,28.68,22.7850212336,-5.89497876636
5.0,78.5,26.47,21.8736285472,-4.59637145281
6.0,78.5,29.22,18.9701166595,-10.2498833405
7.0,78.5,17.84,18.3981406683,0.558140668288
8.0,78.5,22.79,21.6798864548,-1.11011354522
9.0,78.5,27.47,23.0447381449,-4.42526185507
10.0,78.5,24.93,22.5238886581,-2.40611134194
11.0,78.5,15.54,19.7184535095,4.17845350951
12.0,78.5,24.97,19.5600571336,-5.40994286642
13.0,78.5,24.64,22.9944732008,-1.64552679923
14.0,78.5,24.1,21.7840278337,-2.31597216628
15.0,78.5,27.11,21.8170482157,-5.29295178429
16.0,78.5,24.14,21.6748720628,-2.46512793724
17.0,78.5,25.34,20.46857119,-4.87142881002
18.0,78.5,23.56,23.6696094012,0.109609401186
19.0,78.5,27.44,23.002027819,-4.43797218096
20.0,78.5,30.87,16.9165845017,-13.9534154983
21.0,78.5,16.62,19.8908553,3.27085529997
22.0,78.5,32.96,23.6390100905,-9.32098990952
23.0,78.5,15.03,14.3942141009,-0.635785899076
24.0,78.5,6.33,14.3457518152,8.01575181522
25.0,78.5,19.01,21.2606729077,2.25067290774
26.0,78.5,24.54,16.5106627335,-8.02933726652
27.0,78.5,3.78,12.6553112876,8.87531128759
28.0,78.5,27.82,19.763661356,-8.05633864404
29.0,78.5,19.69,21.2478124841,1.55781248414
30.0,78.5,7.68,12.5514866885,4.87148668849
31.0,78.5,32.51,12.8624497052,-19.6475502948
32.0,78.5,31.97,9.26811213154,-22.7018878685
1.0,82.5,9.69,18.8296804696,9.13968046962
2.0,82.5,28.61,22.5738179102,-6.03618208977
3.0,82.5,12.62,17.248061864,4.62806186401
4.0,82.5,20.92,21.3652049136,0.445204913643
5.0,82.5,25.63,20.7843046083,-4.84569539173
6.0,82.5,15.53,22.5683005457,7.03830054569
7.0,82.5,25.26,14.2905474886,-10.9694525114
9.0,82.5,26.5,23.1972395589,-3.3027604411
10.0,82.5,18.67,19.5879229648,0.917922964786
11.0,82.5,24.95,20.9868312255,-3.96316877446
12.0,82.5,26.16,19.9382170368,-6.22178296324
13.0,82.5,22.32,17.3669827308,-4.9530172692
14.0,82.5,13.08,20.8762420041,7.79624200408
15.0,82.5,22.46,16.7471042128,-5.71289578716
16.0,82.5,19.91,21.7692693964,1.85926939635
17.0,82.5,16.65,20.3984905501,3.74849055014
18.0,82.5,20.71,18.0415573299,-2.66844267005
19.0,82.5,24.27,23.8342542818,-0.43574571822
20.0,82.5,8.17,15.5925241513,7.42252415128
21.0,82.5,24.63,21.8754038547,-2.75459614527
22.0,82.5,27.16,22.0081092074,-5.1518907926
23.0,82.5,21.42,24.5998711527,3.17987115267
24.0,82.5,15.06,13.4068492527,-1.65315074733
25.0,82.5,21.03,15.5387371395,-5.49126286048
26.0,82.5,-2.74,16.9354591047,19.6754591047
27.0,82.5,24.8,21.2320110478,-3.56798895218
28.0,82.5,4.19,22.409041558,18.219041558
29.0,82.5,25.84,21.1779443322,-4.6620556678
31.0,82.5,16.61,20.5683048238,3.95830482376
32.0,82.5,26.6,21.100868924,-5.499131076
4.0,86.5,30.13,21.547217484,-8.58278251604
5.0,86.5,23.9,23.4317813446,-0.468218655383
6.0,86.5,25.32,23.5160331876,-1.80396681236
7.0,86.5,17.27,21.3345386739,4.06453867392
8.0,86.5,28.0,21.7936022916,-6.20639770838
9.0,86.5,24.22,23.2192585084,-1.00074149158
10.0,86.5,25.83,23.3308020982,-2.49919790182
11.0,86.5,14.29,21.3739679864,7.08396798644
12.0,86.5,17.33,24.2609620335,6.9309620335
13.0,86.5,18.89,21.0276354294,2.13763542941
14.0,86.5,20.42,18.6280338422,-1.79196615782
15.0,86.5,20.58,20.0269342578,-0.553065742151
16.0,86.5,15.16,17.9261044584,2.76610445844
18.0,86.5,21.67,23.4889455086,1.81894550857
19.0,86.5,25.09,19.1272489928,-5.9627510072
21.0,86.5,21.92,24.083726856,2.163726856
22.0,86.5,22.37,24.1450732278,1.77507322782
23.0,86.5,26.6,24.6425457823,-1.95745421769
24.0,86.5,31.79,23.1169965132,-8.67300348683
26.0,86.5,19.91,18.8342272306,-1.07577276939
28.0,86.5,13.81,21.1933637387,7.38336373867
4.0,90.5,26.8,24.1621625195,-2.63783748055
5.0,90.5,20.7,23.5818103052,2.88181030519
6.0,90.5,24.1,23.6940449679,-0.405955032117
7.0,90.5,22.39,18.2202122951,-4.1697877049
9.0,90.5,24.35,21.8621233063,-2.48787669374
10.0,90.5,26.35,24.3949238993,-1.95507610071
11.0,90.5,13.88,19.9666006996,6.08660069958
12.0,90.5,19.72,19.7899399666,0.0699399665689
13.0,90.5,30.62,22.9888743037,-7.63112569628
16.0,90.5,28.53,22.6069430214,-5.92305697856
17.0,90.5,25.27,22.567716791,-2.70228320896
18.0,90.5,7.69,21.762115607,14.072115607
19.0,90.5,13.84,19.2572796215,5.41727962149
20.0,90.5,17.98,23.0856340186,5.10563401856
21.0,90.5,27.27,20.8863230698,-6.38367693019
22.0,90.5,23.87,24.2707140845,0.400714084506
23.0,90.5,23.95,22.7705403129,-1.17945968709
24.0,90.5,15.94,21.4889224736,5.54892247357
25.0,90.5,19.36,20.7763458951,1.41634589514
27.0,90.5,24.27,20.9826327366,-3.28736726335
28.0,90.5,14.04,23.1290721255,9.0890721255
4.0,94.5,28.0,22.6932369644,-5.30676303557
5.0,94.5,14.17,19.6690029413,5.49900294131
6.0,94.5,15.55,21.5861346237,6.03613462367
7.0,94.5,20.44,24.0063394874,3.56633948738
8.0,94.5,22.69,23.2484531131,0.558453113105
9.0,94.5,24.53,19.1289574898,-5.40104251017
10.0,94.5,15.94,22.1086283852,6.16862838518
11.0,94.5,20.68,17.835415518,-2.84458448203
12.0,94.5,22.53,23.0823145454,0.552314545436
14.0,94.5,28.14,23.6515551992,-4.48844480077
16.0,94.5,28.92,23.5727247035,-5.34727529651
17.0,94.5,26.08,23.8305053042,-2.24949469585
18.0,94.5,22.9,25.1905163814,2.29051638135
20.0,94.5,20.81,23.149721981,2.33972198101
21.0,94.5,27.92,24.2673486629,-3.65265133705
22.0,94.5,29.08,19.7391006021,-9.34089939791
24.0,94.5,16.93,24.3264434797,7.39644347972
27.0,94.5,22.92,21.0463436756,-1.87365632436
28.0,94.5,23.9,21.594207628,-2.30579237195
4.0,98.5,32.53,18.4626963339,-14.0673036661
5.0,98.5,-9.42,11.7082882733,21.1282882733
6.0,98.5,23.26,23.3003135812,0.0403135811994
8.0,98.5,29.01,22.171809411,-6.83819058904
10.0,98.5,17.32,21.6955821837,4.37558218369
11.0,98.5,20.08,23.5131232989,3.43312329888
12.0,98.5,24.62,17.0023545829,-7.61764541707
14.0,98.5,30.7,19.162726072,-11.537273928
15.0,98.5,3.59,9.93052732596,6.34052732596
17.0,98.5,19.42,22.3470001216,2.9270001216
18.0,98.5,5.95,22.4292138454,16.4792138454
19.0,98.5,32.07,23.363971734,-8.70602826602
20.0,98.5,20.66,21.3476819416,0.687681941606
22.0,98.5,18.63,22.1952844285,3.5652844285
23.0,98.5,28.56,21.2742794922,-7.28572050778
24.0,98.5,30.3,21.7508695395,-8.54913046049
25.0,98.5,28.56,23.1064372338,-5.45356276623
27.0,98.5,22.0,21.70527025,-0.294729750011
28.0,98.5,21.75,21.902720025,0.152720024979
19.0,102.5,10.43,7.96373081572,-2.46626918428
20.0,102.5,5.98,12.9101418359,6.93014183589
24.0,102.5,23.22,23.9915064227,0.77150642266
25.0,102.5,26.28,12.7717549155,-13.5082450845
26.0,102.5,26.36,20.8461189519,-5.51388104806
27.0,102.5,25.76,20.8372648781,-4.92273512192
