gps_eastings_UTMzone17N,gps_northings_UTMzone17N,actual_DCAD,predicted_DCAD,prediction_diff
340657.36925,3832647.82625,24.85,21.0916942183,-3.75830578168
340658.857125,3832652.01375,8.67,12.8741818181,4.20418181807
340660.4055,3832656.37375,26.67,18.4265136719,-8.24348632813
340662.024125,3832660.58,19.78,19.2077727139,-0.572227286074
340663.54325,3832664.865,26.01,19.2607059479,-6.74929405212
340666.651625,3832673.62875,13.6,13.238009581,-0.361990419021
340668.227375,3832678.07375,16.84,11.86328125,-4.97671875
340669.763625,3832682.4025,19.4,16.5493164062,-2.85068359375
340672.707375,3832690.71,18.56,26.5791931152,8.01919311523
340674.289625,3832695.1725,7.52,22.0911324024,14.5711324024
340675.80925,3832699.4575,20.53,15.2641432285,-5.26585677147
340677.24775,3832703.51,17.16,13.2582092285,-3.90179077148
340678.79225,3832707.8675,3.57,17.8087005615,14.2387005615
340681.877875,3832716.5725,4.86,17.1750488281,12.3150488281
340683.3845,3832720.81875,0.6,17.3649987596,16.7649987596
340684.892,3832725.07,7.51,17.4217151259,9.91171512594
340686.475125,3832729.535,28.51,15.4502868652,-13.0597131348
340688.06125,3832734.00875,17.47,21.0401611328,3.57016113281
340689.573625,3832738.275,24.17,15.9936523438,-8.17634765625
340692.63525,3832746.90625,19.71,21.4587323666,1.74873236656
340694.176375,3832751.25625,-2.84,16.4013971313,19.2413971313
340695.681125,3832755.5,12.66,15.0375442505,2.37754425049
340697.21225,3832759.815,17.22,14.7855834961,-2.43441650391
340698.702125,3832764.0175,19.98,18.1827737854,-1.7972262146
340700.151125,3832768.3325,17.78,18.0464824048,0.266482404752
340701.64,3832772.52375,19.37,12.0404987335,-7.32950126648
340703.117,3832776.6825,21.38,18.9256067276,-2.4543932724
340704.637625,3832780.96875,20.84,15.7726155797,-5.06738442033
340654.725375,3832648.66375,25.18,21.3757335228,-3.80426647716
340656.217,3832652.87,13.75,12.4740130901,-1.27598690987
340657.762375,3832657.23,23.0,19.6433105469,-3.35668945312
340660.900375,3832665.6825,21.35,16.8828582764,-4.46714172363
340662.434625,3832670.01375,26.1,19.7822875977,-6.31771240234
340663.976625,3832674.3675,21.47,25.8929214478,4.42292144775
340667.087125,3832683.15875,15.81,20.0174560547,4.20745605469
340668.586375,3832687.39,13.17,21.0753631592,7.90536315918
340673.13775,3832700.2425,26.85,28.8723449707,2.0223449707
340674.547,3832704.22,27.59,15.9588813782,-11.6311186218
340676.096625,3832708.6,18.11,20.1550786264,2.04507862638
340677.661,3832713.0175,16.65,19.1280517578,2.47805175781
340679.204,3832717.37625,22.94,15.9557189941,-6.98428100586
340680.714375,3832721.6425,22.2,17.8833240013,-4.31667599865
340682.21675,3832725.88375,12.03,21.0413423916,9.01134239156
340683.79,3832730.3275,18.48,16.7795410156,-1.70045898438
340686.884375,3832739.06875,23.52,17.3631896973,-6.15681030273
340688.39225,3832743.32375,19.18,19.4336481712,0.253648171223
340689.941,3832747.7,16.56,21.2053833008,4.64538330078
340691.471625,3832752.02375,19.25,18.3241729736,-0.925827026367
340692.984625,3832756.29625,12.62,19.1053409576,6.48534095764
340694.519125,3832760.63,24.56,22.6488311649,-1.91116883514
340695.998,3832764.80625,17.61,17.8706054688,0.26060546875
340697.447375,3832769.16,21.56,17.5199737549,-4.04002624512
340698.936375,3832773.35625,28.19,23.1156234741,-5.07437652588
340700.409625,3832777.5125,28.79,18.5400390625,-10.2499609375
340701.927625,3832781.79375,23.23,16.4321955907,-6.79780440928
340651.95625,3832649.77375,22.74,19.5482788086,-3.19172119141
340653.442375,3832653.96875,24.64,24.4346199036,-0.205380096436
340656.590875,3832662.60875,24.62,30.1485488415,5.52854884148
340658.10975,3832666.89625,29.6,19.3748626709,-10.2251373291
340661.17275,3832675.55125,19.85,20.6770172119,0.827017211914
340662.762625,3832680.04125,16.65,17.63671875,0.98671875
340664.273125,3832684.315,28.41,19.5445305989,-8.86546940107
340665.77825,3832688.56625,22.63,24.9931640625,2.3631640625
340667.282375,3832692.815,19.36,20.1520996094,0.792099609375
340670.33075,3832701.4225,22.86,18.0789794922,-4.78102050781
340671.75075,3832705.435,24.43,20.3916409428,-4.03835905724
340673.294,3832709.79625,20.23,22.5463867188,2.31638671875
340674.86025,3832714.225,19.02,19.7608638478,0.740863847798
340676.404125,3832718.5825,10.89,32.4278223515,21.5378223515
340677.908375,3832722.835,10.2,14.3658790588,4.16587905884
340682.5475,3832735.93875,13.55,21.2387347077,7.68873470773
340684.071625,3832740.24625,18.11,22.3210158348,4.21101583481
340685.592,3832744.54,14.3,23.7232952118,9.42329521179
340687.1455,3832748.92875,22.26,17.6710481644,-4.58895183563
340688.662125,3832753.21375,26.64,16.1794433594,-10.4605566406
340690.158375,3832757.44,14.29,-51023320842.9,-51023320857.2
340691.69625,3832761.7875,20.98,16.5549278259,-4.42507217407
340693.194625,3832766.02,22.96,14.7227623463,-8.23723765373
340694.664375,3832770.335,19.98,20.4624481201,0.482448120117
340696.157125,3832774.54625,25.59,15.8291168213,-9.76088317871
340697.63675,3832778.7225,8.44,18.0820560455,9.64205604553
340699.155375,3832783.0125,22.69,12.0091075792,-10.6808924208
340649.202375,3832650.48125,15.38,14.3266526455,-1.05334735452
340650.703625,3832654.72,20.41,14.9695358276,-5.44046417236
340652.245375,3832659.07375,17.4,19.650604248,2.25060424805
340655.347125,3832667.5675,11.81,24.0214538574,12.2114538574
340656.876125,3832671.8875,21.38,24.1107177734,2.73071777344
340658.415125,3832676.2375,20.9,26.307434082,5.40743408203
340661.513,3832685.0,19.17,9.22241210938,-9.94758789063
340663.015375,3832689.24125,9.73,22.0329742432,12.3029742432
340666.073875,3832697.88625,12.93,18.550655365,5.62065536499
340667.573625,3832702.12625,20.77,23.1216812134,2.35168121338
340668.995,3832706.14,18.79,19.8646211335,1.07462113346
340670.54075,3832710.51,16.11,21.1919670105,5.0819670105
340672.093875,3832714.9025,23.53,19.0336151722,-4.49638482783
340673.630375,3832719.24625,17.69,22.1092376709,4.4192376709
340675.140625,3832723.51375,19.18,19.6721191406,0.492119140625
340676.64525,3832727.7675,15.53,18.3891818523,2.85918185234
340678.215,3832732.2025,17.59,15.8781547546,-1.71184524536
340679.781,3832736.63125,26.97,23.9429855291,-3.02701447091
340681.298625,3832740.92,14.11,12.1556243896,-1.95437561035
340682.81225,3832745.1975,19.69,14.5119628906,-5.17803710938
340684.357,3832749.56375,20.94,18.7745819092,-2.16541809082
340685.885375,3832753.88375,26.03,17.246307373,-8.78369262695
340687.402125,3832758.1725,23.75,18.7612304688,-4.98876953125
340688.935,3832762.50625,13.18,20.212864124,7.03286412403
340690.416625,3832766.6925,7.06,18.1688480377,11.1088480377
340691.877375,3832771.0,27.81,21.1833496094,-6.62665039062
340693.370625,3832775.21375,9.55,1.44877624512,-8.10122375488
340694.85,3832779.3925,21.38,16.4332695007,-4.94673049927
340696.37,3832783.68375,24.37,25.5235621929,1.15356219292
340646.2765,3832651.48875,26.69,20.1213715076,-6.56862849236
340647.78925,3832655.76375,19.88,18.0917053223,-1.78829467773
340649.328625,3832660.11,24.85,21.2270812988,-3.62291870117
340650.865375,3832664.29125,21.03,23.3335876465,2.30358764648
340652.377625,3832668.565,2.66,14.3916664124,11.7316664124
340653.902,3832672.87375,24.46,15.9779248756,-8.48207512443
340655.423375,3832677.17375,26.93,18.6104975735,-8.31950242646
340657.00725,3832681.65125,21.21,18.1509899272,-3.05901007284
340658.562375,3832686.05,23.43,19.5141601562,-3.91583984375
340660.06425,3832690.2925,24.25,15.7505269051,-8.49947309494
340661.574875,3832694.56,23.7,17.5605662746,-6.13943372542
340663.155875,3832699.0275,18.89,18.7869010607,-0.103098939275
340664.65625,3832703.27,8.09,19.2891845703,11.1991845703
340666.07375,3832707.2725,13.45,17.5192871094,4.06928710938
340667.621,3832711.6475,12.3,21.0569648743,8.75696487427
340669.16025,3832715.995,19.87,17.1287384033,-2.74126159668
340670.666125,3832720.2525,22.36,17.5320965536,-4.82790344645
340672.171375,3832724.5075,5.96,14.1674314623,8.20743146232
340673.698875,3832728.8225,11.88,15.0723953247,3.19239532471
340675.271625,3832733.2675,22.23,20.9820950184,-1.24790498162
340676.821875,3832737.6525,26.48,21.7224194751,-4.75758052491
340678.371875,3832742.02875,22.95,14.8941955566,-8.05580444336
340679.882,3832746.29875,6.24,12.7226257324,6.48262573242
340681.397625,3832750.58125,19.31,17.5107243778,-1.79927562215
340682.926875,3832754.90375,12.37,11.8051613802,-0.564838619776
340684.446125,3832759.1975,17.48,11.8970947266,-5.58290527344
340685.98325,3832763.5425,23.94,23.2547035217,-0.685296478271
340687.469,3832767.74125,19.65,20.8862106532,1.23621065322
340688.943875,3832772.015,21.87,14.4532680511,-7.41673194885
340690.431625,3832776.21375,8.26,14.0331420898,5.77314208984
340691.914,3832780.4025,20.71,20.0146064758,-0.69539352417
340693.447625,3832784.735,20.44,15.3190917969,-5.12090820313
340643.636,3832652.24,25.05,20.3288034946,-4.72119650543
340645.150125,3832656.51875,11.64,24.1840591431,12.5440591431
340646.6925,3832660.8725,22.78,17.171875,-5.608125
340648.226125,3832665.0975,17.6,16.0065927505,-1.59340724945
340649.75225,3832669.41,18.2,15.1621551514,-3.03784484863
340651.287375,3832673.745,6.21,17.0104980469,10.8004980469
340652.852125,3832678.1675,24.22,19.9638671875,-4.2561328125
340654.455625,3832682.7,19.63,16.2236022949,-3.40639770508
340655.888875,3832686.7525,23.56,22.8178195953,-0.742180404663
340657.397625,3832691.01375,18.27,17.7573519639,-0.512648036117
340658.91425,3832695.2975,23.81,8.79821777344,-15.0117822266
340660.460125,3832699.6675,20.04,22.7593212128,2.71932121277
340661.97225,3832703.94,19.88,22.5271949768,2.64719497681
340663.41625,3832708.0175,16.76,14.2161254883,-2.54387451172
340664.935,3832712.31375,26.28,26.4881746769,0.208174676895
340666.48425,3832716.68625,2.94,18.013315856,15.073315856
340668.03375,3832721.06625,25.56,21.528137207,-4.03186279297
340669.54275,3832725.33,28.89,18.2432692101,-10.6467307899
340671.04675,3832729.58,18.15,16.7648010254,-1.38519897461
340672.59575,3832733.9575,19.81,20.4460850972,0.63608509721
340674.152,3832738.35625,15.41,15.006149292,-0.403850708008
340675.687375,3832742.69125,26.3,17.7876281738,-8.51237182617
340677.20275,3832746.975,28.57,18.7312316895,-9.83876831055
340678.7355,3832751.30875,22.33,16.2911758423,-6.03882415771
340680.24925,3832755.58375,11.19,12.7575073242,1.56750732422
340681.799,3832759.96,17.27,23.5140380859,6.24403808594
340683.34025,3832764.3175,8.78,15.1249084473,6.34490844727
340684.823375,3832768.5075,-6.01,17.2648010254,23.2748010254
340686.320375,3832772.8125,18.96,15.0580596924,-3.90194030762
340687.81475,3832777.03125,19.75,19.4337844849,-0.316215515137
340689.293625,3832781.2075,12.12,19.4238834381,7.30388343811
340690.804875,3832785.47875,20.57,12.9103622437,-7.65963775635
340640.976125,3832653.20375,29.86,21.6610107422,-8.19898925781
340642.502375,3832657.525,24.37,17.8763431577,-6.4936568423
340644.052625,3832661.91125,16.2,22.5852355957,6.3852355957
340645.566125,3832666.13875,-6.42,13.6086425781,20.0286425781
340647.087125,3832670.44375,17.38,24.0819759369,6.70197593689
340648.619625,3832674.7825,20.93,20.406539917,-0.523460083008
340650.1365,3832679.07625,21.06,13.8877658844,-7.1722341156
340651.697,3832683.49125,27.01,19.1850242615,-7.82497573853
340653.214375,3832687.79,26.8,22.6223144531,-4.17768554688
340654.725,3832692.06375,14.1,14.5120239258,0.412023925781
340656.246625,3832696.37125,11.08,11.0496168137,-0.0303831863403
340657.7895,3832700.73625,19.87,19.3468396664,-0.523160333633
340659.2865,3832704.975,12.11,16.775844574,4.66584457397
340660.7295,3832709.055,22.59,11.4091224672,-11.1808775328
340662.29025,3832713.475,23.09,11.31701684,-11.77298316
340663.821,3832717.81,4.86,20.2350311279,15.3750311279
340665.330125,3832722.0775,-10.67,20.9920024872,31.6620024872
340666.847875,3832726.37625,26.18,15.7437632084,-10.4362367916
340668.37075,3832730.6875,7.02,20.4876403809,13.4676403809
340669.939,3832735.1225,27.28,18.3423919678,-8.93760803223
340671.4645,3832739.44125,6.24,15.8670654297,9.62706542969
340672.968625,3832743.7,19.01,23.0205078125,4.0105078125
340674.511,3832748.065,6.37,17.3827056885,11.0127056885
340676.05175,3832752.425,15.1,20.124710083,5.02471008301
340677.583875,3832756.76125,8.74,22.0690307617,13.3290307617
340679.118375,3832761.02667,6.04,11.718132019,5.67813201904
340680.62775,3832765.3775,18.85,12.7570445538,-6.09295544624
340682.091875,3832769.5225,20.71,15.8578504122,-4.85214958783
340683.581375,3832773.7775,22.5,3.49517385327,-19.0048261467
340685.078125,3832778.01625,25.52,18.4824733734,-7.03752662659
340686.5475,3832782.17125,27.77,18.8091097622,-8.96089023779
340688.069125,3832786.48125,19.28,14.8361390427,-4.44386095734
340637.955,3832654.18375,20.1,25.516456604,5.416456604
340639.4715,3832658.47875,20.82,19.1102907009,-1.70970929912
340640.99,3832662.78,30.99,21.5649414062,-9.42505859375
340642.495875,3832667.0325,16.63,22.3628334047,5.73283340465
340644.03175,3832671.3825,23.96,17.5682373047,-6.39176269531
340645.535125,3832675.64,6.37,14.9477539062,8.57775390625
340647.059625,3832679.955,18.18,15.7021179199,-2.47788208008
340648.620375,3832684.37625,22.06,21.2983896732,-0.761610326767
340650.127625,3832688.645,27.79,14.35546875,-13.43453125
340651.645625,3832692.9425,15.73,17.6923907612,1.96239076124
340653.163875,3832697.2425,19.76,14.587890625,-5.172109375
340654.699875,3832701.59,22.93,24.5834960938,1.65349609375
340656.2,3832705.8375,19.51,20.7921105651,1.28211056509
340657.56575,3832709.7,24.02,16.885269165,-7.13473083496
340659.14625,3832714.1825,-5.19,18.0552062988,23.2452062988
340660.722875,3832718.645,22.17,23.4060058594,1.23600585937
340662.266375,3832723.01375,17.87,23.9697265625,6.0997265625
340663.786125,3832727.32,13.91,19.8616943359,5.95169433594
340665.282,3832731.5525,1.0,15.1387634277,14.1387634277
340666.843375,3832735.9775,21.15,13.8705338974,-7.27946610259
340668.392125,3832740.35875,26.58,23.3487548828,-3.23124511719
340669.88575,3832744.58875,20.68,19.8930440108,-0.786955989162
340671.3905,3832748.84875,12.87,18.5951538086,5.72515380859
340672.938,3832753.23375,22.86,19.4432144165,-3.4167855835
340674.485375,3832757.61375,28.74,15.5891418457,-13.1508581543
340676.015625,3832761.9475,27.31,20.1118392944,-7.19816070557
340677.5485,3832766.28875,-3.75,13.7805175781,17.5305175781
340679.03525,3832770.49875,20.76,18.131763905,-2.62823609498
340680.513875,3832774.6975,15.92,9.40715789795,-6.51284210205
340682.012875,3832778.94375,11.48,16.8773040771,5.39730407715
340683.5095,3832783.1825,20.38,8.00263285637,-12.3773671436
340685.032125,3832787.49,20.49,9.20233058929,-11.2876694107
340635.399875,3832654.99125,14.97,18.3788833618,3.40888336182
340636.933375,3832659.34,27.54,19.7900390625,-7.7499609375
340638.472125,3832663.705,11.04,16.3981642766,5.35816427662
340639.949875,3832667.94875,26.8,16.9575195312,-9.84248046875
340641.477125,3832672.2775,23.33,13.7405967712,-9.58940322876
340642.987875,3832676.56375,28.78,18.6529312134,-10.1270687866
340644.519125,3832680.90625,12.83,17.938293457,5.10829345703
340646.084875,3832685.34625,28.27,18.0920814765,-10.1779185235
340647.592875,3832689.625,29.62,18.6913070679,-10.9286929321
340649.10725,3832693.91875,26.35,12.3628387451,-13.9871612549
340650.636375,3832698.2575,26.27,20.7374267578,-5.53257324219
340652.169625,3832702.6025,1.56,18.7208900452,17.1608900452
340653.661,3832706.8325,24.07,20.1143638435,-3.95563615647
340655.1325,3832711.00875,14.88,23.7578125,8.8778125
340656.6615,3832715.34375,25.35,13.6424560547,-11.7075439453
340658.14875,3832719.56,21.35,16.6898498535,-4.66015014648
340659.686375,3832723.9225,18.8,13.599609375,-5.200390625
340661.231625,3832728.305,22.35,17.9244270325,-4.42557296753
340662.716625,3832732.51625,19.72,15.1526660919,-4.56733390808
340664.277,3832736.94125,21.85,15.8500976562,-5.99990234375
340665.84125,3832741.37625,0.71,13.217666626,12.507666626
340667.355875,3832745.67125,14.52,18.979309082,4.45930908203
340668.878375,3832749.9925,28.83,17.4138145447,-11.4161854553
340670.395,3832754.29375,14.52,10.9163243097,-3.60367569034
340671.911625,3832758.59375,27.88,17.5899552199,-10.2900447801
340673.438875,3832762.92625,10.09,14.2771778107,4.18717781067
340674.97825,3832767.29,-8.03,12.3782958984,20.4082958984
340676.464125,3832771.5075,-9.46,10.7361829507,20.1961829507
340677.929875,3832775.64,24.35,17.17019701,-7.17980298996
340679.420875,3832779.87125,22.75,15.2827606201,-7.46723937988
340680.9095,3832784.095,8.97,14.8162536621,5.84625366211
340682.438,3832788.42875,9.21,9.96296691895,0.752966918945
340632.633,3832655.93875,26.85,23.5091018677,-3.34089813232
340634.163875,3832660.27875,17.83,15.6813354492,-2.14866455078
340635.693625,3832664.61625,33.6,17.4791107178,-16.1208892822
340637.157625,3832668.89,30.31,19.3924160004,-10.9175839996
340638.687875,3832673.22375,28.01,22.1612091064,-5.84879089355
340640.201,3832677.5125,22.25,15.6949157715,-6.55508422852
340641.731,3832681.84625,19.02,18.4365615845,-0.583438415527
340643.294,3832686.27625,7.65,18.3557129997,10.7057129997
340644.790625,3832690.52,7.78,14.9645528793,7.18455287933
340646.302625,3832694.8,22.39,16.8427124023,-5.54728759766
340647.833625,3832699.1375,14.17,17.8722515106,3.70225151062
340649.374375,3832703.50375,22.93,22.7422485352,-0.187751464844
340650.88125,3832707.7725,25.76,23.2743282318,-2.48567176819
340652.339,3832711.91,21.72,27.0471801758,5.32718017578
340653.87325,3832716.25,-5.59,13.7649993896,19.3549993896
340655.391,3832720.5525,17.78,15.6881483103,-2.09185168968
340656.91,3832724.85625,23.14,20.791809082,-2.34819091797
340658.419875,3832729.13375,-4.53,14.9079360962,19.4379360962
340659.93075,3832733.4175,14.26,18.9664001465,4.70640014648
340661.489375,3832737.8325,21.9,17.8510513306,-4.04894866943
340663.031,3832742.2,-5.84,16.9101245403,22.7501245403
340664.541125,3832746.48,11.51,12.8449707031,1.33497070313
340666.07275,3832750.8175,27.29,16.6243896484,-10.6656103516
340667.604,3832755.15625,26.23,14.7645700897,-11.4654299103
340669.126125,3832759.47,28.95,12.6647186279,-16.2852813721
340670.655625,3832763.8025,18.34,15.6278705597,-2.71212944031
340672.183,3832768.1325,15.6,12.3660888672,-3.23391113281
340673.672625,3832772.3525,8.35,18.685546875,10.335546875
340675.167625,3832776.52,19.72,11.768371582,-7.95162841797
340676.674,3832780.79125,27.42,20.5442504883,-6.87574951172
340678.171125,3832785.0375,8.31,11.1115303984,2.80153039837
340679.697375,3832789.36375,21.4,21.172252655,-0.227747344971
340629.882625,3832656.90125,14.46,19.464805603,5.00480560303
340631.42475,3832661.27375,29.5,24.2943675508,-5.20563244923
340632.94275,3832665.5825,12.34,16.0087392663,3.6687392663
340634.385875,3832669.81125,15.93,6.25115966797,-9.67884033203
340635.932,3832674.1975,22.59,24.7243347168,2.1343347168
340637.455625,3832678.515,23.02,18.2368549005,-4.78314509947
340638.984375,3832682.8475,24.8,15.1703190804,-9.62968091965
340640.526625,3832687.22125,29.21,15.2064220265,-14.0035779735
340642.012375,3832691.435,17.94,17.5562438965,-0.383756103516
340643.53675,3832695.75375,18.11,18.3725350215,0.26253502151
340645.064625,3832700.085,24.89,18.3590087891,-6.53099121094
340646.598625,3832704.4325,25.18,19.1731719971,-6.00682800293
340648.12275,3832708.75375,21.53,12.3200683594,-9.20993164063
340649.57025,3832712.86,-11.58,14.7973937988,26.3773937988
340651.0775,3832717.13,18.69,13.7175292969,-4.97247070313
340652.61875,3832721.495,21.18,21.8631134033,0.68311340332
340654.148375,3832725.8325,28.94,19.5732421875,-9.3667578125
340655.6605,3832730.12,10.39,13.2669111135,2.87691111347
340657.16625,3832734.39,17.34,17.9240112305,0.584011230469
340658.72775,3832738.815,26.25,24.3604536057,-1.88954639435
340660.263875,3832743.16875,0.48,16.2567749023,15.7767749023
340661.764375,3832747.42125,13.97,17.6931152344,3.72311523437
340663.30175,3832751.77625,29.68,14.2508392334,-15.4291607666
340664.83525,3832756.1275,2.29,14.8546142578,12.5646142578
340666.353,3832760.43125,23.99,15.870875597,-8.119124403
340667.888625,3832764.7825,17.16,18.6885325909,1.52853259087
340669.43025,3832769.15,16.28,14.9846216458,-1.29537835423
340670.897,3832773.30875,13.0,16.1936035156,3.19360351562
340672.388375,3832777.4575,1.8,15.3323822021,13.5323822021
340673.901375,3832781.75125,30.66,18.6166992188,-12.0433007813
340675.39175,3832785.9775,-0.52,12.7828395367,13.3028395367
340676.917125,3832790.305,21.51,18.3040161133,-3.20598388672
340627.53225,3832657.50625,28.49,21.2211914062,-7.26880859375
340629.068375,3832661.875,13.62,15.47265625,1.85265625
340630.598625,3832666.225,10.92,21.2371826172,10.3171826172
340632.05525,3832670.565,17.84,23.4216516018,5.58165160179
340633.590625,3832674.9275,23.21,3.90498352051,-19.3050164795
340635.089375,3832679.185,22.48,23.8854980469,1.40549804687
340636.611625,3832683.51125,7.21,20.0644350052,12.8544350052
340638.169,3832687.93375,26.09,14.5239810944,-11.5660189056
340639.659375,3832692.17,18.92,18.6305236816,-0.289476318359
340641.182875,3832696.49875,25.36,25.0956115723,-0.264388427734
340642.739125,3832700.92,25.98,26.869692564,0.889692564011
340644.263,3832705.25,26.62,25.776446104,-0.84355389595
340645.754,3832709.485,1.97,17.9470214844,15.9770214844
340647.22075,3832713.655,24.52,18.9969350398,-5.52306496015
340648.73525,3832717.95625,26.27,23.1193847656,-3.15061523437
340650.2285,3832722.19875,14.3,18.2214355469,3.92143554687
340651.735125,3832726.47625,17.12,19.1982116699,2.07821166992
340654.779,3832735.125,22.77,23.1908569336,0.420856933594
340656.331875,3832739.5375,24.85,23.4957275391,-1.35427246094
340657.874,3832743.91875,22.41,17.5869140625,-4.8230859375
340659.345875,3832748.0975,13.4,17.4333496094,4.03334960937
340660.87925,3832752.4575,21.32,12.953704834,-8.36629516602
340662.41725,3832756.82875,26.97,18.0647277832,-8.9052722168
340663.910625,3832761.06875,21.61,14.2460250854,-7.36397491455
340665.424125,3832765.37,14.62,11.6605377197,-2.95946228027
340666.945125,3832769.69125,12.83,15.559097287,2.72909728701
340671.491375,3832782.49625,2.87,10.9536037445,8.08360374451
340672.9935,3832786.7675,24.81,18.1037407998,-6.70625920024
340674.523375,3832791.11875,5.29,12.8914095887,7.6014095887
340624.234125,3832658.58875,18.56,12.572479248,-5.98752075195
340625.7845,3832662.98875,23.44,16.2821044922,-7.15789550781
340627.303,3832667.29875,34.69,25.8090553284,-8.88094467163
340628.728875,3832671.58625,30.52,24.6540603638,-5.86593963623
340630.27925,3832675.9825,6.05,25.5871949475,19.5371949475
340631.779875,3832680.23875,16.01,17.2036414146,1.19364141464
340633.286875,3832684.515,32.48,19.4473266602,-13.0326733398
340634.842125,3832688.92375,17.04,27.9723137635,10.9323137635
340636.346375,3832693.195,17.53,20.487487793,2.95748779297
340637.867625,3832697.505,3.5,15.6979370117,12.1979370117
340639.41575,3832701.8975,27.27,21.1748046875,-6.0951953125
340640.946125,3832706.23625,17.31,13.2389469147,-4.07105308533
340642.45775,3832710.5275,11.05,18.2019059658,7.15190596581
340643.94725,3832714.7525,8.15,17.873752594,9.72375259399
340645.47175,3832719.0725,24.55,22.4606742859,-2.08932571411
340646.977875,3832723.3475,27.8,18.4391784668,-9.3608215332
340648.488125,3832727.63,10.92,21.7962394949,10.8762394949
340649.986625,3832731.87875,29.99,21.2294951019,-8.76050489806
340651.487375,3832736.135,6.83,25.3081302643,18.4781302643
340653.05175,3832740.575,27.49,23.0243504047,-4.46564959526
340654.60175,3832744.97125,10.48,14.6419941574,4.1619941574
340656.089625,3832749.19125,29.55,15.5534706116,-13.9965293884
340657.6235,3832753.54,27.87,18.3266061498,-9.54339385017
340659.15425,3832757.88375,32.16,14.9822998047,-17.1777001953
340660.661875,3832762.15875,9.22,11.0428771973,1.82287719727
340662.201375,3832766.525,28.95,19.4887084961,-9.46129150391
340663.73025,3832770.8625,15.37,13.0859375,-2.2840625
340666.738375,3832779.2525,22.21,15.5001831055,-6.70981689453
340668.270625,3832783.60625,8.11,16.5553343296,8.44533432961
340669.75875,3832787.8325,14.41,15.3153832477,0.905383247696
340671.285125,3832792.16375,-1.12,11.1458129883,12.2658129883
340621.4805,3832659.50875,13.89,19.6778869629,5.78788696289
340623.016125,3832663.86875,23.58,21.3853149414,-2.19468505859
340624.525375,3832668.155,24.37,24.2107591629,-0.159240837097
340625.950625,3832672.4975,-4.54,20.4745635986,25.0145635986
340627.499875,3832676.89125,9.51,16.0816598526,6.57165985256
340628.994,3832681.13,21.08,18.8356933594,-2.24430664062
340630.51275,3832685.43625,27.96,25.1158866882,-2.84411331177
340632.074375,3832689.86625,20.32,25.5053546429,5.18535464287
340633.540375,3832694.025,18.72,15.7644739151,-2.9555260849
340635.0685,3832698.35875,18.71,24.1865234375,5.4765234375
340636.645375,3832702.82875,12.77,15.9153706036,3.14537060359
340638.184375,3832707.1925,25.8,14.1143798828,-11.6856201172
340639.71675,3832711.5425,21.6,18.0723724365,-3.52762756348
340641.08625,3832715.4275,23.71,22.1686553955,-1.54134460449
340642.62875,3832719.8025,21.42,20.0715332031,-1.34846679688
340644.16825,3832724.165,20.19,14.8354644775,-5.35453552246
340645.693,3832728.49125,27.83,20.1238555908,-7.70614440918
340647.192625,3832732.745,22.25,17.1598968506,-5.09010314941
340648.6705,3832736.935,20.11,19.7280273438,-0.38197265625
340650.218,3832741.32375,8.49,17.2497558594,8.75975585937
340651.772625,3832745.73375,22.05,16.7585019255,-5.29149807449
340653.279875,3832750.00625,5.06,16.1535339355,11.0935339355
340656.31525,3832758.61625,14.44,2.44173049927,-11.9982695007
340657.872875,3832763.03625,25.48,9.38440672566,-16.0955932743
340660.93475,3832771.72,29.14,19.966003418,-9.17399658203
340662.431625,3832775.96375,-22.25,16.3982543945,38.6482543945
340663.912875,3832779.9875,23.89,15.9936523438,-7.89634765625
340665.419375,3832784.26875,9.85,16.0202102661,6.17021026611
340666.954,3832788.6275,23.51,20.3745117188,-3.13548828125
340668.4875,3832792.9825,22.93,21.0840454102,-1.84595458984
340618.7585,3832660.45625,18.67,26.098449707,7.42844970703
340620.315125,3832664.88,27.59,21.8229370117,-5.76706298828
340621.827625,3832669.1775,27.31,22.7744293213,-4.53557067871
340623.205125,3832673.43125,29.75,24.5584716797,-5.19152832031
340624.725625,3832677.7475,24.55,14.0548858643,-10.4951141357
340626.198625,3832681.93,30.7,23.1793823242,-7.52061767578
340627.723625,3832686.26,27.39,20.5978534222,-6.79214657784
340629.3,3832690.73625,22.55,21.0517883301,-1.49821166992
340630.808125,3832695.02,20.39,19.3830566406,-1.00694335938
340632.313875,3832699.29125,26.3,22.1859073639,-4.11409263611
340633.839125,3832703.625,14.87,15.9871108113,1.11711081126
340635.340375,3832707.8875,19.03,16.0001525879,-3.02984741211
340636.861,3832712.205,27.93,18.6282806396,-9.30171936035
340638.37475,3832716.505,28.09,21.9749412537,-6.11505874634
340639.8745,3832720.76125,26.69,24.9221912595,-1.76780874051
340641.352,3832724.955,4.72,14.801053181,10.081053181
340642.852875,3832729.215,12.81,17.5412445068,4.73124450684
340644.363125,3832733.5025,27.25,19.881652832,-7.36834716797
340645.885,3832737.825,8.31,19.5890464783,11.2790464783
340647.443625,3832742.2475,11.32,12.0844726562,0.76447265625
340648.97425,3832746.59625,28.96,20.9903243556,-7.96967564444
340650.489375,3832750.8975,26.27,17.5525360107,-8.71746398926
340652.0315,3832755.275,15.3,15.2280094624,-0.0719905376434
340653.53,3832759.53,21.75,15.7028999329,-6.04710006714
340655.017375,3832763.75125,1.1,15.2851765134,14.1851765134
340656.56675,3832768.1525,22.97,25.5459594727,2.57595947266
340658.10225,3832772.5125,15.15,12.9899139404,-2.16008605957
340659.613625,3832776.8025,22.75,17.9178771973,-4.83212280273
340661.128625,3832780.90125,-2.54,13.2557498262,15.7957498262
340662.62325,3832785.15625,13.29,15.7233232484,2.4333232484
340664.142625,3832789.4725,26.09,18.3459625244,-7.74403747559
340665.680375,3832793.84625,16.57,12.8966535752,-3.6733464248
340616.063625,3832661.39375,28.83,24.0466060638,-4.78339393616
340617.624,3832665.83625,21.73,26.0272827148,4.29728271484
340619.142,3832670.15625,15.07,23.7083129883,8.63831298828
340620.484625,3832674.4975,29.74,24.8019943237,-4.93800567627
340622.028,3832678.8825,15.29,16.6431350708,1.3531350708
340623.525625,3832683.13625,19.04,16.5177468218,-2.52225317815
340625.046625,3832687.45625,24.71,20.7084318462,-4.00156815376
340626.593625,3832691.85,17.13,20.5242614746,3.39426147461
340628.068,3832696.04,24.99,15.9985528821,-8.99144711789
340629.59,3832700.36,12.83,28.622467041,15.792467041
340631.148375,3832704.7875,26.04,13.0634613037,-12.9765386963
340632.675125,3832709.12375,23.36,28.5439453125,5.1839453125
340634.18875,3832713.4225,20.53,21.5541381836,1.02413818359
340635.683,3832717.67,2.99,22.1421203613,19.1521203613
340637.205625,3832721.99,17.8,14.7114457004,-3.08855429956
340638.688,3832726.2025,32.87,17.9571228027,-14.9128771973
340640.189625,3832730.4675,25.3,16.070892334,-9.22910766602
340641.699,3832734.75625,27.65,21.9790766239,-5.67092337608
340643.21625,3832739.0625,7.88,16.7074399802,8.82743998018
340644.764,3832743.4625,25.08,13.7032470703,-11.3767529297
340646.281,3832747.77,19.35,23.6995849609,4.34958496094
340647.784,3832752.03875,18.71,18.900835732,0.190835731998
340649.33275,3832756.4375,16.51,17.4077148438,0.89771484375
340652.367,3832765.05625,26.6,9.84375,-16.75625
340653.908875,3832769.43625,20.72,15.9731502533,-4.7468497467
340655.43,3832773.75625,-15.05,15.6703186035,30.7203186035
340656.929,3832778.0125,-1.84,13.9741210938,15.8141210937
340658.457625,3832782.05,-2.98,22.7419891357,25.7219891357
340659.977375,3832786.37,5.69,11.6658272343,5.97582723429
340661.493,3832790.6825,22.98,17.672668457,-5.30733154297
340663.024375,3832795.04375,-16.79,11.2203552731,28.0103552731
340613.23575,3832662.39625,26.64,21.6573562622,-4.98264373779
340614.796375,3832666.8475,0.16,21.9380493164,21.7780493164
340616.304125,3832671.15,6.89,19.0199165344,12.1299165344
340617.650875,3832675.42875,16.77,19.4158935547,2.64589355469
340619.187375,3832679.80625,24.25,21.6005859375,-2.6494140625
340620.686375,3832684.0725,24.53,23.869140625,-0.660859375
340622.216,3832688.43,21.73,23.7326660156,2.00266601562
340623.75,3832692.79875,-4.66,20.5535297394,25.2135297394
340625.220125,3832696.9875,17.25,15.5135369301,-1.73646306992
340626.743125,3832701.32375,17.76,14.1741542816,-3.58584571838
340628.271125,3832705.675,12.17,12.727186203,0.557186203003
340629.78525,3832709.9875,25.48,22.9554748535,-2.52452514648
340631.33475,3832714.4,28.71,20.0307617188,-8.67923828125
340632.895,3832718.8475,24.02,13.0395431519,-10.9804568481
340634.4145,3832723.175,11.78,18.6025330671,6.82253306707
340635.84725,3832727.25375,24.0,17.6806640625,-6.3193359375
340637.315125,3832731.43375,12.65,8.07507324219,-4.57492675781
340638.805625,3832735.68,14.8,14.1547868252,-0.64521317482
340640.33175,3832740.02625,25.74,17.963760376,-7.77623962402
340641.882375,3832744.4425,27.56,14.4458770752,-13.1141229248
340644.821875,3832752.81125,9.99,15.6174107162,5.62741071624
340646.4035,3832757.31625,6.82,13.2062988281,6.38629882812
340647.97725,3832761.80125,27.4,22.7424316406,-4.65756835937
340649.515375,3832766.18375,19.96,17.1988830566,-2.76111694336
340651.044625,3832770.5375,3.3,20.1390953064,16.8390953064
340652.5265,3832774.7575,5.43,15.5202331543,10.0902331543
340654.004125,3832778.96625,33.46,15.1150844016,-18.3449155984
340655.521625,3832783.03,24.9,18.6557755044,-6.24422449561
340657.052125,3832787.39375,18.55,14.4648008347,-4.08519916534
340658.55675,3832791.685,9.44,11.8664550781,2.42645507813
340660.073125,3832796.0125,-30.77,12.2967987061,43.0667987061
340610.547125,3832663.24375,16.22,14.9809570312,-1.23904296875
340612.118125,3832667.71875,18.25,19.8565063477,1.60650634766
340613.646,3832672.0675,9.76,19.2652130127,9.5052130127
340614.965625,3832676.32125,11.62,19.8795437813,8.25954378128
340616.48875,3832680.6525,27.02,15.2579956055,-11.7620043945
340617.996625,3832684.9375,-8.75,16.269754102,25.019754102
340619.537875,3832689.32125,11.22,16.8480644226,5.62806442261
340621.106625,3832693.77875,13.62,25.3467407227,11.7267407227
340622.555875,3832697.9,-4.72,19.7521972656,24.4721972656
340624.027,3832702.07875,26.12,20.8584440904,-5.26155590962
340625.605375,3832706.57,30.86,20.5182800293,-10.3417199707
340627.147625,3832710.95375,13.48,23.9837799072,10.5037799072
340628.64725,3832715.21625,5.88,18.2980651855,12.4180651855
340630.185,3832719.59,12.22,14.7348861694,2.51488616943
340631.71875,3832723.94875,19.41,22.4117736816,3.00177368164
340633.173875,3832728.085,2.48,18.6394042969,16.1594042969
340634.65825,3832732.305,15.52,18.8695831299,3.34958312988
340636.123875,3832736.47,-4.32,14.5182495117,18.8382495117
340637.669375,3832740.865,18.8,16.8806112275,-1.91938877251
340639.241,3832745.3325,14.86,19.346650362,4.48665036201
340640.75175,3832749.62625,2.61,12.8806190491,10.2706190491
340642.245375,3832753.87,12.05,16.1428833008,4.09288330078
340643.80725,3832758.3125,24.38,24.5524820616,0.172482061641
340645.3425,3832762.67625,25.83,20.2855987549,-5.54440124512
340646.855875,3832766.97875,11.21,16.0020349821,4.7920349821
340648.389875,3832771.34,23.62,19.2373401621,-4.38265983791
340649.91325,3832775.67,20.04,15.8508110046,-4.18918899536
340652.928375,3832783.9475,33.11,15.8051757812,-17.3048242187
340654.479125,3832788.35875,5.75,11.6143731372,5.86437313723
340655.99875,3832792.69125,25.21,21.76171875,-3.44828125
340657.538625,3832797.07375,19.41,10.2245464325,-9.1854535675
340607.779,3832664.17125,17.63,17.2433240414,-0.386675958633
340609.35375,3832668.65875,21.58,15.9784851074,-5.60151489258
340610.868875,3832672.98125,30.19,20.0165248437,-10.1734751563
340612.205625,3832677.325,28.68,20.2503190711,-8.4296809289
340613.753125,3832681.73,26.47,18.2313858649,-8.23861413513
340615.2385,3832685.955,29.22,16.510017395,-12.709982605
340616.778375,3832690.3375,17.84,28.5141601562,10.6741601563
340618.323625,3832694.73375,22.79,22.6833399406,-0.106660059412
340619.778375,3832698.8725,27.47,22.5321655273,-4.93783447266
340621.287375,3832703.165,24.93,20.6860961914,-4.24390380859
340622.86475,3832707.6525,15.54,16.2403934002,0.700393400192
340624.396625,3832712.01,24.97,23.0933685303,-1.87663146973
340625.90075,3832716.29,24.64,27.4600791931,2.82007919312
340627.42075,3832720.615,24.1,20.98617411,-3.11382588995
340628.9315,3832724.91,27.11,20.492931366,-6.61706863403
340630.395,3832729.075,24.14,23.3505859375,-0.7894140625
340631.888375,3832733.32375,25.34,21.005569458,-4.33443054199
340633.418375,3832737.67875,23.56,24.7819108406,1.22191084057
340634.9465,3832742.025,27.44,23.8111248016,-3.62887519836
340636.462125,3832746.33875,30.87,17.5636901855,-13.3063098145
340637.95825,3832750.59125,16.62,18.0154418945,1.39544189453
340639.458375,3832754.86125,32.96,21.4660949707,-11.4939050293
340641.01425,3832759.2875,15.03,14.9584197998,-0.0715802001953
340642.52075,3832763.575,6.33,14.9788818359,8.64888183594
340644.036125,3832767.88625,19.01,18.3627471924,-0.647252807617
340645.585875,3832772.295,24.54,17.725458633,-6.81454136698
340647.09425,3832776.585,3.78,18.9816417694,15.2016417694
340648.617,3832780.9175,27.82,19.0162811279,-8.80371887207
340650.159625,3832784.9875,19.69,23.9928750992,4.30287509918
340651.685875,3832789.33625,7.68,11.8105623722,4.13056237221
340653.209625,3832793.6825,32.51,14.3236537072,-18.1863462928
340654.72975,3832798.01,31.97,19.6164676816,-12.3535323184
340605.045625,3832665.13125,9.69,15.9582519531,6.26825195313
340606.630375,3832669.6475,28.61,28.3042907715,-0.305709228516
340608.150375,3832673.9825,12.62,16.7746887207,4.1546887207
340609.4685,3832678.33625,20.92,18.2057495117,-2.71425048828
340611.022125,3832682.75625,25.63,25.7190551758,0.0890551757813
340612.509625,3832686.98875,15.53,17.3291625977,1.79916259766
340614.016625,3832691.27875,25.26,19.32371521,-5.93628479004
340616.998875,3832699.765,26.5,22.8165283203,-3.68347167969
340618.518,3832704.08625,18.67,16.041809082,-2.62819091797
340620.100375,3832708.585,24.95,19.2898712158,-5.66012878418
340621.615375,3832712.8975,26.16,14.0467224121,-12.1132775879
340623.125625,3832717.195,22.32,19.0862731934,-3.23372680664
340624.6535,3832721.5425,13.08,20.6123046875,7.5323046875
340626.1835,3832725.8975,22.46,26.0003051758,3.54030517578
340627.64125,3832730.045,19.91,20.1798541546,0.269854154587
340629.127875,3832734.2725,16.65,15.8124695566,-0.837530443363
340630.627125,3832738.54,20.71,16.7688903809,-3.94110961914
340632.1465,3832742.8625,24.27,23.8617553711,-0.408244628906
340633.69625,3832747.27,8.17,15.4477233887,7.27772338867
340635.190125,3832751.51875,24.63,17.329565814,-7.300434186
340636.701375,3832755.81875,27.16,17.6018772125,-9.55812278748
340638.263,3832760.26375,21.42,16.2827758789,-5.13722412109
340639.77275,3832764.56125,15.06,15.1262741089,0.0662741088867
340641.294625,3832768.88875,21.03,20.1728515625,-0.8571484375
340642.834375,3832773.27,-2.74,18.676940918,21.416940918
340644.344,3832777.56625,24.8,15.142578125,-9.657421875
340645.861375,3832781.88375,4.19,17.947265625,13.757265625
340647.391875,3832785.8825,25.84,18.7393854064,-7.10061459363
340650.44125,3832794.5775,16.61,22.6298522949,6.01985229492
340651.993875,3832799.00375,26.6,18.4778594971,-8.12214050293
340606.530125,3832679.2425,30.13,25.5448608398,-4.58513916016
340608.10625,3832683.705,23.9,22.8723144531,-1.02768554687
340609.595375,3832687.9175,25.32,21.8973823095,-3.42261769054
340611.088,3832692.145,17.27,18.7631568206,1.49315682064
340612.628125,3832696.50375,28.0,25.7241210938,-2.27587890625
340614.112375,3832700.7025,24.22,23.9992675781,-0.220732421875
340615.668875,3832705.10625,25.83,22.3231811523,-3.50681884766
340617.252125,3832709.585,14.29,-51023320837.9,-51023320852.2
340618.78075,3832713.91375,17.33,21.8351135254,4.50511352539
340620.303,3832718.2225,18.89,22.662109375,3.772109375
340621.81575,3832722.505,20.42,23.3563746081,2.93637460806
340623.33925,3832726.81875,20.58,23.3448181152,2.76481811523
340624.8045,3832730.965,15.16,23.1705780029,8.01057800293
340627.81625,3832739.4875,21.67,21.1772651672,-0.492734832764
340629.34825,3832743.825,25.09,21.7923736572,-3.29762634277
340632.39275,3832752.44375,21.92,20.4178314209,-1.5021685791
340633.916125,3832756.7525,22.37,23.3332328796,0.963232879639
340635.48925,3832761.205,26.6,24.2862377167,-2.31376228333
340636.992875,3832765.46125,31.79,28.8223228455,-2.96767715454
340640.081375,3832774.2025,19.91,8.22272491455,-11.6872750854
340643.126125,3832782.82,13.81,20.0428009033,6.23280090332
340603.900875,3832680.13625,26.8,20.828874588,-5.97112541199
340605.456875,3832684.5825,20.7,24.6569824219,3.95698242188
340606.934875,3832688.8025,24.1,25.0515136719,0.951513671875
340608.442375,3832693.11125,22.39,21.9808654785,-0.409134521484
340611.386375,3832701.52,24.35,20.2939491272,-4.0560508728
340612.9255,3832705.915,26.35,32.4957427979,6.14574279785
340614.522625,3832710.47875,13.88,28.0174102783,14.1374102783
340616.036375,3832714.8025,19.72,25.1049232483,5.38492324829
340617.548,3832719.1225,30.62,21.6929737897,-8.92702621027
340622.01825,3832731.89,28.53,21.9671363831,-6.56286361694
340623.51475,3832736.1675,25.27,25.911895752,0.641895751953
340625.029875,3832740.49625,7.69,20.2072753906,12.5172753906
340626.547375,3832744.83,13.84,23.3562011719,9.51620117188
340628.077875,3832749.2025,17.98,24.1327972412,6.15279724121
340629.545,3832753.395,27.27,17.4338301457,-9.83616985425
340631.045875,3832757.68125,23.87,21.1439971924,-2.72600280762
340632.6275,3832762.2,23.95,20.2102508545,-3.73974914551
340634.108,3832766.42875,15.94,15.2765808105,-0.663419189453
340635.585875,3832770.64875,19.36,17.1904716492,-2.16952835083
340638.673,3832779.4675,24.27,21.4449462891,-2.82505371094
340640.1695,3832783.7425,14.04,21.9845581055,7.94455810547
340600.827875,3832681.2025,28.0,22.7650470734,-5.23495292664
340602.39125,3832685.6525,14.17,28.5759365559,14.4059365559
340603.884875,3832689.905,15.55,25.3982696533,9.84826965332
340605.398375,3832694.2125,20.44,19.3591766357,-1.08082336426
340606.91175,3832698.52125,22.69,22.5612487793,-0.128751220703
340608.364625,3832702.655,24.53,11.3034973145,-13.2265026855
340609.915625,3832707.07125,15.94,16.6001777649,0.660177764893
340611.495875,3832711.5675,20.68,24.3930969238,3.71309692383
340613.004875,3832715.8625,22.53,21.402716877,-1.12728312303
340616.065,3832724.57,28.14,22.0590820312,-6.08091796875
340619.016625,3832732.97375,28.92,20.1517904262,-8.76820957376
340620.501375,3832737.19875,26.08,19.5843590468,-6.49564095324
340622.017875,3832741.515,22.9,24.2659992813,1.3659992813
340625.0645,3832750.1875,20.81,22.727450348,1.917450348
340626.571125,3832754.47375,27.92,21.1868286133,-6.73317138672
340628.077625,3832758.75875,29.08,15.7077684402,-13.3722315598
340631.117,3832767.4125,16.93,19.4186706543,2.4886706543
340635.702875,3832780.4625,22.92,18.1818695068,-4.73813049316
340637.219875,3832784.78125,23.9,19.1451072693,-4.75489273071
340598.253625,3832681.97625,32.53,24.1713867188,-8.35861328125
340599.815125,3832686.42625,-9.42,19.7065391541,29.1265391541
340601.292,3832690.63375,23.26,23.0814208984,-0.178579101563
340604.326375,3832699.28125,29.01,23.0197906494,-5.99020935059
340607.30625,3832707.77,17.32,17.1614303589,-0.158569641113
340608.901875,3832712.3175,20.08,15.7485351562,-4.33146484375
340610.409375,3832716.61375,24.62,21.319316864,-3.30068313599
340613.475,3832725.35,30.7,21.7929762721,-8.90702372791
340614.98225,3832729.64875,3.59,26.0722961426,22.4822961426
340617.895625,3832737.95,19.42,16.7629630566,-2.65703694344
340619.404625,3832742.2475,5.95,19.7104797363,13.7604797363
340620.92975,3832746.59625,32.07,24.197555542,-7.87244445801
340622.463625,3832750.9675,20.66,14.1890583038,-6.47094169617
340625.440875,3832759.45,18.63,19.3755950928,0.745595092773
340627.013375,3832763.9325,28.56,22.0735962391,-6.48640376091
340628.515,3832768.21125,30.3,19.6401519775,-10.6598480225
340630.021375,3832772.50375,28.56,20.2708845139,-8.28911548615
340633.093,3832781.2575,22.0,13.68359375,-8.31640625
340634.603625,3832785.5575,21.75,16.5230712891,-5.22692871094
340618.14425,3832747.5375,10.43,19.4528198242,9.02281982422
340619.676,3832751.90375,5.98,19.0756896341,13.0956896341
340625.723,3832769.14375,23.22,24.581703186,1.36170318604
340627.228375,3832773.43375,26.28,17.844619751,-8.43538024902
340628.788875,3832777.8825,26.36,21.138458252,-5.22154174805
340630.301,3832782.19375,25.76,23.1335296631,-2.62647033691
