range,row,actual_AD_ICP,predicted_AD_ICP,prediction_diff
1.0,6.5,0.7,0.707753259597,0.00775325959734
2.0,6.5,0.85,0.621400654287,-0.228599345713
3.0,6.5,0.45,0.653553725501,0.203553725501
4.0,6.5,0.83,0.60149828931,-0.22850171069
5.0,6.5,0.67,0.629070811217,-0.0409291887831
7.0,6.5,0.74,0.640264562416,-0.0997354375843
8.0,6.5,0.76,0.627665141101,-0.132334858899
9.0,6.5,0.79,0.6345372069,-0.1554627931
11.0,6.5,0.76,0.628588614524,-0.131411385476
12.0,6.5,0.81,0.629591827611,-0.180408172389
13.0,6.5,0.74,0.661889426996,-0.0781105730042
14.0,6.5,0.78,0.627641061201,-0.152358938799
15.0,6.5,0.85,0.622655584901,-0.227344415099
17.0,6.5,0.82,0.621569384729,-0.198430615271
18.0,6.5,0.8,0.621537023444,-0.178462976556
19.0,6.5,0.85,0.637710888175,-0.212289111825
20.0,6.5,0.73,0.630312164295,-0.0996878357048
21.0,6.5,0.79,0.63192948601,-0.15807051399
22.0,6.5,0.49,0.646490516772,0.156490516772
24.0,6.5,0.67,0.614658152354,-0.0553418476462
25.0,6.5,0.88,0.684336959744,-0.195663040256
26.0,6.5,0.81,0.733277469156,-0.0767225308437
27.0,6.5,0.74,0.668082406679,-0.0719175933214
28.0,6.5,0.68,0.634639174567,-0.0453608254329
29.0,6.5,0.69,0.627669529841,-0.062330470159
30.0,6.5,0.86,0.65665551784,-0.20334448216
31.0,6.5,0.77,0.719667905261,-0.0503320947391
32.0,6.5,0.73,0.626082227603,-0.103917772397
1.0,10.5,0.49,0.629345296162,0.139345296162
2.0,10.5,0.62,0.629061202807,0.0090612028072
3.0,10.5,0.63,0.621894358364,-0.00810564163647
5.0,10.5,0.62,0.625094634369,0.00509463436918
6.0,10.5,0.48,0.626986835016,0.146986835016
7.0,10.5,0.74,0.622510174922,-0.117489825078
9.0,10.5,0.62,0.621527993385,0.00152799338535
10.0,10.5,0.56,0.626342259465,0.0663422594654
13.0,10.5,0.5,0.624017975117,0.124017975117
14.0,10.5,0.58,0.617450832082,0.0374508320818
15.0,10.5,0.7,0.624239453345,-0.0757605466554
16.0,10.5,0.6,0.622601611368,0.0226016113678
17.0,10.5,0.61,0.624984244714,0.014984244714
18.0,10.5,0.51,0.611657888312,0.101657888312
19.0,10.5,0.74,0.626701231747,-0.113298768253
20.0,10.5,0.66,0.624177617032,-0.035822382968
22.0,10.5,0.69,0.623703864543,-0.0662961354574
23.0,10.5,0.54,0.620947761389,0.0809477613892
24.0,10.5,0.68,0.626563634943,-0.0534363650568
25.0,10.5,0.6,0.617718117192,0.0177181171924
26.0,10.5,0.56,0.625145432435,0.0651454324349
27.0,10.5,0.8,0.623243995712,-0.176756004288
28.0,10.5,0.64,0.646485230029,0.0064852300295
29.0,10.5,0.53,0.637008300275,0.107008300275
30.0,10.5,0.54,0.625015722029,0.0850157220292
31.0,10.5,0.56,0.625922672609,0.0659226726093
32.0,10.5,0.56,0.625919582625,0.0659195826245
1.0,14.5,0.59,0.626088470119,0.0360884701188
2.0,14.5,0.49,0.621262681432,0.131262681432
4.0,14.5,0.51,0.622405151981,0.112405151981
5.0,14.5,0.52,0.617979399524,0.0979793995244
7.0,14.5,0.49,0.621012657103,0.131012657103
8.0,14.5,0.64,0.62788348035,-0.0121165196499
9.0,14.5,0.63,0.624312392364,-0.00568760763618
10.0,14.5,0.57,0.623838910641,0.0538389106412
11.0,14.5,0.43,0.625913584311,0.195913584311
13.0,14.5,0.55,0.624452753323,0.0744527533231
14.0,14.5,0.48,0.623820279734,0.143820279734
15.0,14.5,0.6,0.60763555781,0.0076355578103
16.0,14.5,0.41,0.622780970592,0.212780970592
17.0,14.5,0.65,0.618872682883,-0.0311273171168
18.0,14.5,0.71,0.629122713109,-0.0808772868906
21.0,14.5,0.5,0.619628821625,0.119628821625
22.0,14.5,0.51,0.629344592482,0.119344592482
23.0,14.5,0.44,0.624831999929,0.184831999929
24.0,14.5,0.62,0.625771668069,0.00577166806852
25.0,14.5,0.52,0.625476052033,0.105476052033
26.0,14.5,0.56,0.623897583409,0.0638975834088
27.0,14.5,0.68,0.624615561547,-0.055384438453
28.0,14.5,0.58,0.621359958442,0.0413599584415
29.0,14.5,0.4,0.629638326096,0.229638326096
30.0,14.5,0.63,0.61982843121,-0.0101715687897
31.0,14.5,0.49,0.623909748194,0.133909748194
32.0,14.5,0.68,0.63130963396,-0.04869036604
1.0,18.5,0.75,0.624017964365,-0.125982035635
2.0,18.5,0.51,0.625291964386,0.115291964386
3.0,18.5,0.84,0.62410246176,-0.21589753824
5.0,18.5,0.43,0.625553484874,0.195553484874
6.0,18.5,0.71,0.619463853845,-0.0905361461553
7.0,18.5,0.58,0.61706934601,0.0370693460105
9.0,18.5,0.59,0.622187723917,0.0321877239169
10.0,18.5,0.64,0.623771628722,-0.0162283712776
12.0,18.5,0.58,0.626223428891,0.0462234288906
13.0,18.5,0.45,0.618358569403,0.168358569403
14.0,18.5,0.57,0.620218238875,0.0502182388755
15.0,18.5,0.41,0.624536022884,0.214536022884
16.0,18.5,0.54,0.596058318815,0.0560583188151
17.0,18.5,0.79,0.625385231542,-0.164614768458
18.0,18.5,0.56,0.613930312968,0.0539303129682
19.0,18.5,0.73,0.625339442756,-0.104660557244
20.0,18.5,0.68,0.637450802596,-0.0425491974039
21.0,18.5,0.79,0.604341678367,-0.185658321633
22.0,18.5,0.63,0.622561669542,-0.00743833045752
23.0,18.5,0.55,0.625626969384,0.0756269693843
24.0,18.5,0.54,0.621454992327,0.0814549923269
25.0,18.5,0.54,0.625401938656,0.0854019386561
26.0,18.5,0.51,0.617944098069,0.107944098069
27.0,18.5,0.61,0.632669739388,0.0226697393879
28.0,18.5,0.69,0.630708133381,-0.0592918666191
29.0,18.5,0.55,0.621128957153,0.0711289571527
30.0,18.5,0.74,0.625706340556,-0.114293659444
31.0,18.5,0.65,0.62658084206,-0.0234191579402
32.0,18.5,0.52,0.629929722712,0.109929722712
1.0,22.5,0.56,0.634464063553,0.0744640635533
2.0,22.5,0.64,0.643964507832,0.00396450783237
3.0,22.5,0.52,0.61329267497,0.0932926749705
4.0,22.5,0.56,0.661029801785,0.101029801785
5.0,22.5,0.75,0.622675076708,-0.127324923292
6.0,22.5,0.51,0.633603138873,0.123603138873
7.0,22.5,0.59,0.615279743731,0.0252797437306
8.0,22.5,0.51,0.619869065926,0.109869065926
9.0,22.5,0.52,0.628973127898,0.108973127898
10.0,22.5,0.53,0.625471112251,0.0954711122509
11.0,22.5,0.57,0.621634671662,0.0516346716622
12.0,22.5,0.53,0.624395497456,0.0943954974559
13.0,22.5,0.68,0.62442237686,-0.0555776231405
14.0,22.5,0.63,0.591446508536,-0.0385534914639
15.0,22.5,0.46,0.621275995407,0.161275995407
16.0,22.5,0.59,0.62661687023,0.0366168702297
17.0,22.5,0.55,0.637397243711,0.0873972437107
18.0,22.5,0.69,0.628877426122,-0.0611225738779
19.0,22.5,0.66,0.609589227232,-0.0504107727681
20.0,22.5,0.47,0.648833012961,0.178833012961
21.0,22.5,0.59,0.620413272584,0.0304132725835
22.0,22.5,0.66,0.602583030264,-0.0574169697357
23.0,22.5,0.67,0.625286576817,-0.0447134231832
24.0,22.5,0.45,0.626298224433,0.176298224433
25.0,22.5,0.67,0.620208176181,-0.0497918238185
26.0,22.5,0.6,0.637021416811,0.0370214168109
27.0,22.5,0.58,0.644408062804,0.0644080628044
28.0,22.5,0.49,0.624501814821,0.134501814821
29.0,22.5,0.55,0.62182548079,0.0718254807897
30.0,22.5,0.7,0.61777906481,-0.0822209351903
31.0,22.5,0.67,0.629237610972,-0.0407623890282
32.0,22.5,0.54,0.629099128503,0.0890991285029
1.0,26.5,0.53,0.626204778475,0.096204778475
2.0,26.5,0.67,0.628383724148,-0.0416162758517
3.0,26.5,0.52,0.621929251432,0.101929251432
4.0,26.5,0.62,0.63180427286,0.0118042728598
5.0,26.5,0.61,0.626536318482,0.0165363184822
6.0,26.5,0.68,0.618406659102,-0.0615933408978
7.0,26.5,0.62,0.623164881255,0.00316488125545
8.0,26.5,0.56,0.622647241118,0.0626472411183
9.0,26.5,0.54,0.623217726252,0.0832177262521
10.0,26.5,0.59,0.622578276959,0.0325782769594
11.0,26.5,0.56,0.619487896391,0.059487896391
12.0,26.5,0.52,0.615213461944,0.0952134619438
13.0,26.5,0.5,0.621384382015,0.121384382015
14.0,26.5,0.61,0.619959873308,0.0099598733077
15.0,26.5,0.54,0.585235101514,0.0452351015136
16.0,26.5,0.73,0.626276525142,-0.103723474858
17.0,26.5,0.55,0.624094852078,0.0740948520775
18.0,26.5,0.51,0.624122623927,0.114122623927
19.0,26.5,0.63,0.615516089994,-0.0144839100058
20.0,26.5,0.51,0.621006605725,0.111006605725
21.0,26.5,0.64,0.619177072533,-0.0208229274674
22.0,26.5,0.52,0.623141801208,0.103141801208
23.0,26.5,0.6,0.624343003187,0.024343003187
24.0,26.5,0.54,0.622275837108,0.0822758371078
25.0,26.5,0.66,0.622772783683,-0.0372272163172
26.0,26.5,0.57,0.635987207066,0.065987207066
27.0,26.5,0.77,0.623361757804,-0.146638242196
28.0,26.5,0.79,0.625325058502,-0.164674941498
29.0,26.5,0.47,0.626549100274,0.156549100274
30.0,26.5,0.61,0.622753823054,0.0127538230535
31.0,26.5,0.69,0.626214155272,-0.0637858447284
32.0,26.5,0.57,0.625863862444,0.0558638624437
1.0,30.5,0.43,0.626684599991,0.196684599991
2.0,30.5,0.52,0.625013398396,0.105013398396
3.0,30.5,0.71,0.621233116501,-0.0887668834993
4.0,30.5,0.76,0.624667666017,-0.135332333983
5.0,30.5,0.46,0.625194273131,0.165194273131
6.0,30.5,0.47,0.623943488013,0.153943488013
7.0,30.5,0.6,0.599428352766,-0.000571647234187
8.0,30.5,0.49,0.624591014419,0.134591014419
9.0,30.5,0.55,0.621750072556,0.0717500725557
10.0,30.5,0.6,0.628565310648,0.0285653106479
11.0,30.5,0.65,0.624640492993,-0.0253595070065
12.0,30.5,0.57,0.624784032914,0.0547840329137
13.0,30.5,0.68,0.625772733962,-0.0542272660382
14.0,30.5,0.57,0.62534057614,0.0553405761399
15.0,30.5,0.54,0.625513907378,0.085513907378
16.0,30.5,0.83,0.625039505574,-0.204960494426
17.0,30.5,0.81,0.62549193301,-0.18450806699
18.0,30.5,0.57,0.625396875677,0.0553968756772
19.0,30.5,0.68,0.625122289267,-0.0548777107329
20.0,30.5,0.57,0.629260142298,0.0592601422982
21.0,30.5,0.72,0.630295500227,-0.0897044997733
22.0,30.5,0.53,0.626701894388,0.0967018943877
23.0,30.5,0.67,0.629441276457,-0.0405587235432
24.0,30.5,0.64,0.626704700474,-0.0132952995257
25.0,30.5,0.7,0.624518329649,-0.0754816703507
26.0,30.5,0.67,0.625349339164,-0.0446506608355
27.0,30.5,0.6,0.627049761548,0.0270497615483
28.0,30.5,0.6,0.621344832185,0.0213448321848
29.0,30.5,0.57,0.621289375243,0.0512893752426
30.0,30.5,0.59,0.622695442229,0.032695442229
31.0,30.5,0.5,0.626129670713,0.126129670713
32.0,30.5,0.61,0.6253670454,0.0153670453996
1.0,34.5,0.77,0.625197535226,-0.144802464774
2.0,34.5,0.66,0.622871493021,-0.0371285069793
3.0,34.5,0.58,0.625582124486,0.0455821244857
4.0,34.5,0.55,0.619931581628,0.069931581628
5.0,34.5,0.57,0.614075926148,0.0440759261483
6.0,34.5,0.66,0.623101049751,-0.0368989502491
7.0,34.5,0.65,0.625144755798,-0.024855244202
8.0,34.5,0.66,0.626768888142,-0.0332311118578
9.0,34.5,0.51,0.625608956158,0.115608956158
10.0,34.5,0.62,0.624751248094,0.00475124809387
11.0,34.5,0.61,0.625251574739,0.0152515747392
12.0,34.5,0.6,0.587615072257,-0.0123849277435
13.0,34.5,0.45,0.629226132317,0.179226132317
14.0,34.5,0.53,0.626392918931,0.096392918931
15.0,34.5,0.75,0.62724173993,-0.12275826007
16.0,34.5,0.73,0.625099540966,-0.104900459034
17.0,34.5,0.62,0.624979989446,0.00497998944623
18.0,34.5,0.67,0.626472223243,-0.0435277767566
19.0,34.5,0.76,0.626186166231,-0.133813833769
20.0,34.5,0.66,0.631889936075,-0.0281100639252
21.0,34.5,0.61,0.625043421933,0.0150434219332
22.0,34.5,0.54,0.621420008435,0.0814200084349
23.0,34.5,0.66,0.62934839555,-0.0306516044505
24.0,34.5,0.56,0.626968854199,0.0669688541994
25.0,34.5,0.54,0.624425428459,0.0844254284587
26.0,34.5,0.73,0.625326280411,-0.104673719589
27.0,34.5,0.76,0.625359202781,-0.134640797219
28.0,34.5,0.42,0.625957991428,0.205957991428
29.0,34.5,0.67,0.623682217801,-0.0463177821994
30.0,34.5,0.71,0.605658539419,-0.104341460581
31.0,34.5,0.58,0.62357170528,0.0435717052798
32.0,34.5,0.61,0.626116676439,0.0161166764394
1.0,38.5,0.65,0.624739454231,-0.0252605457693
2.0,38.5,0.5,0.624233851925,0.124233851925
3.0,38.5,0.67,0.625798338011,-0.044201661989
4.0,38.5,0.51,0.617474777342,0.107474777342
5.0,38.5,0.61,0.62483066155,0.0148306615496
6.0,38.5,0.57,0.626746724735,0.0567467247351
7.0,38.5,0.63,0.625978226579,-0.00402177342051
8.0,38.5,0.55,0.625752911314,0.0757529113136
9.0,38.5,0.58,0.621595837741,0.0415958377413
10.0,38.5,0.53,0.639050351484,0.109050351484
11.0,38.5,0.54,0.648346742259,0.108346742259
12.0,38.5,0.76,0.620609663271,-0.139390336729
13.0,38.5,0.54,0.594135344495,0.0541353444954
14.0,38.5,0.39,0.623985157327,0.233985157327
15.0,38.5,0.61,0.611276196171,0.00127619617126
16.0,38.5,0.6,0.620804297918,0.0208042979183
17.0,38.5,0.6,0.626582638588,0.026582638588
18.0,38.5,0.61,0.623093315295,0.0130933152953
19.0,38.5,0.66,0.622472987196,-0.0375270128037
20.0,38.5,0.59,0.627866268431,0.0378662684306
21.0,38.5,0.72,0.628362127917,-0.0916378720827
22.0,38.5,0.69,0.616925312837,-0.0730746871633
23.0,38.5,0.51,0.626191734982,0.116191734982
24.0,38.5,0.64,0.627697432897,-0.0123025671025
25.0,38.5,0.54,0.626927878949,0.0869278789493
26.0,38.5,0.7,0.636607291823,-0.063392708177
27.0,38.5,0.75,0.646492434708,-0.103507565292
28.0,38.5,0.76,0.639529893573,-0.120470106427
29.0,38.5,0.53,0.626675518867,0.0966755188666
30.0,38.5,0.53,0.631450072501,0.101450072501
31.0,38.5,0.72,0.622635553105,-0.0973644468955
32.0,38.5,0.69,0.621513844765,-0.0684861552345
1.0,42.5,0.5,0.626301048397,0.126301048397
2.0,42.5,0.65,0.61121229065,-0.0387877093503
3.0,42.5,0.54,0.626127298056,0.0861272980563
4.0,42.5,0.57,0.621137459359,0.0511374593589
5.0,42.5,0.51,0.616788466723,0.106788466723
6.0,42.5,0.54,0.620200995811,0.0802009958109
7.0,42.5,0.68,0.629847693978,-0.0501523060217
8.0,42.5,0.68,0.624895582831,-0.0551044171691
9.0,42.5,0.69,0.627486296939,-0.0625137030614
10.0,42.5,0.58,0.627457998854,0.0474579988544
11.0,42.5,0.7,0.638845647874,-0.0611543521264
12.0,42.5,0.63,0.596349638678,-0.0336503613223
13.0,42.5,0.51,0.614151505687,0.104151505687
14.0,42.5,0.49,0.632459315819,0.142459315819
15.0,42.5,0.77,0.609398784264,-0.160601215736
16.0,42.5,0.69,0.633542460806,-0.0564575391938
17.0,42.5,0.5,0.638246173901,0.138246173901
18.0,42.5,0.73,0.609396814525,-0.120603185475
19.0,42.5,0.67,0.633831776843,-0.0361682231566
20.0,42.5,0.62,0.628788524749,0.00878852474876
21.0,42.5,0.76,0.623715961881,-0.136284038119
22.0,42.5,0.68,0.629347170723,-0.0506528292774
23.0,42.5,0.61,0.621456833427,0.0114568334269
24.0,42.5,0.57,0.62457197082,0.0545719708202
25.0,42.5,0.56,0.624785570041,0.0647855700407
26.0,42.5,0.61,0.630529228548,0.0205292285478
27.0,42.5,0.66,0.631411082284,-0.0285889177157
28.0,42.5,0.73,0.624979169013,-0.105020830987
29.0,42.5,0.59,0.625430392656,0.0354303926563
30.0,42.5,0.56,0.617802168486,0.0578021684857
31.0,42.5,0.62,0.625385201051,0.00538520105055
32.0,42.5,0.6,0.610150861598,0.0101508615977
1.0,46.5,0.67,0.625349156771,-0.0446508432286
2.0,46.5,0.49,0.625360591648,0.135360591648
3.0,46.5,0.69,0.624685685897,-0.0653143141027
4.0,46.5,0.66,0.623830526018,-0.0361694739824
5.0,46.5,0.71,0.62537486713,-0.0846251328696
6.0,46.5,0.63,0.625352399252,-0.00464760074845
7.0,46.5,0.55,0.62669696211,0.07669696211
8.0,46.5,0.53,0.623974910075,0.0939749100748
9.0,46.5,0.63,0.626131400541,-0.00386859945861
10.0,46.5,0.63,0.613673522287,-0.0163264777131
11.0,46.5,0.47,0.624039314877,0.154039314877
12.0,46.5,0.51,0.633811297253,0.123811297253
13.0,46.5,0.62,0.639935888379,0.0199358883787
14.0,46.5,0.77,0.623611854147,-0.146388145853
15.0,46.5,0.64,0.654954577352,0.0149545773517
16.0,46.5,0.66,0.628338694851,-0.0316613051494
17.0,46.5,0.58,0.62981295896,0.0498129589597
18.0,46.5,0.71,0.624551057006,-0.0854489429939
19.0,46.5,0.63,0.610519701844,-0.0194802981562
20.0,46.5,0.48,0.629355868183,0.149355868183
21.0,46.5,0.72,0.627030203062,-0.0929697969382
22.0,46.5,0.65,0.629272667559,-0.0207273324406
23.0,46.5,0.53,0.630173104639,0.100173104639
24.0,46.5,0.75,0.624522903468,-0.125477096532
25.0,46.5,0.65,0.635919683657,-0.0140803163434
26.0,46.5,0.63,0.625013185969,-0.00498681403097
27.0,46.5,0.69,0.62557610261,-0.06442389739
28.0,46.5,0.64,0.62552863581,-0.0144713641899
29.0,46.5,0.71,0.616268491031,-0.0937315089694
30.0,46.5,0.51,0.626735243807,0.116735243807
31.0,46.5,0.78,0.625950123955,-0.154049876045
32.0,46.5,0.61,0.625655800534,0.0156558005341
1.0,50.5,0.58,0.622944174432,0.0429441744322
2.0,50.5,0.64,0.62331834505,-0.0166816549497
3.0,50.5,0.72,0.623388003114,-0.0966119968859
4.0,50.5,0.65,0.62438655144,-0.02561344856
5.0,50.5,0.57,0.637360859823,0.0673608598234
6.0,50.5,0.59,0.655514142613,0.0655141426126
7.0,50.5,0.77,0.62139983591,-0.14860016409
8.0,50.5,0.52,0.623864287353,0.103864287353
9.0,50.5,0.65,0.621400161707,-0.0285998382926
10.0,50.5,0.51,0.618443281218,0.108443281218
11.0,50.5,0.46,0.621634989636,0.161634989636
12.0,50.5,0.48,0.620385197316,0.140385197316
13.0,50.5,0.7,0.625564725078,-0.0744352749222
14.0,50.5,0.57,0.611350630946,0.0413506309462
15.0,50.5,0.61,0.621426265054,0.0114262650535
16.0,50.5,0.66,0.626735829873,-0.0332641701267
17.0,50.5,0.63,0.624015540765,-0.00598445923523
19.0,50.5,0.57,0.614558593336,0.0445585933365
20.0,50.5,0.58,0.617108576039,0.0371085760386
21.0,50.5,0.51,0.627026794788,0.117026794788
22.0,50.5,0.67,0.616887135025,-0.0531128649747
23.0,50.5,0.54,0.62018716897,0.0801871689697
24.0,50.5,0.57,0.626403190644,0.0564031906436
25.0,50.5,0.6,0.624387209341,0.024387209341
26.0,50.5,0.68,0.625608368118,-0.0543916318824
27.0,50.5,0.65,0.623567249265,-0.026432750735
30.0,50.5,0.68,0.600238948815,-0.0797610511855
31.0,50.5,0.37,0.626245002924,0.256245002924
32.0,50.5,0.7,0.621295116351,-0.0787048836486
1.0,54.5,0.64,0.624597451583,-0.0154025484174
2.0,54.5,0.57,0.624975418978,0.054975418978
3.0,54.5,0.5,0.61773918121,0.11773918121
4.0,54.5,0.48,0.625411529894,0.145411529894
5.0,54.5,0.69,0.625992783946,-0.064007216054
6.0,54.5,0.65,0.627120465167,-0.022879534833
7.0,54.5,0.5,0.626202373872,0.126202373872
8.0,54.5,0.64,0.626035980842,-0.0139640191575
9.0,54.5,0.56,0.63124860259,0.0712486025903
10.0,54.5,0.74,0.621436251045,-0.118563748955
11.0,54.5,0.6,0.626890062295,0.0268900622951
12.0,54.5,0.65,0.62188891791,-0.0281110820904
13.0,54.5,0.66,0.625227349599,-0.0347726504011
14.0,54.5,0.74,0.625825180629,-0.114174819371
15.0,54.5,0.59,0.624671030653,0.034671030653
16.0,54.5,0.56,0.626087919285,0.0660879192845
17.0,54.5,0.68,0.624780643018,-0.0552193569821
18.0,54.5,0.47,0.625107508526,0.155107508526
19.0,54.5,0.7,0.594622503715,-0.105377496285
20.0,54.5,0.61,0.62131054394,0.0113105439397
21.0,54.5,0.69,0.625936467434,-0.0640635325663
22.0,54.5,0.5,0.624255247926,0.124255247926
23.0,54.5,0.62,0.604579861455,-0.0154201385446
24.0,54.5,0.5,0.627556628454,0.127556628454
25.0,54.5,0.67,0.610659281374,-0.0593407186264
26.0,54.5,0.62,0.625021202307,0.00502120230651
27.0,54.5,0.66,0.622317279754,-0.0376827202463
29.0,54.5,0.57,0.625398448045,0.0553984480451
30.0,54.5,0.71,0.622066097013,-0.0879339029869
31.0,54.5,0.67,0.624747978454,-0.0452520215457
32.0,54.5,0.72,0.625681755442,-0.0943182445576
1.0,58.5,0.73,0.620394484911,-0.109605515089
2.0,58.5,0.6,0.62279002167,0.02279002167
3.0,58.5,0.63,0.626013318158,-0.0039866818418
4.0,58.5,0.78,0.625611404109,-0.154388595891
5.0,58.5,0.65,0.629579504223,-0.0204204957774
6.0,58.5,0.54,0.624489001176,0.0844890011764
7.0,58.5,0.6,0.626515389699,0.0265153896986
8.0,58.5,0.81,0.625976443736,-0.184023556264
9.0,58.5,0.63,0.66812870061,0.0381287006102
10.0,58.5,0.46,0.625351668547,0.165351668547
11.0,58.5,0.61,0.621389094614,0.0113890946144
12.0,58.5,0.58,0.626135235086,0.0461352350856
13.0,58.5,0.58,0.626131032563,0.0461310325627
14.0,58.5,0.55,0.625399856656,0.0753998566558
15.0,58.5,0.58,0.630283555471,0.0502835554709
16.0,58.5,0.63,0.626151616573,-0.00384838342738
17.0,58.5,0.52,0.621400578998,0.101400578998
18.0,58.5,0.65,0.616315521781,-0.0336844782192
19.0,58.5,0.69,0.621032220074,-0.0689677799259
20.0,58.5,0.7,0.621941507266,-0.078058492734
21.0,58.5,0.59,0.626150348604,0.0361503486039
22.0,58.5,0.74,0.626219003348,-0.113780996652
24.0,58.5,0.63,0.615691596163,-0.0143084038373
25.0,58.5,0.61,0.625445693366,0.0154456933661
27.0,58.5,0.54,0.631183899078,0.0911838990776
28.0,58.5,0.91,0.626876122937,-0.283123877063
29.0,58.5,0.55,0.625958950291,0.0759589502909
30.0,58.5,0.71,0.627827561176,-0.0821724388237
31.0,58.5,0.59,0.631122506066,0.0411225060663
32.0,58.5,0.65,0.629723380874,-0.0202766191263
1.0,62.5,0.59,0.621099703553,0.0310997035532
2.0,62.5,0.45,0.634514229175,0.184514229175
3.0,62.5,0.47,0.622934844788,0.152934844788
4.0,62.5,0.55,0.629515144688,0.0795151446879
5.0,62.5,0.58,0.61427969869,0.0342796986903
6.0,62.5,0.5,0.622946206326,0.122946206326
7.0,62.5,0.57,0.625181304118,0.055181304118
8.0,62.5,0.59,0.625792290146,0.0357922901461
9.0,62.5,0.64,0.625138864067,-0.0148611359328
10.0,62.5,0.54,0.62931967892,0.0893196789202
11.0,62.5,0.69,0.62508583406,-0.0649141659404
12.0,62.5,0.67,0.629227602937,-0.0407723970626
13.0,62.5,0.57,0.625138285727,0.0551382857271
14.0,62.5,0.53,0.625662093364,0.0956620933644
15.0,62.5,0.54,0.625385450819,0.0853854508185
16.0,62.5,0.71,0.626394841014,-0.083605158986
17.0,62.5,0.67,0.625304092249,-0.0446959077509
18.0,62.5,0.58,0.625834787968,0.0458347879677
19.0,62.5,0.69,0.625454593294,-0.0645454067056
20.0,62.5,0.69,0.617472744444,-0.0725272555564
21.0,62.5,0.49,0.625975729673,0.135975729673
22.0,62.5,0.55,0.616677759348,0.0666777593476
23.0,62.5,0.63,0.619707753694,-0.0102922463063
24.0,62.5,0.6,0.616337106752,0.0163371067521
25.0,62.5,0.71,0.62081418081,-0.0891858191901
26.0,62.5,0.62,0.628073522365,0.00807352236499
27.0,62.5,0.69,0.64138653689,-0.0486134631102
28.0,62.5,0.63,0.626894721896,-0.00310527810374
29.0,62.5,0.74,0.623648255136,-0.116351744864
30.0,62.5,0.66,0.635905525657,-0.0240944743434
31.0,62.5,0.5,0.627177736785,0.127177736785
32.0,62.5,0.7,0.624043976604,-0.075956023396
1.0,66.5,0.49,0.62567003832,0.13567003832
2.0,66.5,0.81,0.618252860724,-0.191747139276
3.0,66.5,0.69,0.619736089961,-0.0702639100388
4.0,66.5,0.53,0.622508354909,0.0925083549089
5.0,66.5,0.64,0.608328698567,-0.031671301433
6.0,66.5,0.62,0.624000721712,0.00400072171249
7.0,66.5,0.51,0.62051377978,0.11051377978
8.0,66.5,0.66,0.625956964417,-0.0340430355827
9.0,66.5,0.57,0.625446829616,0.0554468296159
10.0,66.5,0.56,0.626302809837,0.0663028098367
11.0,66.5,0.59,0.625707758761,0.0357077587615
12.0,66.5,0.62,0.628361058522,0.00836105852224
13.0,66.5,0.65,0.626623636669,-0.023376363331
14.0,66.5,0.84,0.62520303286,-0.21479696714
15.0,66.5,0.66,0.626519592276,-0.0334804077236
16.0,66.5,0.52,0.623643338995,0.103643338995
17.0,66.5,0.54,0.626221920265,0.0862219202652
18.0,66.5,0.54,0.626755925431,0.0867559254306
19.0,66.5,0.71,0.6247809934,-0.0852190065997
20.0,66.5,0.62,0.614269586215,-0.00573041378461
21.0,66.5,0.66,0.624900243208,-0.0350997567917
22.0,66.5,0.62,0.626130170501,0.00613017050138
23.0,66.5,0.66,0.620144522126,-0.0398554778744
25.0,66.5,0.59,0.628119680487,0.0381196804866
26.0,66.5,0.64,0.646938023875,0.00693802387517
27.0,66.5,0.79,0.625526142799,-0.164473857201
28.0,66.5,0.74,0.622136124752,-0.117863875248
29.0,66.5,0.87,0.623947870446,-0.246052129554
30.0,66.5,0.72,0.624759427039,-0.0952405729607
31.0,66.5,0.56,0.628380372663,0.0683803726631
32.0,66.5,0.82,0.63382661391,-0.18617338609
1.0,70.5,0.51,0.62514088529,0.11514088529
2.0,70.5,0.72,0.623673124182,-0.0963268758176
3.0,70.5,0.74,0.626281451461,-0.113718548539
4.0,70.5,0.61,0.625021374818,0.0150213748182
5.0,70.5,0.58,0.619729601777,0.0397296017767
6.0,70.5,0.49,0.62453084364,0.13453084364
7.0,70.5,0.51,0.624020693873,0.114020693873
8.0,70.5,0.77,0.629144949661,-0.140855050339
9.0,70.5,0.66,0.625887038064,-0.034112961936
10.0,70.5,0.65,0.62614423094,-0.0238557690597
11.0,70.5,0.68,0.618797247232,-0.0612027527684
12.0,70.5,0.59,0.625822279445,0.0358222794455
13.0,70.5,0.51,0.627042581461,0.117042581461
14.0,70.5,0.6,0.625342589962,0.0253425899622
15.0,70.5,0.64,0.626609916791,-0.0133900832088
16.0,70.5,0.63,0.626046509324,-0.0039534906757
17.0,70.5,0.65,0.629948221288,-0.0200517787115
18.0,70.5,0.69,0.621545633895,-0.0684543661054
19.0,70.5,0.57,0.626006209894,0.0560062098944
20.0,70.5,0.63,0.627108100614,-0.00289189938562
22.0,70.5,0.7,0.628706283635,-0.071293716365
23.0,70.5,0.7,0.626837190432,-0.0731628095679
24.0,70.5,0.51,0.626316167532,0.116316167532
25.0,70.5,0.56,0.625181721005,0.0651817210053
26.0,70.5,0.82,0.626310811411,-0.193689188589
27.0,70.5,0.73,0.631941639296,-0.0980583607038
28.0,70.5,0.59,0.633431557769,0.0434315577689
29.0,70.5,0.52,0.629342712185,0.109342712185
30.0,70.5,0.57,0.647168364357,0.0771683643572
31.0,70.5,0.68,0.626028911104,-0.053971088896
32.0,70.5,0.92,0.629471938055,-0.290528061945
1.0,74.5,0.66,0.629346838094,-0.0306531619064
2.0,74.5,0.71,0.621378473114,-0.0886215268859
3.0,74.5,0.71,0.624990386926,-0.0850096130739
4.0,74.5,0.68,0.624654490847,-0.0553455091528
5.0,74.5,0.6,0.625990057128,0.0259900571277
6.0,74.5,0.72,0.6259570123,-0.0940429876995
7.0,74.5,0.65,0.621393407237,-0.0286065927626
8.0,74.5,0.41,0.615217352639,0.205217352639
9.0,74.5,0.76,0.614172705324,-0.145827294676
10.0,74.5,0.55,0.600411911929,0.0504119119294
11.0,74.5,0.5,0.643859649891,0.143859649891
12.0,74.5,0.75,0.609404790169,-0.140595209831
13.0,74.5,0.69,0.630814246829,-0.0591857531712
14.0,74.5,0.69,0.627313968499,-0.0626860315014
15.0,74.5,0.58,0.631138321078,0.051138321078
16.0,74.5,0.7,0.633931760587,-0.0660682394132
17.0,74.5,0.63,0.65711764714,0.0271176471398
18.0,74.5,0.77,0.626350105482,-0.143649894518
19.0,74.5,0.65,0.62455102544,-0.0254489745596
20.0,74.5,0.64,0.620902335674,-0.0190976643257
21.0,74.5,0.7,0.62133451029,-0.0786654897103
22.0,74.5,0.65,0.622632443329,-0.027367556671
23.0,74.5,0.52,0.625653982655,0.105653982655
24.0,74.5,0.58,0.625812125615,0.0458121256145
25.0,74.5,0.68,0.626202634681,-0.0537973653189
26.0,74.5,0.57,0.621297706335,0.0512977063351
27.0,74.5,0.61,0.624029895568,0.0140298955676
29.0,74.5,0.56,0.630382455868,0.0703824558676
30.0,74.5,0.73,0.655853665874,-0.0741463341258
31.0,74.5,0.77,0.611113401142,-0.158886598858
32.0,74.5,0.6,0.725498325378,0.125498325378
1.0,78.5,0.63,0.625334066754,-0.00466593324641
2.0,78.5,0.64,0.629221042209,-0.0107789577915
3.0,78.5,0.57,0.629265183626,0.0592651836261
4.0,78.5,0.54,0.627105424668,0.0871054246678
5.0,78.5,0.55,0.625331954577,0.075331954577
6.0,78.5,0.54,0.626686480869,0.0866864808694
7.0,78.5,0.42,0.629348131048,0.209348131048
8.0,78.5,0.55,0.62362947089,0.0736294708903
9.0,78.5,0.53,0.625314803366,0.0953148033656
10.0,78.5,0.51,0.624794492488,0.114794492488
11.0,78.5,0.63,0.624963286019,-0.00503671398113
12.0,78.5,0.59,0.61270382621,0.0227038262096
13.0,78.5,0.49,0.626679848265,0.136679848265
14.0,78.5,0.49,0.626323063334,0.136323063334
15.0,78.5,0.55,0.60614935554,0.0561493555397
16.0,78.5,0.49,0.619398022429,0.129398022429
17.0,78.5,0.51,0.610344293751,0.100344293751
18.0,78.5,0.76,0.625119394565,-0.134880605435
19.0,78.5,0.55,0.626727290285,0.0767272902851
20.0,78.5,0.59,0.621311049443,0.0313110494431
21.0,78.5,0.69,0.624447062244,-0.0655529377561
22.0,78.5,0.45,0.629460215283,0.179460215283
23.0,78.5,0.6,0.614835730151,0.0148357301509
24.0,78.5,0.68,0.6263111753,-0.0536888246997
25.0,78.5,0.6,0.625920695994,0.0259206959945
26.0,78.5,0.7,0.628003886172,-0.0719961138279
27.0,78.5,0.71,0.630085120104,-0.0799148798957
28.0,78.5,0.48,0.628181838384,0.148181838384
29.0,78.5,0.57,0.621748432893,0.0517484328928
30.0,78.5,0.72,0.604120387692,-0.115879612308
31.0,78.5,0.47,0.626368926097,0.156368926097
32.0,78.5,0.55,0.629055661761,0.0790556617612
1.0,82.5,0.7,0.626002855461,-0.0739971445386
2.0,82.5,0.58,0.625989918949,0.0459899189492
3.0,82.5,0.65,0.626725693723,-0.0232743062766
4.0,82.5,0.58,0.625053782322,0.0450537823224
5.0,82.5,0.55,0.623854247644,0.0738542476437
6.0,82.5,0.6,0.619061977711,0.0190619777112
7.0,82.5,0.56,0.633845045672,0.0738450456721
9.0,82.5,0.48,0.604509086625,0.124509086625
10.0,82.5,0.6,0.599753787085,-0.000246212914872
11.0,82.5,0.6,0.62977341199,0.0297734119899
12.0,82.5,0.64,0.630053855067,-0.00994614493309
13.0,82.5,0.6,0.632135855187,0.0321358551873
14.0,82.5,0.67,0.625823362882,-0.0441766371178
15.0,82.5,0.59,0.625298747588,0.0352987475875
16.0,82.5,0.63,0.629337352499,-0.000662647500522
17.0,82.5,0.53,0.62166175313,0.0916617531296
18.0,82.5,0.57,0.634012170716,0.064012170716
19.0,82.5,0.6,0.632561967873,0.0325619678732
20.0,82.5,0.71,0.626401129975,-0.083598870025
21.0,82.5,0.5,0.62137608223,0.12137608223
22.0,82.5,0.58,0.61849583623,0.0384958362303
23.0,82.5,0.57,0.621097906586,0.0510979065864
24.0,82.5,0.63,0.621949726252,-0.00805027374799
25.0,82.5,0.65,0.629669316624,-0.0203306833762
26.0,82.5,0.76,0.624022945769,-0.135977054231
27.0,82.5,0.66,0.623953848971,-0.0360461510291
28.0,82.5,0.68,0.627750760272,-0.052249239728
29.0,82.5,0.7,0.616617801682,-0.0833821983185
31.0,82.5,0.4,0.633299093926,0.233299093926
32.0,82.5,0.73,0.627562332932,-0.102437667068
4.0,86.5,0.51,0.618524948073,0.108524948073
5.0,86.5,0.55,0.615231001578,0.0652310015775
6.0,86.5,0.57,0.652069417356,0.0820694173559
7.0,86.5,0.75,0.625685216344,-0.124314783656
8.0,86.5,0.56,0.630603208596,0.0706032085964
9.0,86.5,0.55,0.625122327027,0.0751223270271
10.0,86.5,0.53,0.629841751132,0.0998417511321
11.0,86.5,0.6,0.63121998031,0.0312199803097
12.0,86.5,0.74,0.62935221034,-0.11064778966
13.0,86.5,0.73,0.628425276596,-0.101574723404
14.0,86.5,0.49,0.620687702509,0.130687702509
15.0,86.5,0.47,0.61231332108,0.14231332108
16.0,86.5,0.48,0.618134666504,0.138134666504
18.0,86.5,0.62,0.626660391997,0.00666039199686
19.0,86.5,0.55,0.625987605205,0.0759876052048
21.0,86.5,0.6,0.623220618924,0.0232206189244
22.0,86.5,0.53,0.606799722534,0.0767997225341
23.0,86.5,0.49,0.612005167351,0.122005167351
24.0,86.5,0.49,0.612893388858,0.122893388858
26.0,86.5,0.63,0.624462976729,-0.00553702327116
28.0,86.5,0.6,0.621551799438,0.0215517994379
4.0,90.5,0.5,0.610670959911,0.110670959911
5.0,90.5,0.54,0.622410260716,0.0824102607163
6.0,90.5,0.54,0.619270722001,0.0792707220006
7.0,90.5,0.84,0.622133023162,-0.217866976838
9.0,90.5,0.57,0.605897221036,0.0358972210362
10.0,90.5,0.48,0.626103156302,0.146103156302
11.0,90.5,0.54,0.623312610791,0.0833126107914
12.0,90.5,0.57,0.614918458081,0.0449184580811
13.0,90.5,0.53,0.623685466445,0.0936854664454
16.0,90.5,0.47,0.617462253441,0.147462253441
17.0,90.5,0.76,0.619914396877,-0.140085603123
18.0,90.5,0.68,0.624916293503,-0.0550837064973
19.0,90.5,0.51,0.620858505957,0.110858505957
20.0,90.5,0.49,0.624685403775,0.134685403775
21.0,90.5,0.54,0.624355005818,0.0843550058184
22.0,90.5,0.55,0.617012583993,0.0670125839929
23.0,90.5,0.56,0.617946603779,0.0579466037786
24.0,90.5,0.63,0.624478928601,-0.00552107139855
25.0,90.5,0.64,0.619861159326,-0.0201388406736
27.0,90.5,0.54,0.623249339344,0.0832493393442
28.0,90.5,0.5,0.623319032526,0.123319032526
4.0,94.5,0.49,0.618518676437,0.128518676437
5.0,94.5,0.47,0.625957140633,0.155957140633
6.0,94.5,0.55,0.625233512432,0.0752335124317
7.0,94.5,0.64,0.631563065001,-0.00843693499889
8.0,94.5,0.53,0.628939397304,0.0989393973035
9.0,94.5,0.52,0.626175045108,0.106175045108
10.0,94.5,0.74,0.626497095446,-0.113502904554
11.0,94.5,0.54,0.617163601351,0.0771636013509
12.0,94.5,0.65,0.629401110942,-0.0205988890581
14.0,94.5,0.54,0.620493853841,0.0804938538408
16.0,94.5,0.63,0.632996494504,0.00299649450358
17.0,94.5,0.57,0.627230172667,0.0572301726668
18.0,94.5,0.58,0.617517190001,0.0375171900009
20.0,94.5,0.61,0.616974441257,0.00697444125664
21.0,94.5,0.65,0.624341164347,-0.0256588356526
22.0,94.5,0.53,0.620716226631,0.0907162266307
24.0,94.5,0.65,0.625286013505,-0.0247139864952
27.0,94.5,0.52,0.624696471442,0.104696471442
28.0,94.5,0.53,0.623950021518,0.0939500215177
4.0,98.5,0.57,0.747497262664,0.177497262664
5.0,98.5,0.86,0.608629361861,-0.251370638139
6.0,98.5,0.5,0.729340647755,0.229340647755
8.0,98.5,0.62,0.593567205478,-0.0264327945215
10.0,98.5,0.69,0.642688517754,-0.0473114822461
11.0,98.5,0.71,0.680974817782,-0.0290251822178
12.0,98.5,0.81,0.62972873584,-0.18027126416
14.0,98.5,0.65,0.669265214218,0.0192652142177
15.0,98.5,0.82,0.632576875657,-0.187423124343
17.0,98.5,0.78,0.707169930236,-0.0728300697637
18.0,98.5,0.83,0.675387628088,-0.154612371912
19.0,98.5,0.69,0.678303648687,-0.0116963513132
20.0,98.5,0.72,0.64780774494,-0.07219225506
22.0,98.5,0.74,0.632627496483,-0.107372503517
23.0,98.5,0.69,0.632005814158,-0.057994185842
24.0,98.5,0.66,0.630964826344,-0.0290351736563
25.0,98.5,0.61,0.626400626466,0.0164006264662
27.0,98.5,0.66,0.626722776867,-0.0332772231332
28.0,98.5,0.56,0.625384414486,0.0653844144856
19.0,102.5,0.86,0.713599647003,-0.146400352997
20.0,102.5,0.83,0.720201238789,-0.109798761211
24.0,102.5,0.69,0.626157136054,-0.0638428639464
25.0,102.5,0.61,0.626390000797,0.0163900007973
26.0,102.5,0.65,0.625402275233,-0.0245977247665
27.0,102.5,0.59,0.624019725489,0.0340197254889
