gps_eastings_UTMzone17N,gps_northings_UTMzone17N,actual_ADF,predicted_ADF,prediction_diff
340657.36925,3832647.82625,38.9,39.5987286963,0.698728696289
340658.857125,3832652.01375,46.56,44.5833888756,-1.97661112437
340660.4055,3832656.37375,25.27,38.0670777259,12.7970777259
340662.024125,3832660.58,47.33,43.0957411058,-4.23425889416
340663.54325,3832664.865,37.9,40.1139436136,2.2139436136
340666.651625,3832673.62875,40.55,39.071234587,-1.47876541295
340668.227375,3832678.07375,39.19,37.9823767993,-1.20762320068
340669.763625,3832682.4025,45.71,41.6579588518,-4.05204114818
340672.707375,3832690.71,45.08,43.4674649297,-1.6125350703
340674.289625,3832695.1725,45.25,43.2298148511,-2.02018514888
340675.80925,3832699.4575,48.74,42.6850464304,-6.05495356962
340677.24775,3832703.51,44.55,44.4107722097,-0.139227790327
340678.79225,3832707.8675,45.98,34.5424951401,-11.4375048599
340681.877875,3832716.5725,47.98,38.1431335343,-9.83686646566
340683.3845,3832720.81875,47.15,45.115547504,-2.034452496
340684.892,3832725.07,45.79,44.1193383682,-1.67066163178
340686.475125,3832729.535,34.8,38.9615693205,4.16156932047
340688.06125,3832734.00875,47.57,39.5845032097,-7.9854967903
340689.573625,3832738.275,27.65,37.7263494511,10.0763494511
340692.63525,3832746.90625,35.48,37.2560842477,1.77608424769
340694.176375,3832751.25625,46.79,46.5068357393,-0.283164260663
340695.681125,3832755.5,50.05,44.3418679265,-5.70813207348
340697.21225,3832759.815,42.13,39.7633655207,-2.36663447934
340698.702125,3832764.0175,36.72,42.7004673306,5.98046733061
340700.151125,3832768.3325,39.26,36.83804572,-2.42195427998
340701.64,3832772.52375,47.67,44.74722781,-2.92277218996
340703.117,3832776.6825,45.71,45.8177302613,0.107730261339
340704.637625,3832780.96875,36.78,40.5256485953,3.74564859528
340654.725375,3832648.66375,34.87,34.6304684265,-0.23953157347
340656.217,3832652.87,36.27,38.2805056336,2.01050563362
340657.762375,3832657.23,33.21,34.7579329032,1.5479329032
340660.900375,3832665.6825,28.15,33.973333292,5.823333292
340662.434625,3832670.01375,31.24,34.6464024746,3.40640247455
340663.976625,3832674.3675,45.88,45.2314661642,-0.648533835792
340667.087125,3832683.15875,29.2,32.8346679718,3.63466797182
340668.586375,3832687.39,29.89,32.5109926821,2.62099268211
340673.13775,3832700.2425,32.84,32.1657966967,-0.674203303319
340674.547,3832704.22,40.01,36.9301509371,-3.07984906289
340676.096625,3832708.6,39.14,31.54995975,-7.59004025003
340677.661,3832713.0175,38.46,33.2355890811,-5.22441091888
340679.204,3832717.37625,34.25,32.6058625213,-1.64413747868
340680.714375,3832721.6425,26.15,32.016373255,5.86637325503
340682.21675,3832725.88375,41.38,39.6151209715,-1.76487902852
340683.79,3832730.3275,39.87,41.6087115806,1.73871158063
340686.884375,3832739.06875,41.12,34.801785186,-6.31821481404
340688.39225,3832743.32375,31.41,33.0850844152,1.67508441515
340689.941,3832747.7,31.49,33.4533967818,1.96339678179
340691.471625,3832752.02375,36.18,33.3256850144,-2.8543149856
340692.984625,3832756.29625,33.64,31.9147522422,-1.72524775782
340694.519125,3832760.63,47.14,43.5559540451,-3.58404595487
340695.998,3832764.80625,33.19,32.5179161382,-0.672083861846
340697.447375,3832769.16,28.27,32.3265227294,4.05652272938
340698.936375,3832773.35625,33.21,32.8880705599,-0.321929440053
340700.409625,3832777.5125,30.69,33.3037558099,2.61375580985
340701.927625,3832781.79375,33.21,33.6060308291,0.396030829095
340651.95625,3832649.77375,31.57,32.9990759976,1.42907599763
340653.442375,3832653.96875,33.5,33.0948445337,-0.405155466277
340656.590875,3832662.60875,28.71,33.0059389159,4.29593891594
340658.10975,3832666.89625,27.13,32.5315185492,5.40151854916
340661.17275,3832675.55125,28.5,30.6790143783,2.17901437832
340662.762625,3832680.04125,34.77,34.3108645736,-0.4591354264
340664.273125,3832684.315,33.38,33.6975137913,0.317513791307
340665.77825,3832688.56625,40.55,33.3568559122,-7.19314408775
340667.282375,3832692.815,23.38,32.3612023823,8.98120238235
340670.33075,3832701.4225,36.67,35.675650186,-0.99434981405
340671.75075,3832705.435,30.92,31.0475753726,0.127575372594
340673.294,3832709.79625,44.41,38.6965637725,-5.71343622747
340674.86025,3832714.225,26.62,34.7336135958,8.11361359582
340676.404125,3832718.5825,33.81,31.4680235256,-2.34197647443
340677.908375,3832722.835,38.62,34.1763787748,-4.44362122523
340682.5475,3832735.93875,32.18,32.9628118929,0.782811892886
340684.071625,3832740.24625,34.68,33.6705045705,-1.00949542946
340685.592,3832744.54,31.25,31.9881006388,0.738100638816
340687.1455,3832748.92875,31.3,31.876526,0.576525999995
340688.662125,3832753.21375,30.2,32.1217971827,1.92179718272
340690.158375,3832757.44,30.14,32.6721405017,2.53214050173
340691.69625,3832761.7875,34.08,33.389829412,-0.690170587966
340693.194625,3832766.02,38.56,33.7584216864,-4.80157831362
340694.664375,3832770.335,31.6,33.5080165658,1.90801656584
340696.157125,3832774.54625,33.64,34.4469511385,0.806951138521
340697.63675,3832778.7225,29.26,31.86739775,2.60739775003
340699.155375,3832783.0125,41.59,36.8250381936,-4.76496180639
340649.202375,3832650.48125,46.55,42.073664556,-4.47633544396
340650.703625,3832654.72,27.78,31.933905661,4.15390566097
340652.245375,3832659.07375,43.71,34.30917703,-9.40082296996
340655.347125,3832667.5675,31.02,31.507484094,0.487484093957
340656.876125,3832671.8875,45.76,44.6275266534,-1.13247334662
340658.415125,3832676.2375,34.59,32.8519076041,-1.73809239593
340661.513,3832685.0,39.16,38.2645451956,-0.895454804388
340663.015375,3832689.24125,34.97,31.7497066741,-3.22029332589
340666.073875,3832697.88625,30.91,36.22920693,5.31920692997
340667.573625,3832702.12625,33.41,30.9951470503,-2.41485294974
340668.995,3832706.14,28.7,32.7763580214,4.07635802145
340670.54075,3832710.51,25.86,31.063452003,5.20345200297
340672.093875,3832714.9025,27.35,31.7284929253,4.37849292529
340673.630375,3832719.24625,48.13,38.7966945094,-9.33330549061
340675.140625,3832723.51375,30.7,31.3416505349,0.641650534871
340676.64525,3832727.7675,34.59,31.4399941679,-3.15000583206
340678.215,3832732.2025,33.3,35.0043711662,1.70437116622
340679.781,3832736.63125,45.56,43.4989008507,-2.06109914931
340681.298625,3832740.92,33.17,33.0321335829,-0.137866417057
340682.81225,3832745.1975,40.46,38.2980764258,-2.16192357417
340684.357,3832749.56375,38.25,38.5332683809,0.283268380945
340685.885375,3832753.88375,39.72,38.7593639222,-0.960636077815
340687.402125,3832758.1725,38.38,38.9708412602,0.590841260152
340688.935,3832762.50625,40.47,39.0481140232,-1.42188597685
340690.416625,3832766.6925,43.21,38.9914637514,-4.21853624857
340691.877375,3832771.0,39.29,38.3920511309,-0.897948869109
340693.370625,3832775.21375,39.34,38.321674643,-1.01832535697
340694.85,3832779.3925,38.08,38.4741668534,0.394166853354
340696.37,3832783.68375,37.97,39.1276853304,1.15768533036
340646.2765,3832651.48875,39.04,38.3208310415,-0.719168958477
340647.78925,3832655.76375,39.93,38.1888614957,-1.74113850432
340649.328625,3832660.11,35.08,38.7918657049,3.71186570489
340650.865375,3832664.29125,38.78,37.9436683629,-0.836331637122
340652.377625,3832668.565,41.58,38.342039074,-3.23796092605
340653.902,3832672.87375,37.96,38.037535371,0.0775353710145
340655.423375,3832677.17375,32.54,38.004683951,5.46468395099
340657.00725,3832681.65125,37.14,38.6369928836,1.49699288356
340658.562375,3832686.05,34.59,38.2916150535,3.70161505353
340660.06425,3832690.2925,37.46,38.2619556534,0.801955653418
340661.574875,3832694.56,38.87,38.2270071812,-0.642992818846
340663.155875,3832699.0275,41.9,38.7859228059,-3.1140771941
340664.65625,3832703.27,42.35,38.5376840157,-3.81231598433
340666.07375,3832707.2725,44.4,38.0519872159,-6.34801278409
340667.621,3832711.6475,29.72,31.3231140714,1.60311407142
340669.16025,3832715.995,38.78,39.430612272,0.650612271963
340670.666125,3832720.2525,36.24,38.4612729435,2.22127294353
340672.171375,3832724.5075,39.82,38.4589855361,-1.36101446389
340673.698875,3832728.8225,40.34,38.0980503496,-2.24194965036
340675.271625,3832733.2675,38.42,38.6168801213,0.196880121308
340676.821875,3832737.6525,37.18,34.8879424879,-2.29205751206
340678.371875,3832742.02875,37.08,38.5764476089,1.49644760888
340679.882,3832746.29875,39.5,38.162820294,-1.33717970601
340681.397625,3832750.58125,32.05,33.4358633058,1.38586330583
340682.926875,3832754.90375,41.38,38.710804434,-2.66919556597
340684.446125,3832759.1975,36.98,39.4585945748,2.47859457483
340685.98325,3832763.5425,41.78,38.7125691923,-3.06743080774
340687.469,3832767.74125,40.58,41.6325337143,1.05253371431
340688.943875,3832772.015,37.77,39.5109663729,1.74096637294
340690.431625,3832776.21375,40.19,38.3451627272,-1.84483727281
340691.914,3832780.4025,40.96,45.4015699095,4.44156990948
340693.447625,3832784.735,36.0,36.5911059991,0.59110599911
340643.636,3832652.24,34.32,38.0658523608,3.74585236082
340645.150125,3832656.51875,41.65,37.8920576833,-3.75794231672
340646.6925,3832660.8725,39.73,38.237486828,-1.49251317198
340648.226125,3832665.0975,38.6,38.2040317535,-0.395968246461
340649.75225,3832669.41,39.37,38.6784837797,-0.691516220316
340651.287375,3832673.745,40.2,38.2157469988,-1.98425300121
340652.852125,3832678.1675,40.3,38.5674428273,-1.73255717268
340654.455625,3832682.7,38.8,37.9994207538,-0.800579246199
340655.888875,3832686.7525,39.81,38.2968610091,-1.51313899088
340657.397625,3832691.01375,39.16,38.1888486773,-0.97115132273
340658.91425,3832695.2975,35.64,38.7144078154,3.07440781536
340660.460125,3832699.6675,39.89,36.7001015992,-3.18989840083
340661.97225,3832703.94,41.68,38.0228420042,-3.65715799583
340663.41625,3832708.0175,42.04,38.1977341353,-3.84226586466
340664.935,3832712.31375,40.63,38.2973319854,-2.33266801463
340666.48425,3832716.68625,39.05,38.2713890441,-0.778610955852
340668.03375,3832721.06625,34.89,38.2275193415,3.33751934148
340669.54275,3832725.33,38.13,38.9314872507,0.801487250669
340671.04675,3832729.58,37.81,38.4916671305,0.681667130456
340672.59575,3832733.9575,39.18,38.7438260816,-0.436173918358
340674.152,3832738.35625,38.33,38.3584791527,0.0284791527152
340675.687375,3832742.69125,32.87,34.0810294784,1.21102947842
340677.20275,3832746.975,32.65,36.0144513021,3.36445130212
340678.7355,3832751.30875,34.9,38.6791402315,3.77914023149
340680.24925,3832755.58375,39.4,39.0538229845,-0.346177015546
340681.799,3832759.96,35.51,32.2860070343,-3.22399296565
340683.34025,3832764.3175,41.96,39.3321454865,-2.62785451348
340684.823375,3832768.5075,45.25,38.5248789516,-6.72512104842
340686.320375,3832772.8125,34.12,38.1863771352,4.06637713519
340687.81475,3832777.03125,36.91,38.2193860491,1.3093860491
340689.293625,3832781.2075,40.11,38.8286936795,-1.28130632047
340690.804875,3832785.47875,35.59,38.6575439552,3.06754395518
340640.976125,3832653.20375,31.03,32.1166147185,1.08661471851
340642.502375,3832657.525,31.17,34.0716022278,2.90160222784
340644.052625,3832661.91125,39.79,37.9737207988,-1.81627920119
340645.566125,3832666.13875,44.16,37.9971246402,-6.16287535976
340647.087125,3832670.44375,30.22,32.8216400299,2.60164002988
340648.619625,3832674.7825,37.15,38.0972700297,0.947270029651
340650.1365,3832679.07625,37.05,38.3528353091,1.30283530908
340651.697,3832683.49125,36.82,33.7618518612,-3.05814813881
340653.214375,3832687.79,34.48,38.0453222713,3.56532227135
340654.725,3832692.06375,38.61,37.997820854,-0.612179146048
340656.246625,3832696.37125,42.03,38.5011584748,-3.52884152518
340657.7895,3832700.73625,37.79,37.9239517448,0.13395174479
340659.2865,3832704.975,43.08,38.8498986162,-4.23010138382
340660.7295,3832709.055,39.38,38.4774087098,-0.902591290241
340662.29025,3832713.475,40.38,38.9525070168,-1.42749298319
340663.821,3832717.81,47.47,45.3692354414,-2.10076455863
340665.330125,3832722.0775,47.43,38.457688669,-8.97231133099
340666.847875,3832726.37625,39.33,39.2036722113,-0.126327788714
340668.37075,3832730.6875,40.01,38.5057674466,-1.50423255344
340669.939,3832735.1225,34.86,38.6648550192,3.8048550192
340671.4645,3832739.44125,41.42,38.3322283569,-3.08777164315
340672.968625,3832743.7,32.14,31.4927243347,-0.647275665292
340674.511,3832748.065,40.8,38.8346332312,-1.96536676879
340676.05175,3832752.425,40.76,37.5652540611,-3.19474593885
340677.583875,3832756.76125,44.43,38.1802478013,-6.24975219872
340679.118375,3832761.02667,41.96,38.8362970154,-3.12370298464
340680.62775,3832765.3775,37.25,39.7649301409,2.51493014087
340682.091875,3832769.5225,38.34,38.7244255433,0.384425543282
340683.581375,3832773.7775,33.86,39.0528180445,5.1928180445
340685.078125,3832778.01625,37.5,38.1688361046,0.668836104636
340686.5475,3832782.17125,32.33,38.3982394055,6.06823940549
340688.069125,3832786.48125,39.78,38.6978888356,-1.08211116442
340637.955,3832654.18375,47.71,45.49282318,-2.21717681995
340639.4715,3832658.47875,36.9,38.3343912795,1.43439127953
340640.99,3832662.78,38.75,37.4893685671,-1.26063143286
340642.495875,3832667.0325,35.88,38.0385074763,2.15850747628
340644.03175,3832671.3825,35.22,39.0344658483,3.8144658483
340645.535125,3832675.64,37.24,38.8032985511,1.56329855114
340647.059625,3832679.955,36.5,38.200743038,1.70074303795
340648.620375,3832684.37625,37.37,37.8026328231,0.432632823121
340650.127625,3832688.645,35.81,38.1210995693,2.31109956935
340651.645625,3832692.9425,36.68,38.1724226362,1.49242263617
340653.163875,3832697.2425,39.06,38.4757516157,-0.584248384349
340654.699875,3832701.59,38.08,36.6174545204,-1.46254547957
340656.2,3832705.8375,35.8,35.1971751411,-0.602824858874
340657.56575,3832709.7,35.8,38.6180060921,2.81800609214
340659.14625,3832714.1825,39.2,38.7870674385,-0.412932561479
340660.722875,3832718.645,46.14,44.5947318723,-1.54526812768
340662.266375,3832723.01375,36.74,37.4168928349,0.6768928349
340663.786125,3832727.32,38.57,38.3263005944,-0.243699405594
340665.282,3832731.5525,43.35,38.3519873532,-4.99801264684
340666.843375,3832735.9775,38.47,39.3473081816,0.877308181559
340668.392125,3832740.35875,33.42,33.3500450287,-0.0699549713393
340669.88575,3832744.58875,37.18,33.9896485923,-3.19035140772
340671.3905,3832748.84875,40.87,38.4661140554,-2.40388594463
340672.938,3832753.23375,33.3,33.0029938146,-0.297006185415
340674.485375,3832757.61375,34.77,39.1454226815,4.37542268151
340676.015625,3832761.9475,43.81,43.4788828516,-0.331117148426
340677.5485,3832766.28875,46.75,38.6060103152,-8.14398968479
340679.03525,3832770.49875,30.61,32.9633600739,2.35336007392
340680.513875,3832774.6975,41.29,38.3979631439,-2.89203685614
340682.012875,3832778.94375,41.78,38.7953088132,-2.98469118683
340683.5095,3832783.1825,39.25,38.7631848332,-0.486815166763
340685.032125,3832787.49,36.33,38.5625157765,2.23251577652
340635.399875,3832654.99125,38.41,37.4795683191,-0.930431680896
340636.933375,3832659.34,33.18,34.4495541658,1.26955416576
340638.472125,3832663.705,36.56,37.8495560225,1.28955602246
340639.949875,3832667.94875,35.27,37.7844068404,2.51440684036
340641.477125,3832672.2775,37.73,38.3037414401,0.573741440117
340642.987875,3832676.56375,35.07,38.082102909,3.01210290904
340644.519125,3832680.90625,41.48,38.3275247797,-3.15247522034
340646.084875,3832685.34625,39.69,38.3449883792,-1.34501162083
340647.592875,3832689.625,36.54,38.2691999984,1.72919999843
340649.10725,3832693.91875,35.12,38.5478613894,3.42786138939
340650.636375,3832698.2575,29.78,34.3747019934,4.59470199338
340652.169625,3832702.6025,44.63,37.9723351333,-6.65766486669
340653.661,3832706.8325,30.95,31.7805258498,0.830525849767
340655.1325,3832711.00875,35.74,33.0828501896,-2.65714981037
340656.6615,3832715.34375,37.75,38.0946520243,0.344652024254
340658.14875,3832719.56,37.46,38.7183568625,1.25835686253
340659.686375,3832723.9225,39.05,37.6042705335,-1.44572946647
340661.231625,3832728.305,39.03,38.5208888879,-0.50911111211
340662.716625,3832732.51625,37.81,38.596496006,0.786496006023
340664.277,3832736.94125,37.47,37.9581078777,0.488107877652
340665.84125,3832741.37625,39.83,38.4728747731,-1.35712522691
340667.355875,3832745.67125,43.34,37.6192973711,-5.72070262891
340668.878375,3832749.9925,32.76,37.2328043208,4.47280432085
340670.395,3832754.29375,38.65,38.9812368282,0.331236828244
340671.911625,3832758.59375,33.38,38.2252422861,4.84524228608
340673.438875,3832762.92625,37.61,37.2543383262,-0.35566167375
340674.97825,3832767.29,40.28,38.0692554633,-2.21074453672
340676.464125,3832771.5075,43.52,38.2258085698,-5.29419143021
340677.929875,3832775.64,36.65,38.2578522136,1.60785221362
340679.420875,3832779.87125,35.19,38.4353892908,3.24538929083
340680.9095,3832784.095,39.36,38.4273522591,-0.932647740936
340682.438,3832788.42875,38.07,38.1975845758,0.127584575776
340632.633,3832655.93875,37.12,37.6262912812,0.506291281227
340634.163875,3832660.27875,41.0,38.417531971,-2.58246802897
340635.693625,3832664.61625,33.97,37.5057478321,3.53574783207
340637.157625,3832668.89,35.53,38.6544553288,3.12445532877
340638.687875,3832673.22375,35.01,37.7061971837,2.69619718367
340640.201,3832677.5125,39.16,37.6162469942,-1.54375300577
340641.731,3832681.84625,40.65,37.9081751104,-2.74182488962
340643.294,3832686.27625,41.17,37.9473123477,-3.22268765235
340644.790625,3832690.52,40.93,37.9524611708,-2.97753882924
340646.302625,3832694.8,33.6,37.3922411042,3.79224110418
340647.833625,3832699.1375,46.11,35.8233578064,-10.2866421936
340649.374375,3832703.50375,36.94,38.2339748253,1.29397482525
340650.88125,3832707.7725,39.03,38.2160359502,-0.81396404978
340652.339,3832711.91,32.97,36.7358455252,3.7658455252
340653.87325,3832716.25,42.01,38.1406156378,-3.86938436225
340655.391,3832720.5525,38.7,37.7595830542,-0.940416945832
340656.91,3832724.85625,34.83,37.6769570016,2.84695700158
340658.419875,3832729.13375,39.88,37.9649572578,-1.91504274224
340659.93075,3832733.4175,42.07,38.3042275432,-3.76577245677
340661.489375,3832737.8325,38.61,38.3937008214,-0.216299178635
340663.031,3832742.2,43.77,37.9362034473,-5.83379655268
340664.541125,3832746.48,40.39,38.8531851868,-1.53681481316
340666.07275,3832750.8175,37.92,38.5599197074,0.639919707377
340667.604,3832755.15625,33.75,37.8223947768,4.07239477679
340669.126125,3832759.47,33.39,37.9908488268,4.6008488268
340670.655625,3832763.8025,39.51,38.3549369333,-1.15506306669
340672.183,3832768.1325,37.25,37.8423128353,0.592312835334
340673.672625,3832772.3525,41.83,37.8052713635,-4.02472863648
340675.167625,3832776.52,36.31,38.192775214,1.88277521402
340676.674,3832780.79125,36.1,37.9625923493,1.86259234927
340678.171125,3832785.0375,36.46,38.2506928403,1.79069284034
340679.697375,3832789.36375,37.4,37.5854803424,0.185480342418
340629.882625,3832656.90125,37.6,37.2905479638,-0.309452036233
340631.42475,3832661.27375,37.48,36.9713442546,-0.50865574539
340632.94275,3832665.5825,41.64,38.2086671445,-3.4313328555
340634.385875,3832669.81125,39.97,38.2659071169,-1.70409288311
340635.932,3832674.1975,43.21,42.7752744943,-0.434725505683
340637.455625,3832678.515,39.54,37.557014011,-1.982985989
340638.984375,3832682.8475,34.68,37.9589839825,3.27898398246
340640.526625,3832687.22125,35.35,38.1250346331,2.77503463306
340642.012375,3832691.435,37.45,38.0383843576,0.588384357565
340643.53675,3832695.75375,38.85,34.6200209481,-4.22997905193
340645.064625,3832700.085,35.97,38.3144005234,2.34440052343
340646.598625,3832704.4325,37.97,34.8132595193,-3.1567404807
340648.12275,3832708.75375,36.39,38.3541528062,1.96415280615
340649.57025,3832712.86,40.84,38.052314983,-2.78768501696
340651.0775,3832717.13,39.56,38.1882280958,-1.37177190419
340652.61875,3832721.495,39.24,36.886481729,-2.353518271
340654.148375,3832725.8325,37.53,37.8819328533,0.351932853263
340655.6605,3832730.12,38.41,37.8005581401,-0.609441859927
340657.16625,3832734.39,38.06,37.8811565572,-0.178843442846
340658.72775,3832738.815,31.44,33.8965355363,2.45653553632
340660.263875,3832743.16875,41.71,37.3069696781,-4.40303032194
340661.764375,3832747.42125,35.94,37.9375935782,1.99759357823
340663.30175,3832751.77625,36.23,37.2520707704,1.02207077042
340664.83525,3832756.1275,38.61,38.5911478813,-0.0188521187482
340666.353,3832760.43125,33.5,38.3307969202,4.83079692018
340667.888625,3832764.7825,38.63,37.4157438239,-1.21425617607
340669.43025,3832769.15,36.39,38.2232362288,1.83323622884
340670.897,3832773.30875,38.39,38.0230317641,-0.366968235854
340672.388375,3832777.4575,38.21,37.7584292531,-0.451570746928
340673.901375,3832781.75125,33.19,36.9059473898,3.71594738978
340675.39175,3832785.9775,38.95,37.9865631588,-0.963436841225
340676.917125,3832790.305,32.42,37.5095889021,5.08958890211
340627.53225,3832657.50625,35.26,37.4382107614,2.17821076136
340629.068375,3832661.875,39.11,38.0187617227,-1.09123827732
340630.598625,3832666.225,42.91,38.1190454228,-4.79095457721
340632.05525,3832670.565,43.37,37.4195369243,-5.95046307571
340633.590625,3832674.9275,31.37,35.9053820045,4.53538200448
340635.089375,3832679.185,37.97,38.9524672801,0.982467280089
340636.611625,3832683.51125,40.57,37.6212541372,-2.94874586283
340638.169,3832687.93375,32.97,37.4794936143,4.50949361431
340639.659375,3832692.17,39.35,37.8883695973,-1.46163040268
340641.182875,3832696.49875,36.03,31.0131650051,-5.01683499487
340642.739125,3832700.92,31.01,31.0173651211,0.00736512107756
340644.263,3832705.25,33.01,36.894584727,3.88458472699
340645.754,3832709.485,39.17,37.6648043515,-1.50519564849
340647.22075,3832713.655,35.01,37.4859703256,2.47597032557
340648.73525,3832717.95625,34.7,35.6376435193,0.93764351929
340650.2285,3832722.19875,39.47,37.7763770383,-1.69362296174
340651.735125,3832726.47625,38.32,37.6016587097,-0.718341290315
340654.779,3832735.125,37.28,37.5448205219,0.264820521895
340656.331875,3832739.5375,34.68,37.6989354037,3.01893540366
340657.874,3832743.91875,38.29,35.4050770201,-2.88492297988
340659.345875,3832748.0975,41.37,37.9879604456,-3.38203955439
340660.87925,3832752.4575,31.69,38.7440743791,7.0540743791
340662.41725,3832756.82875,34.48,35.7694652427,1.28946524274
340663.910625,3832761.06875,38.24,37.9791456742,-0.260854325782
340665.424125,3832765.37,39.71,38.3523341517,-1.35766584833
340666.945125,3832769.69125,37.35,38.3562756686,1.00627566863
340671.491375,3832782.49625,35.32,37.7651762327,2.4451762327
340672.9935,3832786.7675,28.91,34.2561286188,5.34612861885
340674.523375,3832791.11875,38.18,37.6735769919,-0.50642300813
340624.234125,3832658.58875,39.36,38.1472887078,-1.21271129218
340625.7845,3832662.98875,36.81,38.4374637556,1.62746375561
340627.303,3832667.29875,29.49,35.4194130919,5.9294130919
340628.728875,3832671.58625,30.38,36.3414565061,5.96145650612
340630.27925,3832675.9825,38.84,37.4695597689,-1.37044023112
340631.779875,3832680.23875,41.9,37.7281717791,-4.1718282209
340633.286875,3832684.515,38.5,38.2336916691,-0.266308330921
340634.842125,3832688.92375,38.98,35.5832102283,-3.39678977167
340636.346375,3832693.195,43.32,38.2977760688,-5.02222393116
340637.867625,3832697.505,44.15,38.7772211708,-5.37277882924
340639.41575,3832701.8975,35.38,38.2752204065,2.89522040649
340640.946125,3832706.23625,40.89,37.6314992886,-3.25850071144
340642.45775,3832710.5275,40.67,35.4750874238,-5.19491257623
340643.94725,3832714.7525,40.96,37.8684267111,-3.09157328893
340645.47175,3832719.0725,37.16,38.5740913388,1.4140913388
340646.977875,3832723.3475,37.0,37.6240847834,0.624084783353
340648.488125,3832727.63,37.33,37.6274856622,0.297485662221
340649.986625,3832731.87875,35.68,36.2338858958,0.553885895825
340651.487375,3832736.135,36.72,37.7998794129,1.07987941288
340653.05175,3832740.575,35.46,36.2833865467,0.823386546707
340654.60175,3832744.97125,37.69,37.2487621337,-0.44123786628
340656.089625,3832749.19125,33.25,37.3884513694,4.1384513694
340657.6235,3832753.54,35.33,37.8474224866,2.51742248661
340659.15425,3832757.88375,34.43,38.0474351263,3.61743512626
340660.661875,3832762.15875,39.69,37.2815185291,-2.4084814709
340662.201375,3832766.525,34.31,36.9601304654,2.65013046539
340663.73025,3832770.8625,40.41,38.2427535307,-2.16724646932
340666.738375,3832779.2525,35.37,38.4130942445,3.04309424451
340668.270625,3832783.60625,37.6,37.963377086,0.363377086015
340669.75875,3832787.8325,39.0,38.2545778517,-0.745422148298
340671.285125,3832792.16375,42.21,38.1455000418,-4.06449995819
340621.4805,3832659.50875,39.48,38.0146268582,-1.46537314178
340623.016125,3832663.86875,39.23,37.4867130716,-1.74328692835
340624.525375,3832668.155,40.53,41.4798200609,0.949820060886
340625.950625,3832672.4975,44.95,38.2055712879,-6.74442871209
340627.499875,3832676.89125,37.25,38.3945731831,1.14457318305
340628.994,3832681.13,35.97,37.491819912,1.52181991203
340630.51275,3832685.43625,33.21,37.9705086681,4.76050866809
340632.074375,3832689.86625,48.74,45.898256209,-2.84174379104
340633.540375,3832694.025,40.62,37.9040966461,-2.71590335391
340635.0685,3832698.35875,35.03,38.4823370086,3.45233700858
340636.645375,3832702.82875,38.57,38.2814773263,-0.288522673723
340638.184375,3832707.1925,36.67,37.8116912032,1.14169120321
340639.71675,3832711.5425,33.09,38.2928522336,5.2028522336
340641.08625,3832715.4275,39.91,37.379833543,-2.53016645702
340642.62875,3832719.8025,36.79,37.8335680171,1.04356801705
340644.16825,3832724.165,35.87,37.5339752478,1.66397524778
340645.693,3832728.49125,36.04,34.0462388309,-1.99376116912
340647.192625,3832732.745,37.13,38.301332444,1.17133244402
340648.6705,3832736.935,39.66,38.5346135447,-1.12538645529
340650.218,3832741.32375,38.46,37.4466249141,-1.0133750859
340651.772625,3832745.73375,34.77,37.5723427651,2.80234276512
340653.279875,3832750.00625,37.3,37.9372871106,0.637287110557
340656.31525,3832758.61625,29.95,37.64162796,7.69162795997
340657.872875,3832763.03625,34.54,37.1343800342,2.59438003416
340660.93475,3832771.72,36.37,36.1753245608,-0.194675439202
340662.431625,3832775.96375,49.84,35.9828481598,-13.8571518402
340663.912875,3832779.9875,37.58,38.9413729909,1.36137299087
340665.419375,3832784.26875,41.14,39.6900036335,-1.44999636653
340666.954,3832788.6275,35.09,35.6324773833,0.542477383255
340668.4875,3832792.9825,36.9,37.6349257769,0.734925776894
340618.7585,3832660.45625,36.47,36.7286071115,0.258607111465
340620.315125,3832664.88,35.87,37.4507624751,1.58076247514
340621.827625,3832669.1775,36.43,37.4375843624,1.00758436237
340623.205125,3832673.43125,37.19,39.3588866037,2.1688866037
340624.725625,3832677.7475,36.77,38.1662982931,1.39629829312
340626.198625,3832681.93,37.47,36.8175549655,-0.652445034488
340627.723625,3832686.26,36.58,37.839335412,1.25933541201
340629.3,3832690.73625,37.57,37.6613689398,0.0913689398363
340630.808125,3832695.02,33.01,37.9963985505,4.98639855055
340632.313875,3832699.29125,32.89,37.9838722885,5.09387228849
340633.839125,3832703.625,39.92,38.211629115,-1.70837088505
340635.340375,3832707.8875,37.57,38.4421270916,0.872127091635
340636.861,3832712.205,37.43,37.5308664846,0.100866484649
340638.37475,3832716.505,38.02,37.1650608932,-0.854939106846
340639.8745,3832720.76125,36.7,37.4433378938,0.743337893781
340641.352,3832724.955,40.43,37.4369464922,-2.99305350775
340642.852875,3832729.215,38.63,36.991150709,-1.63884929097
340644.363125,3832733.5025,35.92,37.3865297019,1.46652970194
340645.885,3832737.825,36.65,37.9180157481,1.26801574812
340647.443625,3832742.2475,40.39,36.6439986644,-3.74600133558
340648.97425,3832746.59625,33.8,37.9002722147,4.10027221465
340650.489375,3832750.8975,35.13,38.2786251053,3.1486251053
340652.0315,3832755.275,35.22,36.5492378873,1.32923788733
340653.53,3832759.53,33.81,37.3284061764,3.5184061764
340655.017375,3832763.75125,37.27,37.514818503,0.24481850303
340656.56675,3832768.1525,34.08,36.2465545658,2.16655456584
340658.10225,3832772.5125,39.68,37.8411249099,-1.83887509013
340659.613625,3832776.8025,36.86,36.4212442871,-0.438755712917
340661.128625,3832780.90125,39.75,38.5736304215,-1.17636957851
340662.62325,3832785.15625,39.07,38.3564851597,-0.713514840301
340664.142625,3832789.4725,30.78,34.971857345,4.191857345
340665.680375,3832793.84625,37.67,37.8751235581,0.205123558138
340616.063625,3832661.39375,36.75,37.5216773403,0.771677340332
340617.624,3832665.83625,48.54,44.1708804329,-4.36911956709
340619.142,3832670.15625,38.45,35.9903004182,-2.45969958177
340620.484625,3832674.4975,37.16,33.9410714387,-3.21892856132
340622.028,3832678.8825,33.15,38.3907484397,5.24074843974
340623.525625,3832683.13625,40.41,38.3118012005,-2.09819879952
340625.046625,3832687.45625,39.61,38.2801036093,-1.32989639067
340626.593625,3832691.85,40.97,38.3958513995,-2.57414860048
340628.068,3832696.04,38.85,38.3633412156,-0.486658784351
340629.59,3832700.36,31.49,31.889664812,0.399664812023
340631.148375,3832704.7875,39.39,38.0620102458,-1.32798975418
340632.675125,3832709.12375,37.36,37.1686881511,-0.191311848855
340634.18875,3832713.4225,34.5,37.4948774097,2.99487740967
340635.683,3832717.67,42.47,37.1454562906,-5.32454370938
340637.205625,3832721.99,37.08,38.0030217493,0.923021749311
340638.688,3832726.2025,35.32,37.5663116199,2.24631161987
340640.189625,3832730.4675,35.79,37.1209811721,1.33098117214
340641.699,3832734.75625,36.37,36.4521877745,0.0821877744949
340643.21625,3832739.0625,37.42,37.9177282561,0.49772825609
340644.764,3832743.4625,35.7,36.9619429626,1.26194296263
340646.281,3832747.77,37.9,37.4866840861,-0.413315913863
340647.784,3832752.03875,37.79,37.3640034234,-0.425996576626
340649.33275,3832756.4375,36.69,37.7326885736,1.04268857362
340652.367,3832765.05625,37.03,37.4137618571,0.383761857077
340653.908875,3832769.43625,36.28,37.5670007419,1.28700074188
340655.43,3832773.75625,43.62,37.3824474274,-6.2375525726
340656.929,3832778.0125,39.75,37.8082477113,-1.94175228872
340658.457625,3832782.05,43.73,36.5288936718,-7.20110632822
340659.977375,3832786.37,39.28,38.0157107904,-1.26428920959
340661.493,3832790.6825,36.63,37.0224027672,0.392402767233
340663.024375,3832795.04375,42.68,38.3010217067,-4.3789782933
340613.23575,3832662.39625,30.48,33.7192146067,3.23921460669
340614.796375,3832666.8475,42.39,37.3375451356,-5.05245486443
340616.304125,3832671.15,47.69,34.6826987195,-13.0073012805
340617.650875,3832675.42875,39.92,37.5275889774,-2.39241102262
340619.187375,3832679.80625,37.36,37.6495808358,0.289580835799
340620.686375,3832684.0725,40.83,37.8760389567,-2.95396104331
340622.216,3832688.43,30.72,30.9523484644,0.232348464396
340623.75,3832692.79875,42.54,38.1656140155,-4.3743859845
340625.220125,3832696.9875,38.54,38.0298327967,-0.510167203305
340626.743125,3832701.32375,36.05,38.4825607917,2.43256079174
340628.271125,3832705.675,38.12,38.3738407589,0.253840758876
340629.78525,3832709.9875,33.66,35.8707720185,2.21077201847
340631.33475,3832714.4,30.36,37.1524482769,6.79244827691
340632.895,3832718.8475,35.8,37.9233857492,2.12338574923
340634.4145,3832723.175,37.39,37.8345366586,0.444536658603
340635.84725,3832727.25375,37.99,37.8589605425,-0.131039457461
340637.315125,3832731.43375,36.71,37.8838774808,1.17387748081
340638.805625,3832735.68,37.37,38.1476921923,0.777692192281
340640.33175,3832740.02625,35.98,37.7211464967,1.74114649668
340641.882375,3832744.4425,37.03,37.8521504504,0.822150450435
340644.821875,3832752.81125,35.43,37.2790561232,1.84905612316
340646.4035,3832757.31625,36.2,37.3183538508,1.11835385078
340647.97725,3832761.80125,33.85,36.1865839347,2.33658393466
340649.515375,3832766.18375,37.35,38.2626371519,0.912637151912
340651.044625,3832770.5375,44.89,43.1365355975,-1.75346440251
340652.5265,3832774.7575,37.86,37.4915436676,-0.36845633239
340654.004125,3832778.96625,33.34,37.5634675752,4.22346757519
340655.521625,3832783.03,37.38,36.8406427226,-0.539357277434
340657.052125,3832787.39375,34.86,38.0706423903,3.21064239028
340658.55675,3832791.685,40.04,38.44406682,-1.59593317997
340660.073125,3832796.0125,49.44,38.0515521285,-11.3884478715
340610.547125,3832663.24375,36.18,37.7170175278,1.53701752776
340612.118125,3832667.71875,40.96,37.9249916673,-3.03500833274
340613.646,3832672.0675,43.01,38.6085268695,-4.4014731305
340614.965625,3832676.32125,38.97,38.6693674156,-0.300632584428
340616.48875,3832680.6525,35.29,37.8404561284,2.55045612836
340617.996625,3832684.9375,42.13,38.4587455171,-3.67125448291
340619.537875,3832689.32125,41.43,38.3168642884,-3.11313571164
340621.106625,3832693.77875,31.05,32.8487857262,1.79878572622
340622.555875,3832697.9,42.22,37.7306184309,-4.48938156906
340624.027,3832702.07875,38.41,39.1846508429,0.774650842924
340625.605375,3832706.57,32.03,37.6495087091,5.61950870909
340627.147625,3832710.95375,40.85,37.4967096589,-3.3532903411
340628.64725,3832715.21625,40.4,37.8548426447,-2.54515735531
340630.185,3832719.59,38.36,37.9953442405,-0.364655759499
340631.71875,3832723.94875,36.33,36.8013338506,0.471333850569
340633.173875,3832728.085,41.84,38.4272790881,-3.41272091185
340634.65825,3832732.305,39.49,37.6998913518,-1.79010864821
340636.123875,3832736.47,44.68,37.7869732099,-6.89302679007
340637.669375,3832740.865,34.55,37.0310235502,2.48102355024
340639.241,3832745.3325,34.28,37.89947358,3.61947358
340640.75175,3832749.62625,40.61,37.8437740514,-2.76622594864
340642.245375,3832753.87,35.85,36.5041482411,0.654148241057
340643.80725,3832758.3125,35.86,36.6999835059,0.839983505884
340645.3425,3832762.67625,37.62,36.2511807863,-1.36881921368
340646.855875,3832766.97875,34.44,37.9066930175,3.46669301745
340648.389875,3832771.34,35.27,36.4297528317,1.15975283175
340649.91325,3832775.67,36.54,38.1616750089,1.62167500891
340652.928375,3832783.9475,34.87,36.8282758331,1.95827583305
340654.479125,3832788.35875,39.07,37.5033964105,-1.56660358948
340655.99875,3832792.69125,44.99,44.9815674118,-0.00843258823092
340657.538625,3832797.07375,37.88,38.4680489554,0.588048955402
340607.779,3832664.17125,39.05,38.0155305217,-1.03446947829
340609.35375,3832668.65875,37.64,38.6310240378,0.991024037813
340610.868875,3832672.98125,37.99,38.0983939648,0.108393964761
340612.205625,3832677.325,31.56,35.2701367805,3.71013678046
340613.753125,3832681.73,36.18,37.8245464258,1.64454642579
340615.2385,3832685.955,36.04,38.722477389,2.68247738899
340616.778375,3832690.3375,31.85,33.3360155741,1.48601557411
340618.323625,3832694.73375,31.01,33.445777522,2.43577752205
340619.778375,3832698.8725,35.67,37.6103898076,1.94038980757
340621.287375,3832703.165,34.75,37.5161634152,2.76616341517
340622.86475,3832707.6525,39.2,38.0733877256,-1.12661227439
340624.396625,3832712.01,37.16,37.3039292137,0.143929213666
340625.90075,3832716.29,36.4,37.4514353126,1.05143531262
340627.42075,3832720.615,33.53,34.4725986309,0.9425986309
340628.9315,3832724.91,36.36,34.1209116665,-2.23908833348
340630.395,3832729.075,34.51,36.9046799892,2.3946799892
340631.888375,3832733.32375,34.71,37.8555194149,3.1455194149
340633.418375,3832737.67875,45.01,45.2694423228,0.259442322843
340634.9465,3832742.025,30.98,34.4012604192,3.42126041923
340636.462125,3832746.33875,35.59,37.2641022802,1.67410228022
340637.95825,3832750.59125,40.08,37.3471105327,-2.73288946732
340639.458375,3832754.86125,28.98,32.2642768718,3.28427687176
340641.01425,3832759.2875,35.72,37.2585269033,1.53852690327
340642.52075,3832763.575,38.21,37.1181108744,-1.09188912561
340644.036125,3832767.88625,34.68,37.688829912,3.00882991197
340645.585875,3832772.295,35.68,37.5606492811,1.8806492811
340647.09425,3832776.585,40.04,37.6184752093,-2.42152479073
340648.617,3832780.9175,36.13,37.5817290858,1.45172908575
340650.159625,3832784.9875,33.97,32.1570871567,-1.81291284328
340651.685875,3832789.33625,37.77,37.5688073033,-0.201192696744
340653.209625,3832793.6825,32.6,38.0903331255,5.49033312555
340654.72975,3832798.01,38.6,38.3928989106,-0.207101089392
340605.045625,3832665.13125,39.79,38.3956668538,-1.39433314622
340606.630375,3832669.6475,37.61,35.9192317111,-1.69076828892
340608.150375,3832673.9825,40.31,38.643714328,-1.66628567203
340609.4685,3832678.33625,36.85,37.1329050411,0.2829050411
340611.022125,3832682.75625,34.69,37.4088654252,2.71886542517
340612.509625,3832686.98875,34.19,37.9170472279,3.72704722794
340614.016625,3832691.27875,38.57,37.8553994628,-0.714600537208
340616.998875,3832699.765,39.88,36.6728775871,-3.20712241293
340618.518,3832704.08625,39.37,37.9769474913,-1.39305250874
340620.100375,3832708.585,37.08,37.5005636186,0.420563618602
340621.615375,3832712.8975,38.52,37.9518926518,-0.568107348201
340623.125625,3832717.195,37.16,37.1746734822,0.0146734822307
340624.6535,3832721.5425,40.66,37.6892566278,-2.97074337222
340626.1835,3832725.8975,33.09,38.00482943,4.91482943004
340627.64125,3832730.045,36.74,35.1634677039,-1.57653229613
340629.127875,3832734.2725,35.96,38.3180962649,2.35809626494
340630.627125,3832738.54,40.0,39.2630428485,-0.736957151532
340632.1465,3832742.8625,37.6,36.5311161995,-1.06888380054
340633.69625,3832747.27,37.06,38.0249139046,0.964913904586
340635.190125,3832751.51875,37.48,37.818097275,0.338097274962
340636.701375,3832755.81875,34.19,37.7699551282,3.57995512819
340638.263,3832760.26375,37.37,36.3002069284,-1.06979307157
340639.77275,3832764.56125,36.25,37.78954836,1.53954836003
340641.294625,3832768.88875,38.59,37.4302291846,-1.15977081545
340642.834375,3832773.27,41.36,37.6686888353,-3.69131116473
340644.344,3832777.56625,39.07,39.1321725412,0.0621725411859
340645.861375,3832781.88375,39.85,32.8328932333,-7.01710676674
340647.391875,3832785.8825,40.34,38.6518069026,-1.68819309738
340650.44125,3832794.5775,30.73,36.7890341636,6.05903416358
340651.993875,3832799.00375,39.81,38.6952922644,-1.11470773563
340606.530125,3832679.2425,32.22,34.6209806875,2.40098068745
340608.10625,3832683.705,31.73,31.1633313969,-0.566668603143
340609.595375,3832687.9175,31.68,32.1554292584,0.47542925838
340611.088,3832692.145,43.67,39.4494297911,-4.22057020893
340612.628125,3832696.50375,33.09,34.5894659708,1.49946597081
340614.112375,3832700.7025,30.82,31.3385848177,0.518584817743
340615.668875,3832705.10625,30.09,32.9772686829,2.88726868288
340617.252125,3832709.585,30.86,31.5606073856,0.700607385644
340618.78075,3832713.91375,35.53,32.1744080755,-3.35559192446
340620.303,3832718.2225,45.86,39.9900166017,-5.86998339826
340621.81575,3832722.505,34.5,32.4513276374,-2.04867236256
340623.33925,3832726.81875,28.49,31.0706015383,2.58060153834
340624.8045,3832730.965,30.18,30.5732829456,0.393282945579
340627.81625,3832739.4875,28.89,31.5818755043,2.69187550435
340629.34825,3832743.825,29.49,31.0314942609,1.54149426094
340632.39275,3832752.44375,33.67,31.0657111452,-2.60428885481
340633.916125,3832756.7525,32.56,33.0878922563,0.527892256278
340635.48925,3832761.205,29.57,32.4039616699,2.83396166988
340636.992875,3832765.46125,27.18,32.7784631622,5.59846316216
340640.081375,3832774.2025,38.75,40.0836060713,1.33360607135
340643.126125,3832782.82,30.97,30.9930085337,0.0230085336673
340603.900875,3832680.13625,29.38,34.8701893917,5.49018939172
340605.456875,3832684.5825,29.73,32.4667242362,2.73672423619
340606.934875,3832688.8025,30.21,31.7735332033,1.56353320334
340608.442375,3832693.11125,43.44,43.1405152299,-0.299484770123
340611.386375,3832701.52,28.24,32.0615368431,3.82153684313
340612.9255,3832705.915,29.25,32.1650070521,2.91500705209
340614.522625,3832710.47875,29.43,33.969680329,4.53968032904
340616.036375,3832714.8025,42.42,38.4019451237,-4.01805487626
340617.548,3832719.1225,32.67,31.6017843603,-1.06821563972
340622.01825,3832731.89,28.82,32.4687787675,3.6487787675
340623.51475,3832736.1675,46.23,43.6986658592,-2.53133414079
340625.029875,3832740.49625,37.73,33.942894653,-3.78710534696
340626.547375,3832744.83,26.41,30.5147527423,4.10475274231
340628.077875,3832749.2025,34.76,32.9966449242,-1.76335507585
340629.545,3832753.395,32.84,32.2754722846,-0.564527715394
340631.045875,3832757.68125,29.38,31.7485459338,2.36854593378
340632.6275,3832762.2,34.51,35.4478698678,0.937869867782
340634.108,3832766.42875,32.07,34.546768843,2.47676884302
340635.585875,3832770.64875,37.85,37.7365679768,-0.113432023166
340638.673,3832779.4675,37.36,35.3931303287,-1.96686967134
340640.1695,3832783.7425,27.07,31.0993764765,4.02937647648
340600.827875,3832681.2025,26.07,31.517056613,5.44705661304
340602.39125,3832685.6525,37.72,33.0896797432,-4.63032025679
340603.884875,3832689.905,30.13,30.64986215,0.519862150022
340605.398375,3832694.2125,32.63,30.4598550697,-2.17014493033
340606.91175,3832698.52125,30.87,31.0948839699,0.224883969945
340608.364625,3832702.655,31.18,32.9690140015,1.78901400153
340609.915625,3832707.07125,47.31,41.5253147359,-5.78468526408
340611.495875,3832711.5675,38.33,32.0173297362,-6.31267026376
340613.004875,3832715.8625,36.4,33.4700928846,-2.92990711537
340616.065,3832724.57,29.53,32.2943530476,2.76435304763
340619.016625,3832732.97375,31.33,33.5719737878,2.24197378778
340620.501375,3832737.19875,29.57,32.4302689971,2.86026899705
340622.017875,3832741.515,33.28,32.9692175368,-0.310782463191
340625.0645,3832750.1875,32.53,32.318138443,-0.211861557043
340626.571125,3832754.47375,33.57,30.7644198083,-2.80558019174
340628.077625,3832758.75875,28.72,31.290611847,2.570611847
340631.117,3832767.4125,32.38,32.8383158556,0.45831585556
340635.702875,3832780.4625,36.93,37.927187225,0.997187224992
340637.219875,3832784.78125,28.92,32.0466687248,3.12666872477
340598.253625,3832681.97625,35.45,43.2768305563,7.82683055626
340599.815125,3832686.42625,47.28,43.6357709066,-3.64422909343
340601.292,3832690.63375,27.34,33.5149189969,6.17491899695
340604.326375,3832699.28125,36.22,39.1249379065,2.90493790652
340607.30625,3832707.77,38.28,37.9920087943,-0.28799120568
340608.901875,3832712.3175,35.05,33.3851243464,-1.66487565356
340610.409375,3832716.61375,44.82,42.3326443751,-2.48735562485
340613.475,3832725.35,35.72,43.0044415198,7.28444151976
340614.98225,3832729.64875,46.04,41.2051836931,-4.83481630689
340617.895625,3832737.95,44.53,39.4790219045,-5.05097809547
340619.404625,3832742.2475,43.33,41.9162917445,-1.41370825555
340620.92975,3832746.59625,41.08,45.2359044195,4.15590441954
340622.463625,3832750.9675,35.34,35.5323033387,0.192303338675
340625.440875,3832759.45,35.21,39.043857646,3.833857646
340627.013375,3832763.9325,37.27,39.2683485864,1.99834858641
340628.515,3832768.21125,38.99,38.2465941143,-0.743405885738
340630.021375,3832772.50375,31.69,38.3034281569,6.61342815692
340633.093,3832781.2575,36.48,38.4279261796,1.94792617964
340634.603625,3832785.5575,27.67,34.5865379679,6.91653796794
340618.14425,3832747.5375,46.38,44.4646230663,-1.91537693373
340619.676,3832751.90375,45.35,44.6402097645,-0.70979023547
340625.723,3832769.14375,37.11,37.6273577698,0.517357769781
340627.228375,3832773.43375,31.66,43.3774653979,11.7174653979
340628.788875,3832777.8825,36.0,36.8227109125,0.822710912464
340630.301,3832782.19375,32.65,38.2024396272,5.55243962722
