gps_eastings_UTMzone17N,gps_northings_UTMzone17N,actual_SPCP,predicted_SPCP,prediction_diff
340657.36925,3832647.82625,42.59,44.4630352675,1.8730352675
340658.857125,3832652.01375,-12.7,38.3743030393,51.0743030393
340660.4055,3832656.37375,79.64,28.3359245695,-51.3040754305
340662.024125,3832660.58,-30.68,23.2706411101,53.9506411101
340663.54325,3832664.865,90.2,24.9689437071,-65.2310562929
340666.651625,3832673.62875,45.59,29.7045321286,-15.8854678714
340668.227375,3832678.07375,6.63,23.5434832522,16.9134832522
340669.763625,3832682.4025,-3.74,31.6180555805,35.3580555805
340672.707375,3832690.71,-9.31,15.3879586318,24.6979586318
340674.289625,3832695.1725,-19.66,16.9697122548,36.6297122548
340675.80925,3832699.4575,-38.95,17.5871168423,56.5371168423
340677.24775,3832703.51,6.57,15.5773134671,9.00731346708
340678.79225,3832707.8675,-7.11,24.0405278157,31.1505278157
340681.877875,3832716.5725,-16.53,19.6700059928,36.2000059928
340683.3845,3832720.81875,-27.24,6.90175453682,34.1417545368
340684.892,3832725.07,-34.44,-0.857196650837,33.5828033492
340686.475125,3832729.535,95.33,8.54896150816,-86.7810384918
340688.06125,3832734.00875,-8.27,28.1456702085,36.4156702085
340689.573625,3832738.275,31.41,11.6265064251,-19.7834935749
340692.63525,3832746.90625,23.95,18.188827779,-5.76117222098
340694.176375,3832751.25625,-3.97,5.33050657336,9.30050657336
340695.681125,3832755.5,-30.92,29.8708045489,60.7908045489
340697.21225,3832759.815,25.87,-3.48184070058,-29.3518407006
340698.702125,3832764.0175,22.97,48.9214526404,25.9514526404
340700.151125,3832768.3325,12.65,33.5149208377,20.8649208377
340701.64,3832772.52375,-54.04,0.136077519879,54.1760775199
340703.117,3832776.6825,-17.67,-5.04985726838,12.6201427316
340704.637625,3832780.96875,30.99,7.00362850944,-23.9863714906
340654.725375,3832648.66375,32.14,44.2377978116,12.0977978116
340656.217,3832652.87,41.43,35.2716419403,-6.15835805974
340657.762375,3832657.23,21.02,31.4314901109,10.4114901109
340660.900375,3832665.6825,14.49,34.6778398574,20.1878398574
340662.434625,3832670.01375,55.91,40.11614983,-15.79385017
340663.976625,3832674.3675,-15.34,4.72640831198,20.066408312
340667.087125,3832683.15875,18.21,25.5906094198,7.38060941976
340668.586375,3832687.39,38.41,36.5085763156,-1.90142368444
340673.13775,3832700.2425,75.27,44.6414447506,-30.6285552494
340674.547,3832704.22,23.96,32.9694475137,9.00944751371
340676.096625,3832708.6,-16.52,30.6391468116,47.1591468116
340677.661,3832713.0175,55.55,24.7621002506,-30.7878997494
340679.204,3832717.37625,65.63,34.8965889285,-30.7334110715
340680.714375,3832721.6425,18.25,30.144579527,11.894579527
340682.21675,3832725.88375,50.16,21.8536500565,-28.3063499435
340683.79,3832730.3275,20.45,29.0915404643,8.64154046435
340686.884375,3832739.06875,10.65,13.1885513472,2.53855134722
340688.39225,3832743.32375,29.84,15.1073617954,-14.7326382046
340689.941,3832747.7,-0.46,32.0385630985,32.4985630985
340691.471625,3832752.02375,33.13,18.3702915311,-14.7597084689
340692.984625,3832756.29625,21.86,21.5068002621,-0.353199737908
340694.519125,3832760.63,-37.53,5.23061318814,42.7606131881
340695.998,3832764.80625,9.49,17.5145636611,8.02456366114
340697.447375,3832769.16,81.91,29.4785207648,-52.4314792352
340698.936375,3832773.35625,6.04,37.4464848635,31.4064848635
340700.409625,3832777.5125,-0.2,18.3107052358,18.5107052358
340701.927625,3832781.79375,39.08,33.3395133676,-5.74048663244
340651.95625,3832649.77375,41.5,32.5244358568,-8.97556414315
340653.442375,3832653.96875,54.97,41.6336235276,-13.3363764724
340656.590875,3832662.60875,56.87,49.3270148012,-7.5429851988
340658.10975,3832666.89625,7.37,38.1144608794,30.7444608794
340661.17275,3832675.55125,46.39,45.1875881797,-1.20241182032
340662.762625,3832680.04125,46.11,28.6872533599,-17.4227466401
340664.273125,3832684.315,-20.7,35.1783038349,55.8783038349
340665.77825,3832688.56625,58.74,38.797665201,-19.942334799
340667.282375,3832692.815,86.2,40.0634301842,-46.1365698158
340670.33075,3832701.4225,37.95,34.0251279013,-3.92487209865
340671.75075,3832705.435,67.61,41.9868215046,-25.6231784954
340673.294,3832709.79625,25.34,50.0281382622,24.6881382622
340674.86025,3832714.225,62.75,32.0570716919,-30.6929283081
340676.404125,3832718.5825,-6.65,39.6646612651,46.3146612651
340677.908375,3832722.835,-0.07,24.2656217426,24.3356217426
340682.5475,3832735.93875,44.42,41.0069533316,-3.41304666835
340684.071625,3832740.24625,44.86,39.5210982099,-5.33890179008
340685.592,3832744.54,41.18,42.8992114391,1.71921143913
340687.1455,3832748.92875,-10.52,22.9250203164,33.4450203164
340688.662125,3832753.21375,-9.73,19.0718895019,28.8018895019
340690.158375,3832757.44,1.28,37.8661811585,36.5861811585
340691.69625,3832761.7875,8.36,23.3378938402,14.9778938402
340693.194625,3832766.02,38.36,48.1537189313,9.79371893129
340694.664375,3832770.335,73.1,39.1875555684,-33.9124444316
340696.157125,3832774.54625,-5.73,28.1440217913,33.8740217913
340697.63675,3832778.7225,43.52,24.7967106125,-18.7232893875
340699.155375,3832783.0125,51.38,38.1197391244,-13.2602608756
340649.202375,3832650.48125,-10.29,29.4287679119,39.7187679119
340650.703625,3832654.72,26.27,38.6131850779,12.3431850779
340652.245375,3832659.07375,-18.42,31.748437937,50.168437937
340655.347125,3832667.5675,71.45,34.4562036815,-36.9937963185
340656.876125,3832671.8875,11.69,15.8329318514,4.14293185143
340658.415125,3832676.2375,65.55,39.8601724423,-25.6898275577
340661.513,3832685.0,15.47,41.6999460974,26.2299460974
340663.015375,3832689.24125,32.6,40.7593844277,8.15938442768
340666.073875,3832697.88625,12.02,36.9309826629,24.9109826629
340667.573625,3832702.12625,39.41,51.2303323841,11.8203323841
340668.995,3832706.14,15.42,39.687798596,24.267798596
340670.54075,3832710.51,59.23,47.4518205389,-11.7781794611
340672.093875,3832714.9025,17.06,32.3521929407,15.2921929407
340673.630375,3832719.24625,-6.9,37.6906595259,44.5906595259
340675.140625,3832723.51375,7.34,36.5683651846,29.2283651846
340676.64525,3832727.7675,15.6,30.6772998237,15.0772998237
340678.215,3832732.2025,-0.58,29.3068932264,29.8868932264
340679.781,3832736.63125,-44.32,6.75037329875,51.0703732987
340681.298625,3832740.92,14.36,34.814568611,20.454568611
340682.81225,3832745.1975,54.64,62.4836650035,7.84366500354
340684.357,3832749.56375,30.71,47.8965761459,17.1865761459
340685.885375,3832753.88375,40.94,49.5815288874,8.64152888736
340687.402125,3832758.1725,22.47,55.5011154654,33.0311154654
340688.935,3832762.50625,39.49,56.6145792812,17.1245792812
340690.416625,3832766.6925,25.23,49.9849470222,24.7549470222
340691.877375,3832771.0,28.84,59.4204774542,30.5804774542
340693.370625,3832775.21375,58.41,64.1191228676,5.70912286758
340694.85,3832779.3925,68.02,48.7552417972,-19.2647582028
340696.37,3832783.68375,45.99,67.8118892372,21.8218892372
340646.2765,3832651.48875,30.71,68.4742433944,37.7642433944
340647.78925,3832655.76375,77.63,82.4211552842,4.79115528425
340649.328625,3832660.11,89.77,78.2009875063,-11.5690124937
340650.865375,3832664.29125,30.72,57.6173729401,26.8973729401
340652.377625,3832668.565,71.71,73.346566651,1.63656665098
340653.902,3832672.87375,87.93,77.5522441164,-10.3777558836
340655.423375,3832677.17375,79.37,67.2342736658,-12.1357263342
340657.00725,3832681.65125,66.65,70.0040122725,3.35401227248
340658.562375,3832686.05,110.56,80.535366461,-30.024633539
340660.06425,3832690.2925,45.43,72.1675385267,26.7375385267
340661.574875,3832694.56,83.43,81.7166614227,-1.7133385773
340663.155875,3832699.0275,42.96,68.5615292166,25.6015292166
340664.65625,3832703.27,39.47,72.8094624881,33.3394624881
340666.07375,3832707.2725,92.04,78.961938474,-13.078061526
340667.621,3832711.6475,37.77,46.7647242966,8.99472429661
340669.16025,3832715.995,80.63,71.4871331749,-9.14286682509
340670.666125,3832720.2525,93.56,86.3697382994,-7.19026170064
340672.171375,3832724.5075,60.61,80.6793514561,20.0693514561
340673.698875,3832728.8225,66.85,72.1502350442,5.30023504423
340675.271625,3832733.2675,65.16,48.7832090237,-16.3767909763
340676.821875,3832737.6525,16.83,54.7322557389,37.9022557389
340678.371875,3832742.02875,103.11,79.574045149,-23.535954851
340679.882,3832746.29875,99.07,62.9011410828,-36.1688589172
340681.397625,3832750.58125,48.27,49.0430763604,0.773076360433
340682.926875,3832754.90375,58.3,67.6650591494,9.36505914941
340684.446125,3832759.1975,35.95,66.4971674763,30.5471674763
340685.98325,3832763.5425,34.96,52.5023683433,17.5423683433
340687.469,3832767.74125,50.89,12.286349562,-38.603650438
340688.943875,3832772.015,87.03,78.7701341729,-8.2598658271
340690.431625,3832776.21375,66.21,66.7819557379,0.571955737879
340691.914,3832780.4025,16.78,-13.3806265437,-30.1606265437
340693.447625,3832784.735,57.28,64.9798502781,7.69985027806
340643.636,3832652.24,73.83,69.5529610947,-4.27703890531
340645.150125,3832656.51875,77.92,85.821711933,7.90171193298
340646.6925,3832660.8725,64.08,73.8372218847,9.75722188467
340648.226125,3832665.0975,52.67,77.600835876,24.930835876
340649.75225,3832669.41,65.4,73.1141915794,7.71419157943
340651.287375,3832673.745,35.59,71.1647154148,35.5747154148
340652.852125,3832678.1675,101.85,73.2186379934,-28.6313620066
340654.455625,3832682.7,61.0,76.2525004969,15.2525004969
340655.888875,3832686.7525,78.92,59.3084107617,-19.6115892383
340657.397625,3832691.01375,28.19,78.5449447238,50.3549447238
340658.91425,3832695.2975,57.77,68.3790031945,10.6090031945
340660.460125,3832699.6675,25.03,61.0053603985,35.9753603985
340661.97225,3832703.94,38.55,50.4797690558,11.9297690558
340663.41625,3832708.0175,80.48,71.997787361,-8.48221263901
340664.935,3832712.31375,72.23,72.61808234,0.388082340012
340666.48425,3832716.68625,62.84,68.0926622302,5.25266223023
340668.03375,3832721.06625,113.07,107.200072637,-5.86992736316
340669.54275,3832725.33,62.46,60.6552896435,-1.80471035655
340671.04675,3832729.58,98.38,84.3041029969,-14.0758970031
340672.59575,3832733.9575,47.26,69.093177805,21.833177805
340674.152,3832738.35625,44.19,74.1602575876,29.9702575876
340675.687375,3832742.69125,34.69,26.396065834,-8.29393416596
340677.20275,3832746.975,7.61,39.843603661,32.233603661
340678.7355,3832751.30875,43.42,54.942846495,11.522846495
340680.24925,3832755.58375,44.22,76.4968582021,32.2768582021
340681.799,3832759.96,54.13,42.6721979826,-11.4578020174
340683.34025,3832764.3175,48.36,62.0940064477,13.7340064477
340684.823375,3832768.5075,35.2,82.3411970475,47.1411970475
340686.320375,3832772.8125,52.22,51.7062695302,-0.513730469821
340687.81475,3832777.03125,95.43,82.2401946575,-13.1898053425
340689.293625,3832781.2075,64.11,52.1216788144,-11.9883211856
340690.804875,3832785.47875,94.74,82.75337365,-11.98662635
340640.976125,3832653.20375,5.33,44.1985675741,38.8685675741
340642.502375,3832657.525,43.49,76.5674242889,33.0774242889
340644.052625,3832661.91125,87.7,83.1133003887,-4.58669961131
340645.566125,3832666.13875,62.5,77.3374146735,14.8374146735
340647.087125,3832670.44375,63.89,39.2470936039,-24.6429063961
340648.619625,3832674.7825,35.63,59.5082885613,23.8782885613
340650.1365,3832679.07625,88.98,78.3611846903,-10.6188153097
340651.697,3832683.49125,26.78,42.2132848455,15.4332848455
340653.214375,3832687.79,43.07,79.0886234584,36.0186234584
340654.725,3832692.06375,71.43,74.1095669317,2.67956693175
340656.246625,3832696.37125,71.49,81.4159231038,9.92592310376
340657.7895,3832700.73625,31.76,69.2057337564,37.4457337564
340659.2865,3832704.975,33.4,65.7256039917,32.3256039917
340660.7295,3832709.055,93.38,75.2776250123,-18.1023749877
340662.29025,3832713.475,82.13,73.4698734228,-8.66012657721
340663.821,3832717.81,-0.8,50.6273619971,51.4273619971
340665.330125,3832722.0775,-27.71,53.7286657146,81.4386657146
340666.847875,3832726.37625,55.16,62.8755223535,7.71552235353
340668.37075,3832730.6875,80.32,66.6809994839,-13.6390005161
340669.939,3832735.1225,68.46,55.2340888134,-13.2259111866
340671.4645,3832739.44125,79.18,71.5529439977,-7.62705600234
340672.968625,3832743.7,40.35,40.8902909089,0.54029090887
340674.511,3832748.065,78.06,62.8340548893,-15.2259451107
340676.05175,3832752.425,65.86,53.7905874608,-12.0694125392
340677.583875,3832756.76125,57.34,85.2947495133,27.9547495133
340679.118375,3832761.02667,71.42,78.3687340835,6.9487340835
340680.62775,3832765.3775,61.77,55.9654775052,-5.80452249484
340682.091875,3832769.5225,115.67,77.8041943097,-37.8658056903
340683.581375,3832773.7775,89.99,68.3257534114,-21.6642465886
340685.078125,3832778.01625,79.84,59.9018978028,-19.9381021972
340686.5475,3832782.17125,71.02,74.85548554,3.83548554003
340688.069125,3832786.48125,81.62,80.2376692329,-1.38233076707
340637.955,3832654.18375,-25.88,20.1341273035,46.0141273035
340639.4715,3832658.47875,88.94,70.1838556286,-18.7561443714
340640.99,3832662.78,16.57,51.760995725,35.190995725
340642.495875,3832667.0325,40.81,49.3685486239,8.55854862387
340644.03175,3832671.3825,72.62,73.3762140869,0.756214086874
340645.535125,3832675.64,119.93,72.2546845343,-47.6753154657
340647.059625,3832679.955,73.78,81.4274116511,7.64741165107
340648.620375,3832684.37625,91.63,74.2834474737,-17.3465525263
340650.127625,3832688.645,73.9,80.7757354591,6.87573545914
340651.645625,3832692.9425,70.22,70.4349926695,0.214992669483
340653.163875,3832697.2425,43.09,76.3994956689,33.3094956689
340654.699875,3832701.59,25.98,53.2630849972,27.2830849972
340656.2,3832705.8375,56.19,74.8405751551,18.6505751551
340657.56575,3832709.7,91.96,64.5148197347,-27.4451802653
340659.14625,3832714.1825,60.96,68.1580821986,7.19808219865
340660.722875,3832718.645,-7.96,5.91582875233,13.8758287523
340662.266375,3832723.01375,46.02,47.1458359795,1.12583597947
340663.786125,3832727.32,51.47,41.6630635543,-9.80693644572
340665.282,3832731.5525,84.52,78.9370922706,-5.58290772939
340666.843375,3832735.9775,51.91,80.1821766969,28.2721766969
340668.392125,3832740.35875,-14.01,46.5458182411,60.5558182411
340669.88575,3832744.58875,58.81,37.2223257169,-21.5876742831
340671.3905,3832748.84875,70.44,69.1843403741,-1.25565962588
340672.938,3832753.23375,73.74,35.8561991114,-37.8838008886
340674.485375,3832757.61375,104.97,77.3236611118,-27.6463388882
340676.015625,3832761.9475,-1.64,10.7858258389,12.4258258389
340677.5485,3832766.28875,0.3,75.2024588253,74.9024588253
340679.03525,3832770.49875,52.68,47.9891271767,-4.69087282333
340680.513875,3832774.6975,34.98,77.9401965263,42.9601965263
340682.012875,3832778.94375,87.42,86.6594390523,-0.760560947746
340683.5095,3832783.1825,77.14,85.4277370448,8.28773704481
340685.032125,3832787.49,148.74,80.9336362966,-67.8063637034
340635.399875,3832654.99125,82.09,78.4679177125,-3.62208228749
340636.933375,3832659.34,97.76,60.1322995796,-37.6277004204
340638.472125,3832663.705,105.94,76.8064806278,-29.1335193722
340639.949875,3832667.94875,75.32,71.3192110746,-4.00078892538
340641.477125,3832672.2775,86.87,77.9019797629,-8.96802023711
340642.987875,3832676.56375,98.57,73.7150952606,-24.8549047394
340644.519125,3832680.90625,55.97,75.6031712399,19.6331712399
340646.084875,3832685.34625,59.22,70.5678217507,11.3478217507
340647.592875,3832689.625,68.46,67.1623852287,-1.29761477133
340649.10725,3832693.91875,143.97,77.3863945505,-66.5836054495
340650.636375,3832698.2575,61.36,84.8351997994,23.4751997994
340652.169625,3832702.6025,16.01,69.6701115636,53.6601115636
340653.661,3832706.8325,52.68,40.474362995,-12.205637005
340655.1325,3832711.00875,71.14,48.0281702647,-23.1118297353
340656.6615,3832715.34375,95.46,81.174400952,-14.285599048
340658.14875,3832719.56,60.49,72.4282824515,11.9382824515
340659.686375,3832723.9225,74.82,78.643242182,3.82324218201
340661.231625,3832728.305,57.98,66.7266845037,8.74668450369
340662.716625,3832732.51625,62.78,72.9939507155,10.2139507155
340664.277,3832736.94125,91.89,75.2564092981,-16.6335907019
340665.84125,3832741.37625,79.51,78.6245243043,-0.885475695692
340667.355875,3832745.67125,45.89,69.9568350869,24.0668350869
340668.878375,3832749.9925,68.75,68.7424887428,-0.00751125716961
340670.395,3832754.29375,79.15,80.4631423199,1.3131423199
340671.911625,3832758.59375,132.62,82.8863276891,-49.7336723109
340673.438875,3832762.92625,96.76,92.1739870426,-4.58601295742
340674.97825,3832767.29,92.65,81.9445654603,-10.7054345397
340676.464125,3832771.5075,61.28,87.6147414252,26.3347414252
340677.929875,3832775.64,43.48,64.7655624235,21.2855624235
340679.420875,3832779.87125,60.8,75.2958313396,14.4958313396
340680.9095,3832784.095,110.39,80.4680230851,-29.9219769149
340682.438,3832788.42875,96.44,83.7903527511,-12.6496472489
340632.633,3832655.93875,95.9,57.1946079518,-38.7053920482
340634.163875,3832660.27875,72.5,71.4998396322,-1.00016036778
340635.693625,3832664.61625,140.28,71.1117579068,-69.1682420932
340637.157625,3832668.89,90.91,66.8837987469,-24.0262012531
340638.687875,3832673.22375,58.77,57.6428137782,-1.12718622182
340640.201,3832677.5125,80.18,79.7706747545,-0.409325245477
340641.731,3832681.84625,69.61,81.8822298613,12.2722298613
340643.294,3832686.27625,66.08,70.3358064929,4.25580649295
340644.790625,3832690.52,39.7,82.8595923847,43.1595923847
340646.302625,3832694.8,76.52,70.3480130891,-6.17198691095
340647.833625,3832699.1375,58.38,46.5097818928,-11.8702181072
340649.374375,3832703.50375,40.75,61.7276009916,20.9776009916
340650.88125,3832707.7725,80.16,60.4666946267,-19.6933053733
340652.339,3832711.91,50.46,56.25539625,5.79539624998
340653.87325,3832716.25,72.01,76.5510632359,4.54106323591
340655.391,3832720.5525,95.1,83.4282727116,-11.6717272884
340656.91,3832724.85625,35.09,74.0489757498,38.9589757498
340658.419875,3832729.13375,91.92,88.1296129056,-3.79038709442
340659.93075,3832733.4175,39.62,79.5493046148,39.9293046148
340661.489375,3832737.8325,80.45,77.0891182599,-3.36088174009
340663.031,3832742.2,53.8,92.8681818404,39.0681818404
340664.541125,3832746.48,67.15,79.9926125285,12.8426125285
340666.07275,3832750.8175,42.61,79.950025606,37.340025606
340667.604,3832755.15625,172.68,84.4933106706,-88.1866893294
340669.126125,3832759.47,101.07,86.294596539,-14.775403461
340670.655625,3832763.8025,49.88,74.8551419651,24.9751419651
340672.183,3832768.1325,130.96,83.2067471328,-47.7532528672
340673.672625,3832772.3525,73.91,88.5791226663,14.6691226663
340675.167625,3832776.52,101.6,81.959534749,-19.640465251
340676.674,3832780.79125,94.88,66.2099344849,-28.6700655151
340678.171125,3832785.0375,144.34,92.8960320569,-51.4439679431
340679.697375,3832789.36375,83.6,74.9454261336,-8.65457386639
340629.882625,3832656.90125,47.96,77.757786798,29.797786798
340631.42475,3832661.27375,15.04,65.8262324427,50.7862324427
340632.94275,3832665.5825,76.13,80.8611385793,4.73113857929
340634.385875,3832669.81125,77.24,75.4212961115,-1.81870388846
340635.932,3832674.1975,9.77,3.89486246108,-5.87513753892
340637.455625,3832678.515,97.63,80.1810948677,-17.4489051323
340638.984375,3832682.8475,126.12,81.3645854903,-44.7554145097
340640.526625,3832687.22125,109.08,75.3729178073,-33.7070821927
340642.012375,3832691.435,91.62,77.3823726888,-14.2376273112
340643.53675,3832695.75375,77.36,77.4616396644,0.101639664418
340645.064625,3832700.085,68.11,75.0661907356,6.95619073559
340646.598625,3832704.4325,56.87,38.0703104989,-18.7996895011
340648.12275,3832708.75375,57.92,80.1402891638,22.2202891638
340649.57025,3832712.86,64.24,81.3214665245,17.0814665245
340651.0775,3832717.13,69.88,75.1365121969,5.25651219693
340652.61875,3832721.495,39.33,63.9555888317,24.6255888317
340654.148375,3832725.8325,91.78,93.091925361,1.31192536103
340655.6605,3832730.12,64.21,75.6136448594,11.4036448594
340657.16625,3832734.39,113.66,79.0545758746,-34.6054241254
340658.72775,3832738.815,54.02,41.7240753651,-12.2959246349
340660.263875,3832743.16875,43.1,77.3589906041,34.2589906041
340661.764375,3832747.42125,72.55,78.6483006004,6.0983006004
340663.30175,3832751.77625,56.25,56.7931966422,0.543196642154
340664.83525,3832756.1275,89.35,78.9828118868,-10.3671881132
340666.353,3832760.43125,108.8,76.9730465743,-31.8269534257
340667.888625,3832764.7825,39.94,66.9809314202,27.0409314202
340669.43025,3832769.15,109.76,75.0990650865,-34.6609349135
340670.897,3832773.30875,66.43,83.4563273591,17.0263273591
340672.388375,3832777.4575,67.6,81.506722367,13.906722367
340673.901375,3832781.75125,60.91,60.8805334399,-0.029466560136
340675.39175,3832785.9775,131.7,69.7752827262,-61.9247172738
340676.917125,3832790.305,80.23,60.7690025256,-19.4609974744
340627.53225,3832657.50625,61.16,71.580228228,10.420228228
340629.068375,3832661.875,79.19,77.0223217472,-2.16767825275
340630.598625,3832666.225,42.98,75.3749015004,32.3949015004
340632.05525,3832670.565,48.77,64.962089902,16.192089902
340633.590625,3832674.9275,69.25,76.366890871,7.11689087099
340635.089375,3832679.185,82.24,19.6639075996,-62.5760924004
340636.611625,3832683.51125,24.23,70.6168282316,46.3868282316
340638.169,3832687.93375,119.66,72.6327246698,-47.0272753302
340639.659375,3832692.17,62.58,75.9669429267,13.3869429267
340641.182875,3832696.49875,60.69,48.6277675123,-12.0622324877
340642.739125,3832700.92,92.21,43.6565634582,-48.5534365418
340644.263,3832705.25,35.53,62.1638040991,26.6338040991
340645.754,3832709.485,99.89,83.3522403335,-16.5377596665
340647.22075,3832713.655,103.84,71.5288621301,-32.3111378699
340648.73525,3832717.95625,101.49,56.300282604,-45.189717396
340650.2285,3832722.19875,66.52,75.2313668123,8.71136681225
340651.735125,3832726.47625,70.08,76.381189473,6.30118947302
340654.779,3832735.125,60.12,68.8485246233,8.72852462334
340656.331875,3832739.5375,114.14,78.0858625247,-36.0541374753
340657.874,3832743.91875,40.94,45.8348516255,4.89485162547
340659.345875,3832748.0975,51.48,84.2996932131,32.8196932131
340660.87925,3832752.4575,78.33,76.9686191206,-1.36138087945
340662.41725,3832756.82875,80.97,68.2241585451,-12.7458414549
340663.910625,3832761.06875,93.32,83.6476575302,-9.67234246978
340665.424125,3832765.37,51.56,85.1814251873,33.6214251873
340666.945125,3832769.69125,83.98,94.9300978875,10.9500978875
340671.491375,3832782.49625,112.74,83.5791888265,-29.1608111735
340672.9935,3832786.7675,91.26,49.6269668596,-41.6330331404
340674.523375,3832791.11875,35.02,91.1881894877,56.1681894877
340624.234125,3832658.58875,67.01,75.7966696618,8.78666966179
340625.7845,3832662.98875,89.36,82.3475002996,-7.01249970043
340627.303,3832667.29875,56.48,49.2773442751,-7.20265572495
340628.728875,3832671.58625,69.16,56.4449194859,-12.7150805141
340630.27925,3832675.9825,83.88,73.519261379,-10.360738621
340631.779875,3832680.23875,64.96,74.6451332328,9.68513323277
340633.286875,3832684.515,108.2,64.0395817019,-44.1604182981
340634.842125,3832688.92375,14.61,55.2595905819,40.6495905819
340636.346375,3832693.195,53.5,44.9410699083,-8.55893009172
340637.867625,3832697.505,91.6,69.4167585132,-22.1832414868
340639.41575,3832701.8975,110.59,79.0934391299,-31.4965608701
340640.946125,3832706.23625,96.61,84.5660458005,-12.0439541995
340642.45775,3832710.5275,25.91,53.6867741062,27.7767741062
340643.94725,3832714.7525,101.08,77.2454718426,-23.8345281574
340645.47175,3832719.0725,58.81,65.4845063376,6.67450633755
340646.977875,3832723.3475,117.0,79.0294302224,-37.9705697776
340648.488125,3832727.63,64.27,70.3048026235,6.03480262354
340649.986625,3832731.87875,99.59,57.5284907742,-42.0615092258
340651.487375,3832736.135,73.19,74.5837821348,1.39378213478
340653.05175,3832740.575,55.43,49.6867681741,-5.74323182594
340654.60175,3832744.97125,76.47,74.0668806469,-2.40311935311
340656.089625,3832749.19125,86.32,79.7706807539,-6.54931924612
340657.6235,3832753.54,76.21,72.2838979122,-3.92610208776
340659.15425,3832757.88375,134.93,82.2470180827,-52.6829819173
340660.661875,3832762.15875,78.37,81.8326430934,3.46264309342
340662.201375,3832766.525,49.52,65.1222630249,15.6022630249
340663.73025,3832770.8625,57.28,78.8267233034,21.5467233034
340666.738375,3832779.2525,104.46,71.5146523948,-32.9453476052
340668.270625,3832783.60625,121.68,76.3634690908,-45.3165309092
340669.75875,3832787.8325,99.76,77.229382038,-22.530617962
340671.285125,3832792.16375,65.43,89.3233383884,23.8933383884
340621.4805,3832659.50875,49.86,71.2602288956,21.4002288956
340623.016125,3832663.86875,61.74,74.5134368005,12.7734368005
340624.525375,3832668.155,23.34,36.16144775,12.82144775
340625.950625,3832672.4975,42.27,86.6943825207,44.4243825207
340627.499875,3832676.89125,95.6,75.3819866202,-20.2180133798
340628.994,3832681.13,67.31,72.781638258,5.47163825795
340630.51275,3832685.43625,118.16,62.7779327596,-55.3820672404
340632.074375,3832689.86625,-31.91,21.0219606146,52.9319606146
340633.540375,3832694.025,29.61,75.4690912267,45.8590912267
340635.0685,3832698.35875,53.78,56.9481564318,3.16815643176
340636.645375,3832702.82875,58.85,68.8299124785,9.97991247855
340638.184375,3832707.1925,90.56,84.4561794836,-6.10382051641
340639.71675,3832711.5425,42.89,69.3470945272,26.4570945272
340641.08625,3832715.4275,49.15,60.9485233158,11.7985233158
340642.62875,3832719.8025,111.65,103.817757922,-7.83224207809
340644.16825,3832724.165,81.09,71.3438424071,-9.74615759285
340645.693,3832728.49125,29.07,77.5268903555,48.4568903555
340647.192625,3832732.745,58.45,71.5862201132,13.1362201132
340648.6705,3832736.935,61.87,77.0920002728,15.2220002728
340650.218,3832741.32375,88.8,79.4855897273,-9.31441027271
340651.772625,3832745.73375,127.8,76.8943763126,-50.9056236874
340653.279875,3832750.00625,135.06,83.3585648213,-51.7014351787
340656.31525,3832758.61625,117.46,64.6127180141,-52.8472819859
340657.872875,3832763.03625,110.84,82.4468036535,-28.3931963465
340660.93475,3832771.72,68.13,38.7119091894,-29.4180908106
340662.431625,3832775.96375,62.35,66.1823531948,3.83235319477
340663.912875,3832779.9875,56.43,73.1470438894,16.7170438894
340665.419375,3832784.26875,104.74,84.4539995048,-20.2860004952
340666.954,3832788.6275,120.46,47.9147801231,-72.5452198769
340668.4875,3832792.9825,81.4,86.0592868101,4.65928681008
340618.7585,3832660.45625,88.02,58.2900427244,-29.7299572756
340620.315125,3832664.88,56.51,80.6684118815,24.1584118815
340621.827625,3832669.1775,59.13,60.7269131272,1.59691312723
340623.205125,3832673.43125,101.26,10.4787120353,-90.7812879647
340624.725625,3832677.7475,88.93,81.8315312393,-7.09846876074
340626.198625,3832681.93,80.0,57.6966547219,-22.3033452781
340627.723625,3832686.26,89.45,65.9062910648,-23.5437089352
340629.3,3832690.73625,97.6,80.1729094499,-17.4270905501
340630.808125,3832695.02,90.73,79.1254035945,-11.6045964055
340632.313875,3832699.29125,117.77,87.2349439468,-30.5350560532
340633.839125,3832703.625,68.4,84.6320078983,16.2320078983
340635.340375,3832707.8875,96.28,79.0727397112,-17.2072602888
340636.861,3832712.205,63.71,75.3156688532,11.6056688532
340638.37475,3832716.505,78.69,66.6198001873,-12.0701998127
340639.8745,3832720.76125,103.48,71.8969131926,-31.5830868074
340641.352,3832724.955,85.41,86.0927362118,0.682736211832
340642.852875,3832729.215,66.02,71.5751173579,5.55511735791
340644.363125,3832733.5025,64.08,66.7242109974,2.64421099742
340645.885,3832737.825,104.23,71.4391244655,-32.7908755345
340647.443625,3832742.2475,90.5,90.7280307772,0.22803077722
340648.97425,3832746.59625,71.26,65.0174549064,-6.24254509359
340650.489375,3832750.8975,61.93,89.3363229964,27.4063229964
340652.0315,3832755.275,83.81,92.1821064059,8.37210640591
340653.53,3832759.53,115.17,78.2861600504,-36.8838399496
340655.017375,3832763.75125,96.67,80.6147466722,-16.0552533278
340656.56675,3832768.1525,51.24,39.4653864464,-11.7746135536
340658.10225,3832772.5125,68.67,81.4362361752,12.7662361752
340659.613625,3832776.8025,92.19,57.1431055756,-35.0468944244
340661.128625,3832780.90125,59.41,85.3998300881,25.9898300881
340662.62325,3832785.15625,68.41,84.6937774419,16.2837774419
340664.142625,3832789.4725,51.91,62.7770596246,10.8670596246
340665.680375,3832793.84625,81.66,90.1946249346,8.53462493464
340616.063625,3832661.39375,112.49,58.1945397038,-54.2954602962
340617.624,3832665.83625,-35.63,24.5821516284,60.2121516284
340619.142,3832670.15625,65.73,56.9573254911,-8.77267450888
340620.484625,3832674.4975,59.31,46.0148658174,-13.2951341826
340622.028,3832678.8825,134.98,78.6379988051,-56.3420011949
340623.525625,3832683.13625,68.63,73.5965838273,4.96658382727
340625.046625,3832687.45625,57.67,62.3630632181,4.6930632181
340626.593625,3832691.85,84.69,76.9967983081,-7.69320169187
340628.068,3832696.04,88.34,74.8854847144,-13.4545152856
340629.59,3832700.36,36.0,48.4635243543,12.4635243543
340631.148375,3832704.7875,36.92,69.8851655939,32.9651655939
340632.675125,3832709.12375,80.75,55.4600747876,-25.2899252124
340634.18875,3832713.4225,153.63,78.7425870269,-74.8874129731
340635.683,3832717.67,76.73,61.0639400246,-15.6660599754
340637.205625,3832721.99,65.96,74.2942183249,8.3342183249
340638.688,3832726.2025,80.9,77.7184244328,-3.18157556723
340640.189625,3832730.4675,58.92,77.2667202765,18.3467202765
340641.699,3832734.75625,32.0,58.2344776836,26.2344776836
340643.21625,3832739.0625,94.09,81.5875579809,-12.5024420191
340644.764,3832743.4625,92.61,80.2491974144,-12.3608025856
340646.281,3832747.77,81.96,85.1215424113,3.16154241134
340647.784,3832752.03875,127.6,80.3152043027,-47.2847956973
340649.33275,3832756.4375,77.46,76.7223879221,-0.737612077925
340652.367,3832765.05625,171.58,82.469678301,-89.110321699
340653.908875,3832769.43625,92.59,80.3873979961,-12.2026020039
340655.43,3832773.75625,62.71,77.7836003286,15.0736003286
340656.929,3832778.0125,89.35,90.6344994165,1.28449941645
340658.457625,3832782.05,86.74,67.6225540217,-19.1174459783
340659.977375,3832786.37,78.85,86.3491462685,7.49914626845
340661.493,3832790.6825,45.68,70.8406465559,25.1606465559
340663.024375,3832795.04375,90.59,93.0607231041,2.47072310412
340613.23575,3832662.39625,102.36,85.7269317305,-16.6330682695
340614.796375,3832666.8475,92.53,87.5380889789,-4.99191102109
340616.304125,3832671.15,43.99,47.7020991839,3.71209918394
340617.650875,3832675.42875,54.62,75.8160722026,21.1960722026
340619.187375,3832679.80625,73.99,70.5555012842,-3.43449871578
340620.686375,3832684.0725,51.72,57.8288434074,6.10884340745
340622.216,3832688.43,56.07,45.5925297948,-10.4774702052
340623.75,3832692.79875,66.28,66.959585542,0.679585542014
340625.220125,3832696.9875,83.79,83.5710040546,-0.218995945363
340626.743125,3832701.32375,114.09,79.810278042,-34.279721958
340628.271125,3832705.675,83.62,76.5999076583,-7.02009234166
340629.78525,3832709.9875,58.3,55.4369733618,-2.86302663824
340631.33475,3832714.4,64.3,24.3152814754,-39.9847185246
340632.895,3832718.8475,152.16,79.7921634542,-72.3678365458
340634.4145,3832723.175,108.64,55.0511052161,-53.5888947839
340635.84725,3832727.25375,67.33,73.5032869902,6.1732869902
340637.315125,3832731.43375,63.77,78.9241658638,15.1541658638
340638.805625,3832735.68,74.37,80.1191297155,5.74912971555
340640.33175,3832740.02625,54.62,68.994427492,14.374427492
340641.882375,3832744.4425,49.31,81.9356144208,32.6256144208
340644.821875,3832752.81125,107.62,84.6955262486,-22.9244737514
340646.4035,3832757.31625,88.95,82.933267893,-6.01673210703
340647.97725,3832761.80125,50.95,61.5418840267,10.5918840267
340649.515375,3832766.18375,109.93,87.6450207865,-22.2849792135
340651.044625,3832770.5375,25.36,45.1446193979,19.7846193979
340652.5265,3832774.7575,74.97,74.0591857053,-0.910814294727
340654.004125,3832778.96625,61.78,76.6997568835,14.9197568835
340655.521625,3832783.03,53.57,60.5832442767,7.01324427666
340657.052125,3832787.39375,66.52,74.7195039957,8.19950399566
340658.55675,3832791.685,83.72,82.6753452517,-1.04465474833
340660.073125,3832796.0125,94.93,81.6259677548,-13.3040322452
340610.547125,3832663.24375,83.53,79.2266822209,-4.30331777915
340612.118125,3832667.71875,58.03,79.2873101786,21.2573101786
340613.646,3832672.0675,67.28,79.0403145344,11.7603145344
340614.965625,3832676.32125,105.26,69.515697832,-35.744302168
340616.48875,3832680.6525,76.14,74.3011854023,-1.83881459774
340617.996625,3832684.9375,81.65,81.9088778475,0.258877847499
340619.537875,3832689.32125,65.0,66.7160110086,1.71601100858
340621.106625,3832693.77875,65.57,50.2064853336,-15.3635146664
340622.555875,3832697.9,47.16,69.3936688912,22.2336688912
340624.027,3832702.07875,80.73,73.6423803422,-7.08761965776
340625.605375,3832706.57,45.7,37.8861086807,-7.81389131932
340627.147625,3832710.95375,74.41,85.0098749256,10.5998749256
340628.64725,3832715.21625,51.82,66.7084490467,14.8884490467
340630.185,3832719.59,76.02,81.104876003,5.084876003
340631.71875,3832723.94875,36.93,59.0531895538,22.1231895538
340633.173875,3832728.085,57.06,69.9381973454,12.8781973454
340634.65825,3832732.305,76.79,78.7778358472,1.98783584723
340636.123875,3832736.47,31.33,81.6037530929,50.2737530929
340637.669375,3832740.865,125.17,78.4819597136,-46.6880402864
340639.241,3832745.3325,82.28,70.0620494947,-12.2179505053
340640.75175,3832749.62625,81.79,84.0585551419,2.26855514192
340642.245375,3832753.87,72.73,76.1767162892,3.44671628917
340643.80725,3832758.3125,28.03,63.3893195984,35.3593195984
340645.3425,3832762.67625,63.94,60.5813933678,-3.35860663222
340646.855875,3832766.97875,89.75,71.7364895516,-18.0135104484
340648.389875,3832771.34,63.18,61.1723972863,-2.00760271371
340649.91325,3832775.67,114.85,84.2390343537,-30.6109656463
340652.928375,3832783.9475,61.83,77.147979427,15.317979427
340654.479125,3832788.35875,71.92,82.8763873083,10.9563873083
340655.99875,3832792.69125,-22.63,10.8002246565,33.4302246565
340657.538625,3832797.07375,69.01,92.9098519636,23.8998519636
340607.779,3832664.17125,100.31,83.240494749,-17.069505251
340609.35375,3832668.65875,108.9,83.2146046229,-25.6853953771
340610.868875,3832672.98125,95.84,73.7375553389,-22.1024446611
340612.205625,3832677.325,59.07,38.046185131,-21.023814869
340613.753125,3832681.73,92.6,80.5517145252,-12.0482854748
340615.2385,3832685.955,96.66,71.4643972964,-25.1956027036
340616.778375,3832690.3375,38.28,53.3340607515,15.0540607515
340618.323625,3832694.73375,65.43,75.2282894829,9.79828948286
340619.778375,3832698.8725,59.8,60.1655073956,0.365507395608
340621.287375,3832703.165,88.14,91.3543661785,3.2143661785
340622.86475,3832707.6525,66.4,77.8113947985,11.4113947985
340624.396625,3832712.01,97.95,85.8197558422,-12.1302441578
340625.90075,3832716.29,75.2,59.0578515222,-16.1421484778
340627.42075,3832720.615,68.29,52.4220076925,-15.8679923075
340628.9315,3832724.91,10.59,51.574659238,40.984659238
340630.395,3832729.075,61.05,55.6105491919,-5.43945080811
340631.888375,3832733.32375,86.66,71.0508558397,-15.6091441603
340633.418375,3832737.67875,-7.64,11.8522316549,19.4922316549
340634.9465,3832742.025,75.66,48.0374034889,-27.6225965111
340636.462125,3832746.33875,90.43,77.5337198749,-12.8962801251
340637.95825,3832750.59125,42.99,79.7333023005,36.7433023005
340639.458375,3832754.86125,48.85,37.0579380264,-11.7920619736
340641.01425,3832759.2875,120.4,80.1057261126,-40.2942738874
340642.52075,3832763.575,99.84,82.238777849,-17.601222151
340644.036125,3832767.88625,68.2,85.7394268175,17.5394268175
340645.585875,3832772.295,51.58,86.3747620313,34.7947620313
340647.09425,3832776.585,73.86,81.6633644063,7.80336440629
340648.617,3832780.9175,70.75,79.0639375137,8.31393751373
340650.159625,3832784.9875,58.86,51.4186718046,-7.44132819538
340651.685875,3832789.33625,94.5,83.0535590934,-11.4464409066
340653.209625,3832793.6825,141.21,84.2582570238,-56.9517429762
340654.72975,3832798.01,68.33,80.3311705764,12.0011705764
340605.045625,3832665.13125,64.68,80.4433695515,15.7633695515
340606.630375,3832669.6475,54.31,66.5260759272,12.2160759272
340608.150375,3832673.9825,60.77,77.2511521815,16.4811521815
340609.4685,3832678.33625,83.28,75.0132745706,-8.26672542942
340611.022125,3832682.75625,50.62,77.4692742183,26.8492742183
340612.509625,3832686.98875,122.76,76.6537079443,-46.1062920557
340614.016625,3832691.27875,59.91,72.8917963053,12.9817963053
340616.998875,3832699.765,67.59,64.0522228815,-3.53777711853
340618.518,3832704.08625,42.95,67.9071259092,24.9571259092
340620.100375,3832708.585,65.32,65.8990649257,0.579064925708
340621.615375,3832712.8975,56.05,82.3836107229,26.3336107229
340623.125625,3832717.195,49.0,86.4021962778,37.4021962778
340624.6535,3832721.5425,94.53,71.5623276006,-22.9676723994
340626.1835,3832725.8975,153.94,79.6410250036,-74.2989749964
340627.64125,3832730.045,27.94,48.4343717647,20.4943717647
340629.127875,3832734.2725,23.01,66.7963575086,43.7863575086
340630.627125,3832738.54,90.08,84.0438102058,-6.03618979416
340632.1465,3832742.8625,70.24,60.8803147416,-9.3596852584
340633.69625,3832747.27,100.37,73.2600041151,-27.1099958849
340635.190125,3832751.51875,90.0,70.8214759247,-19.1785240753
340636.701375,3832755.81875,84.92,75.5978421643,-9.32215783567
340638.263,3832760.26375,75.9,62.2931308176,-13.6068691824
340639.77275,3832764.56125,98.68,74.1358975122,-24.5441024878
340641.294625,3832768.88875,63.02,90.6954031646,27.6754031646
340642.834375,3832773.27,60.19,81.4691718968,21.2791718968
340644.344,3832777.56625,31.24,32.7857250107,1.5457250107
340645.861375,3832781.88375,30.47,39.412905487,8.94290548697
340647.391875,3832785.8825,-0.36,27.1889158337,27.5489158337
340650.44125,3832794.5775,61.25,38.5574777724,-22.6925222276
340651.993875,3832799.00375,29.62,41.4568030978,11.8368030978
340606.530125,3832679.2425,89.72,47.7319509296,-41.9880490704
340608.10625,3832683.705,44.18,36.0044173542,-8.17558264583
340609.595375,3832687.9175,-3.9,21.9565978475,25.8565978475
340611.088,3832692.145,19.84,26.532559228,6.69255922802
340612.628125,3832696.50375,49.41,42.1823895128,-7.22761048722
340614.112375,3832700.7025,56.53,31.1262856992,-25.4037143008
340615.668875,3832705.10625,2.74,20.1063698517,17.3663698517
340617.252125,3832709.585,3.08,45.6610778766,42.5810778766
340618.78075,3832713.91375,-4.24,23.7602735722,28.0002735722
340620.303,3832718.2225,-7.53,37.1855458057,44.7155458057
340621.81575,3832722.505,39.84,37.7440462728,-2.0959537272
340623.33925,3832726.81875,34.2,38.0608837372,3.86088373716
340624.8045,3832730.965,44.5,37.2754919496,-7.22450805044
340627.81625,3832739.4875,-6.84,30.8200972705,37.6600972705
340629.34825,3832743.825,4.48,34.3132147563,29.8332147563
340632.39275,3832752.44375,36.45,34.5790800124,-1.87091998763
340633.916125,3832756.7525,63.17,37.1740985009,-25.9959014991
340635.48925,3832761.205,26.41,48.1391920651,21.7291920651
340636.992875,3832765.46125,58.9,43.5556976194,-15.3443023806
340640.081375,3832774.2025,26.41,40.2721938532,13.8621938532
340643.126125,3832782.82,19.44,33.4575195655,14.0175195655
340603.900875,3832680.13625,68.81,40.1567179626,-28.6532820374
340605.456875,3832684.5825,56.11,37.811088384,-18.298911616
340606.934875,3832688.8025,9.22,42.2944027232,33.0744027232
340608.442375,3832693.11125,0.33,36.8815582071,36.5515582071
340611.386375,3832701.52,16.85,42.8671927231,26.0171927231
340612.9255,3832705.915,93.02,39.7987823145,-53.2212176855
340614.522625,3832710.47875,60.4,42.2906870037,-18.1093129963
340616.036375,3832714.8025,46.75,43.6018174678,-3.14818253224
340617.548,3832719.1225,15.64,30.7574547049,15.1174547049
340622.01825,3832731.89,53.15,34.3307476675,-18.8192523325
340623.51475,3832736.1675,-24.51,29.1867130399,53.6967130399
340625.029875,3832740.49625,73.69,50.5371347636,-23.1528652364
340626.547375,3832744.83,45.42,37.4908478814,-7.92915211859
340628.077875,3832749.2025,39.47,49.2367247541,9.7667247541
340629.545,3832753.395,58.46,41.1852104202,-17.2747895798
340631.045875,3832757.68125,36.52,33.6314435011,-2.88855649887
340632.6275,3832762.2,33.69,39.0869068386,5.39690683865
340634.108,3832766.42875,19.68,22.0605204954,2.38052049537
340635.585875,3832770.64875,25.94,28.8694344529,2.92943445294
340638.673,3832779.4675,51.26,40.903439927,-10.356560073
340640.1695,3832783.7425,37.18,34.2202265028,-2.9597734972
340600.827875,3832681.2025,28.99,33.7530757567,4.76307575672
340602.39125,3832685.6525,85.05,44.5507901842,-40.4992098158
340603.884875,3832689.905,32.42,38.1326608653,5.71266086525
340605.398375,3832694.2125,25.59,39.2739286575,13.6839286575
340606.91175,3832698.52125,18.37,37.5508144233,19.1808144233
340608.364625,3832702.655,27.03,43.1484279946,16.1184279946
340609.915625,3832707.07125,-4.34,25.6567968344,29.9967968344
340611.495875,3832711.5675,38.77,39.5892542263,0.819254226325
340613.004875,3832715.8625,22.19,25.4208156842,3.23081568425
340616.065,3832724.57,20.44,37.534619817,17.094619817
340619.016625,3832732.97375,-1.92,25.1484737305,27.0684737305
340620.501375,3832737.19875,15.28,21.9667388354,6.68673883538
340622.017875,3832741.515,39.27,47.5005857886,8.23058578856
340625.0645,3832750.1875,51.86,53.1652328096,1.30523280963
340626.571125,3832754.47375,-1.04,28.6490253787,29.6890253787
340628.077625,3832758.75875,44.04,38.2193019147,-5.82069808526
340631.117,3832767.4125,31.37,25.0312316629,-6.33876833707
340635.702875,3832780.4625,47.12,33.6749601675,-13.4450398325
340637.219875,3832784.78125,38.32,38.8269440154,0.506944015426
340598.253625,3832681.97625,88.64,46.1915347978,-42.4484652022
340599.815125,3832686.42625,25.48,42.3672089713,16.8872089713
340601.292,3832690.63375,47.67,20.2382098233,-27.4317901767
340604.326375,3832699.28125,64.78,52.8081461258,-11.9718538742
340607.30625,3832707.77,36.74,18.3881890759,-18.3518109241
340608.901875,3832712.3175,47.26,30.4451975963,-16.8148024037
340610.409375,3832716.61375,-39.19,22.7072296741,61.8972296741
340613.475,3832725.35,63.15,27.9469435547,-35.2030564453
340614.98225,3832729.64875,14.17,34.3408236738,20.1708236738
340617.895625,3832737.95,-5.47,22.4579003608,27.9279003608
340619.404625,3832742.2475,4.87,21.4644508917,16.5944508917
340620.92975,3832746.59625,0.61,19.7591854034,19.1491854034
340622.463625,3832750.9675,18.45,30.5106820197,12.0606820197
340625.440875,3832759.45,24.5,24.6028580784,0.102858078424
340627.013375,3832763.9325,80.35,40.707873824,-39.642126176
340628.515,3832768.21125,53.26,27.5684352046,-25.6915647954
340630.021375,3832772.50375,6.89,25.3673194376,18.4773194376
340633.093,3832781.2575,34.91,36.6907527925,1.78075279245
340634.603625,3832785.5575,-3.43,24.462788065,27.892788065
340618.14425,3832747.5375,-11.36,22.9697232926,34.3297232926
340619.676,3832751.90375,28.73,18.4141547931,-10.3158452069
340625.723,3832769.14375,5.7,40.0052387427,34.3052387427
340627.228375,3832773.43375,43.87,17.8164715189,-26.0535284811
340628.788875,3832777.8825,24.17,35.8316957569,11.6616957569
340630.301,3832782.19375,31.22,37.3729944509,6.15299445087
