gps_eastings_UTMzone17N,gps_northings_UTMzone17N,actual_TDN_OARDC,predicted_TDN_OARDC,prediction_diff
340657.36925,3832647.82625,64.55,66.6464364589,2.09643645893
340658.857125,3832652.01375,66.63,66.3956337166,-0.234366283372
340660.4055,3832656.37375,68.89,69.7999210067,0.909921006741
340662.024125,3832660.58,56.78,73.6383505554,16.8583505554
340663.54325,3832664.865,61.45,3.37835349106,-58.0716465089
340666.651625,3832673.62875,62.88,68.48861906,5.60861906005
340668.227375,3832678.07375,63.17,71.3221470868,8.15214708676
340669.763625,3832682.4025,56.58,67.9176580862,11.3376580862
340672.707375,3832690.71,60.8,53.9370236103,-6.86297638974
340674.289625,3832695.1725,67.8,78.2944778268,10.4944778268
340675.80925,3832699.4575,71.43,62.8685263689,-8.56147363108
340677.24775,3832703.51,58.32,51.5207315882,-6.79926841178
340678.79225,3832707.8675,65.03,76.887491193,11.857491193
340681.877875,3832716.5725,63.06,78.8337256817,15.7737256817
340683.3845,3832720.81875,69.82,68.7425231717,-1.07747682832
340684.892,3832725.07,68.59,73.0917931598,4.50179315978
340686.475125,3832729.535,62.81,52.480540169,-10.329459831
340688.06125,3832734.00875,63.34,77.4833380957,14.1433380957
340689.573625,3832738.275,67.15,74.3108347258,7.16083472583
340692.63525,3832746.90625,64.25,57.101192006,-7.14880799398
340694.176375,3832751.25625,68.76,74.1966132365,5.43661323648
340695.681125,3832755.5,54.31,70.4456123352,16.1356123352
340697.21225,3832759.815,65.0,76.4326149712,11.4326149712
340698.702125,3832764.0175,61.07,71.6156744208,10.5456744208
340700.151125,3832768.3325,61.79,68.788623959,6.99862395903
340701.64,3832772.52375,56.76,2.95341651851,-53.8065834815
340703.117,3832776.6825,62.59,61.1883203576,-1.40167964242
340704.637625,3832780.96875,65.06,69.6281734873,4.56817348735
340654.725375,3832648.66375,65.43,55.9524304303,-9.47756956967
340656.217,3832652.87,66.02,80.4938559508,14.4738559508
340657.762375,3832657.23,63.09,56.3017716182,-6.7882283818
340660.900375,3832665.6825,68.68,42.2534414878,-26.4265585122
340662.434625,3832670.01375,63.82,71.8800515659,8.06005156591
340663.976625,3832674.3675,59.43,-19.6299222109,-79.0599222109
340667.087125,3832683.15875,65.43,43.5640865807,-21.8659134193
340668.586375,3832687.39,65.16,70.911890175,5.75189017504
340673.13775,3832700.2425,62.34,63.0073946749,0.667394674875
340674.547,3832704.22,62.0,69.8839348007,7.88393480067
340676.096625,3832708.6,62.31,54.9680251477,-7.34197485226
340677.661,3832713.0175,61.35,72.2125815007,10.8625815007
340679.204,3832717.37625,61.4,59.2699991916,-2.1300008084
340680.714375,3832721.6425,69.48,53.4482393324,-16.0317606676
340682.21675,3832725.88375,72.41,52.4615107708,-19.9484892292
340683.79,3832730.3275,60.95,60.859500767,-0.0904992330054
340686.884375,3832739.06875,61.27,-22.0472192192,-83.3172192192
340688.39225,3832743.32375,66.52,54.61369935,-11.90630065
340689.941,3832747.7,64.13,43.7606267344,-20.3693732656
340691.471625,3832752.02375,61.61,58.7859259548,-2.82407404524
340692.984625,3832756.29625,63.57,-22.1444303541,-85.7144303541
340694.519125,3832760.63,56.7,73.1145347846,16.4145347846
340695.998,3832764.80625,65.82,71.5272503391,5.70725033913
340697.447375,3832769.16,64.7,57.9724615527,-6.72753844732
340698.936375,3832773.35625,67.62,-22.5750862213,-90.1950862213
340700.409625,3832777.5125,64.31,44.3241180213,-19.9858819787
340701.927625,3832781.79375,61.74,52.5198410042,-9.22015899581
340651.95625,3832649.77375,65.41,76.8462764706,11.4362764706
340653.442375,3832653.96875,64.2,5.05363407514,-59.1463659249
340656.590875,3832662.60875,66.43,59.4495725988,-6.98042740116
340658.10975,3832666.89625,66.19,66.6166410684,0.426641068392
340661.17275,3832675.55125,67.33,57.1504361153,-10.1795638847
340662.762625,3832680.04125,68.02,69.59083413,1.57083413001
340664.273125,3832684.315,65.4,74.7678521503,9.36785215025
340665.77825,3832688.56625,57.47,75.3514799744,17.8814799744
340667.282375,3832692.815,67.19,75.1761979529,7.98619795295
340670.33075,3832701.4225,60.87,76.7133852881,15.8433852881
340671.75075,3832705.435,65.17,81.0221235891,15.8521235891
340673.294,3832709.79625,57.34,77.5563105764,20.2163105764
340674.86025,3832714.225,67.36,81.7197716905,14.3597716905
340676.404125,3832718.5825,66.3,62.7989826898,-3.50101731015
340677.908375,3832722.835,65.85,70.8625349381,5.01253493814
340682.5475,3832735.93875,65.18,86.1955925498,21.0155925498
340684.071625,3832740.24625,62.91,61.3761768826,-1.53382311736
340685.592,3832744.54,66.14,5.57012625846,-60.5698737415
340687.1455,3832748.92875,65.92,59.3170626296,-6.60293737039
340688.662125,3832753.21375,65.84,79.0603577902,13.2203577902
340690.158375,3832757.44,64.62,80.138438261,15.518438261
340691.69625,3832761.7875,63.79,73.1578192907,9.36781929071
340693.194625,3832766.02,70.1,58.1608033345,-11.9391966655
340694.664375,3832770.335,64.98,4.15990474452,-60.8200952555
340696.157125,3832774.54625,62.92,57.0544006241,-5.8655993759
340697.63675,3832778.7225,65.1,61.3265233267,-3.77347667327
340699.155375,3832783.0125,61.15,76.728820961,15.578820961
340649.202375,3832650.48125,62.7,78.2797471944,15.5797471944
340650.703625,3832654.72,69.07,7.8413455733,-61.2286544267
340652.245375,3832659.07375,60.63,62.54133921,1.91133921003
340655.347125,3832667.5675,65.09,75.3961483655,10.3061483655
340656.876125,3832671.8875,55.21,75.4705997759,20.2605997759
340658.415125,3832676.2375,66.81,63.3470231137,-3.46297688625
340661.513,3832685.0,60.34,72.3388210503,11.9988210503
340663.015375,3832689.24125,61.72,77.985823487,16.265823487
340666.073875,3832697.88625,64.07,67.7135736454,3.64357364536
340667.573625,3832702.12625,62.63,70.3667874186,7.73678741856
340668.995,3832706.14,67.42,81.1712733407,13.7512733407
340670.54075,3832710.51,70.06,69.8220686613,-0.237931338658
340672.093875,3832714.9025,68.57,79.8607848231,11.2907848231
340673.630375,3832719.24625,60.15,60.7839349018,0.633934901848
340675.140625,3832723.51375,65.93,76.8802886615,10.9502886615
340676.64525,3832727.7675,65.87,79.5558646886,13.6858646886
340678.215,3832732.2025,62.76,-19.61283409,-82.37283409
340679.781,3832736.63125,60.63,58.1276080176,-2.50239198244
340681.298625,3832740.92,64.87,45.3861783327,-19.4838216673
340682.81225,3832745.1975,65.51,68.9254505848,3.41545058476
340684.357,3832749.56375,64.9,76.0467074441,11.1467074441
340685.885375,3832753.88375,67.02,66.9697788546,-0.0502211454246
340687.402125,3832758.1725,58.99,69.5236803826,10.5336803826
340688.935,3832762.50625,59.04,57.4345325754,-1.60546742458
340690.416625,3832766.6925,76.0,-20.8792016891,-96.8792016891
340691.877375,3832771.0,63.22,44.7657272701,-18.4542727299
340693.370625,3832775.21375,60.18,77.3620885902,17.1820885902
340694.85,3832779.3925,57.5,63.6986255826,6.19862558255
340696.37,3832783.68375,69.07,83.5552254256,14.4852254256
340646.2765,3832651.48875,62.28,59.0203596936,-3.25964030645
340647.78925,3832655.76375,59.22,62.1967110166,2.97671101659
340649.328625,3832660.11,68.44,75.3592985249,6.9192985249
340650.865375,3832664.29125,60.83,76.1312090082,15.3012090082
340652.377625,3832668.565,66.59,10.3636488762,-56.2263511238
340653.902,3832672.87375,65.5,81.1543673903,15.6543673903
340655.423375,3832677.17375,66.64,74.3113719832,7.67137198324
340657.00725,3832681.65125,62.24,77.793124662,15.553124662
340658.562375,3832686.05,61.91,78.2593841495,16.3493841495
340660.06425,3832690.2925,60.9,59.1603938503,-1.73960614971
340661.574875,3832694.56,61.26,84.1048506361,22.8448506361
340663.155875,3832699.0275,56.91,81.3754845884,24.4654845884
340664.65625,3832703.27,73.06,62.30381518,-10.75618482
340666.07375,3832707.2725,58.52,80.0559105286,21.5359105286
340667.621,3832711.6475,63.45,58.9744653621,-4.47553463792
340669.16025,3832715.995,61.63,67.6214232169,5.99142321685
340670.666125,3832720.2525,61.07,78.3649240676,17.2949240676
340672.171375,3832724.5075,71.04,80.1590372065,9.11903720652
340673.698875,3832728.8225,73.42,72.4600886778,-0.959911322187
340675.271625,3832733.2675,64.47,81.9075733948,17.4375733948
340676.821875,3832737.6525,63.56,77.4671291342,13.9071291342
340678.371875,3832742.02875,62.29,60.1202886065,-2.16971139347
340679.882,3832746.29875,63.66,60.3999436822,-3.26005631784
340681.397625,3832750.58125,65.43,79.1876582008,13.7576582008
340682.926875,3832754.90375,66.29,81.3709196755,15.0809196755
340684.446125,3832759.1975,70.48,70.0155837911,-0.464416208901
340685.98325,3832763.5425,59.08,74.0503458214,14.9703458214
340687.469,3832767.74125,59.23,79.955127691,20.725127691
340688.943875,3832772.015,64.22,7.00853499594,-57.2114650041
340690.431625,3832776.21375,64.03,72.3235383416,8.29353834159
340691.914,3832780.4025,60.15,73.0384620528,12.8884620528
340693.447625,3832784.735,61.7,72.4921013608,10.7921013608
340643.636,3832652.24,67.07,81.6340374392,14.5640374392
340645.150125,3832656.51875,70.5,67.7367250429,-2.76327495708
340646.6925,3832660.8725,59.35,69.5481209442,10.1981209442
340648.226125,3832665.0975,62.85,55.4074848303,-7.44251516965
340649.75225,3832669.41,74.29,63.8858419822,-10.4041580178
340651.287375,3832673.745,76.25,80.1084924733,3.85849247331
340652.852125,3832678.1675,55.51,76.6986191722,21.1886191722
340654.455625,3832682.7,64.59,78.1692363343,13.5792363343
340655.888875,3832686.7525,65.55,9.31774575856,-56.2322542414
340657.397625,3832691.01375,59.69,80.8544328912,21.1644328912
340658.91425,3832695.2975,64.16,71.9739992342,7.81399923424
340660.460125,3832699.6675,65.03,9.53374790882,-55.4962520912
340661.97225,3832703.94,61.62,69.6678438095,8.04784380953
340663.41625,3832708.0175,61.73,76.2503389953,14.5203389953
340664.935,3832712.31375,60.91,58.5534751103,-2.35652488974
340666.48425,3832716.68625,64.76,72.007685246,7.24768524602
340668.03375,3832721.06625,64.27,74.4043868935,10.1343868935
340669.54275,3832725.33,64.6,77.6896931549,13.0896931549
340671.04675,3832729.58,66.31,62.1173755467,-4.19262445334
340672.59575,3832733.9575,59.54,79.0658358989,19.5258358989
340674.152,3832738.35625,59.62,64.8728158379,5.25281583788
340675.687375,3832742.69125,63.42,78.6857001723,15.2657001723
340677.20275,3832746.975,68.79,69.304766055,0.514766054956
340678.7355,3832751.30875,62.85,71.1929003654,8.34290036543
340680.24925,3832755.58375,66.18,64.894846544,-1.28515345601
340681.799,3832759.96,60.84,78.586831419,17.746831419
340683.34025,3832764.3175,62.22,77.612315147,15.392315147
340684.823375,3832768.5075,69.09,78.2521519379,9.16215193791
340686.320375,3832772.8125,62.81,9.60798382007,-53.2020161799
340687.81475,3832777.03125,65.81,73.9098144546,8.09981445464
340689.293625,3832781.2075,57.48,5.61034665314,-51.8696533469
340690.804875,3832785.47875,61.29,74.0676591379,12.7776591379
340640.976125,3832653.20375,73.75,83.3400435598,9.59004355981
340642.502375,3832657.525,63.36,74.6364243238,11.2764243238
340644.052625,3832661.91125,65.33,57.290435911,-8.03956408902
340645.566125,3832666.13875,71.12,70.6255254977,-0.494474502309
340647.087125,3832670.44375,65.53,8.04810574108,-57.4818942589
340648.619625,3832674.7825,59.75,79.4265456714,19.6765456714
340650.1365,3832679.07625,60.78,8.21452870201,-52.565471298
340651.697,3832683.49125,65.22,78.6789848324,13.4589848324
340653.214375,3832687.79,67.43,61.2141894365,-6.21581056351
340654.725,3832692.06375,69.4,81.4426771237,12.0426771237
340656.246625,3832696.37125,67.71,64.351737565,-3.358262435
340657.7895,3832700.73625,63.29,65.6607982686,2.37079826856
340659.2865,3832704.975,65.04,77.1894847817,12.1494847817
340660.7295,3832709.055,59.69,75.9506029796,16.2606029796
340662.29025,3832713.475,63.7,63.86384845,0.163848450001
340663.821,3832717.81,61.12,77.5473199669,16.4273199669
340665.330125,3832722.0775,81.94,5.24376537044,-76.6962346296
340666.847875,3832726.37625,65.23,67.9342449314,2.70424493143
340668.37075,3832730.6875,66.11,53.6476148474,-12.4623851526
340669.939,3832735.1225,65.28,61.6905844754,-3.58941552459
340671.4645,3832739.44125,68.46,76.386887547,7.92688754705
340672.968625,3832743.7,65.84,75.1000892228,9.26008922277
340674.511,3832748.065,69.64,63.1429068764,-6.49709312363
340676.05175,3832752.425,56.96,62.3699878988,5.40998789882
340677.583875,3832756.76125,65.55,79.6415846648,14.0915846648
340679.118375,3832761.02667,69.52,77.3603671862,7.84036718624
340680.62775,3832765.3775,59.69,62.0352328766,2.34523287659
340682.091875,3832769.5225,62.07,89.5538506516,27.4838506516
340683.581375,3832773.7775,67.8,77.0098063976,9.2098063976
340685.078125,3832778.01625,59.25,6.23300466027,-53.0169953397
340686.5475,3832782.17125,66.29,76.9594154381,10.6694154381
340688.069125,3832786.48125,71.66,93.0192365736,21.3592365736
340637.955,3832654.18375,58.76,7.22848919626,-51.5315108037
340639.4715,3832658.47875,61.66,76.4828262792,14.8228262792
340640.99,3832662.78,72.08,68.1697133013,-3.9102866987
340642.495875,3832667.0325,60.2,73.7001370356,13.5001370356
340644.03175,3832671.3825,64.91,78.3610077826,13.4510077826
340645.535125,3832675.64,64.94,74.6063396741,9.66633967411
340647.059625,3832679.955,61.96,83.4558552301,21.4958552301
340648.620375,3832684.37625,58.95,65.2241548971,6.27415489714
340650.127625,3832688.645,66.54,77.5213077608,10.9813077608
340651.645625,3832692.9425,59.8,77.1657543702,17.3657543702
340653.163875,3832697.2425,66.71,78.8177309305,12.1077309305
340654.699875,3832701.59,65.72,77.8457301193,12.1257301193
340656.2,3832705.8375,62.41,76.9200609228,14.5100609228
340657.56575,3832709.7,66.38,77.8933094931,11.5133094931
340659.14625,3832714.1825,69.62,63.3410574693,-6.27894253072
340660.722875,3832718.645,56.37,73.919847047,17.549847047
340662.266375,3832723.01375,65.55,78.3440825841,12.7940825841
340663.786125,3832727.32,64.65,77.9341340852,13.2841340852
340665.282,3832731.5525,72.8,66.8476017005,-5.95239829949
340666.843375,3832735.9775,68.52,77.0765399062,8.55653990624
340668.392125,3832740.35875,62.5,76.2257572435,13.7257572435
340669.88575,3832744.58875,60.52,75.9184763954,15.3984763954
340671.3905,3832748.84875,66.26,79.6414862209,13.3814862209
340672.938,3832753.23375,64.32,5.86539906629,-58.4546009337
340674.485375,3832757.61375,61.53,84.2891899644,22.7591899644
340676.015625,3832761.9475,60.73,82.1329469384,21.4029469384
340677.5485,3832766.28875,66.18,80.947049895,14.767049895
340679.03525,3832770.49875,65.2,76.6837441289,11.4837441289
340680.513875,3832774.6975,70.47,85.0984236849,14.6284236849
340682.012875,3832778.94375,69.17,55.4638434041,-13.7061565959
340683.5095,3832783.1825,62.28,65.6704539341,3.39045393411
340685.032125,3832787.49,67.25,59.0156204813,-8.23437951867
340635.399875,3832654.99125,66.4,65.1980511809,-1.20194881913
340636.933375,3832659.34,63.44,70.1524797503,6.71247975026
340638.472125,3832663.705,72.92,68.0556533189,-4.86434668111
340639.949875,3832667.94875,62.57,69.8436462688,7.27364626879
340641.477125,3832672.2775,70.5,67.0574283721,-3.44257162787
340642.987875,3832676.56375,64.41,65.6116671471,1.20166714715
340644.519125,3832680.90625,67.69,64.3952021529,-3.29479784707
340646.084875,3832685.34625,70.28,78.962070111,8.68207011101
340647.592875,3832689.625,73.15,6.73315861331,-66.4168413867
340649.10725,3832693.91875,64.57,64.4415188626,-0.128481137358
340650.636375,3832698.2575,64.4,76.9702194559,12.5702194559
340652.169625,3832702.6025,72.5,6.32264399638,-66.1773560036
340653.661,3832706.8325,64.4,78.4364696631,14.0364696631
340655.1325,3832711.00875,64.03,74.4568159544,10.4268159544
340656.6615,3832715.34375,68.59,76.1620189021,7.57201890207
340658.14875,3832719.56,65.73,64.4368103021,-1.29318969786
340659.686375,3832723.9225,62.51,66.2520989897,3.74209898967
340661.231625,3832728.305,67.28,58.7221389883,-8.55786101169
340662.716625,3832732.51625,65.59,6.3873727843,-59.2026272157
340664.277,3832736.94125,63.74,67.2267559552,3.48675595523
340665.84125,3832741.37625,68.52,67.0775879636,-1.44241203643
340667.355875,3832745.67125,66.48,61.3132157092,-5.1667842908
340668.878375,3832749.9925,66.03,6.97901552053,-59.0509844795
340670.395,3832754.29375,59.35,72.3362116857,12.9862116857
340671.911625,3832758.59375,64.96,71.389599911,6.42959991102
340673.438875,3832762.92625,67.14,4.3711189776,-62.7688810224
340674.97825,3832767.29,71.88,69.5856926839,-2.29430731606
340676.464125,3832771.5075,71.12,75.7363480497,4.61634804971
340677.929875,3832775.64,65.24,57.2405386162,-7.99946138381
340679.420875,3832779.87125,66.48,67.9208539882,1.44085398824
340680.9095,3832784.095,71.6,82.5328684471,10.9328684471
340682.438,3832788.42875,70.2,68.4307528317,-1.76924716832
340632.633,3832655.93875,65.54,64.982932268,-0.557067731991
340634.163875,3832660.27875,67.93,77.700590976,9.77059097596
340635.693625,3832664.61625,64.45,68.3474860142,3.89748601416
340637.157625,3832668.89,65.39,7.73338888648,-57.6566111135
340638.687875,3832673.22375,66.49,74.4191881744,7.92918817443
340640.201,3832677.5125,63.39,74.884342829,11.494342829
340641.731,3832681.84625,71.71,64.7687550148,-6.94124498517
340643.294,3832686.27625,72.84,78.2997312703,5.45973127026
340644.790625,3832690.52,72.58,56.355200557,-16.224799443
340646.302625,3832694.8,65.22,74.2709118514,9.05091185139
340647.833625,3832699.1375,62.3,6.29081383358,-56.0091861664
340649.374375,3832703.50375,60.27,74.5798800547,14.3098800547
340650.88125,3832707.7725,58.39,5.54326303954,-52.8467369605
340652.339,3832711.91,62.57,63.9545274675,1.38452746746
340653.87325,3832716.25,70.71,66.5014646356,-4.20853536437
340655.391,3832720.5525,65.28,69.1929249016,3.91292490159
340656.91,3832724.85625,62.05,77.1758902731,15.1258902731
340658.419875,3832729.13375,67.8,67.9261262472,0.126126247235
340659.93075,3832733.4175,67.55,68.0248082861,0.474808286114
340661.489375,3832737.8325,63.0,68.0148703609,5.01487036092
340663.031,3832742.2,71.57,57.5584481829,-14.0115518171
340664.541125,3832746.48,67.46,60.8938715587,-6.56612844131
340666.07275,3832750.8175,73.57,68.1967264697,-5.37327353032
340667.604,3832755.15625,73.0,74.6673268837,1.6673268837
340669.126125,3832759.47,64.99,67.4807729816,2.49077298162
340670.655625,3832763.8025,67.79,3.84575213141,-63.9442478686
340672.183,3832768.1325,70.36,76.6554065864,6.29540658636
340673.672625,3832772.3525,63.56,72.1208595193,8.56085951928
340675.167625,3832776.52,66.37,74.5503958194,8.18039581939
340676.674,3832780.79125,68.05,75.6703853133,7.62038531334
340678.171125,3832785.0375,73.54,70.4282453547,-3.11175464525
340679.697375,3832789.36375,64.47,69.6062590069,5.13625900688
340629.882625,3832656.90125,74.12,63.1211795767,-10.9988204233
340631.42475,3832661.27375,72.43,69.174758837,-3.25524116295
340632.94275,3832665.5825,62.86,67.483114944,4.62311494398
340634.385875,3832669.81125,65.52,58.2119981626,-7.30800183744
340635.932,3832674.1975,62.59,72.2077421007,9.61774210071
340637.455625,3832678.515,57.33,76.7114548702,19.3814548702
340638.984375,3832682.8475,62.94,59.616122921,-3.32387707901
340640.526625,3832687.22125,62.22,68.1412151372,5.92121513722
340642.012375,3832691.435,70.34,74.9172489494,4.57724894939
340643.53675,3832695.75375,59.94,82.1190230976,22.1790230976
340645.064625,3832700.085,63.95,74.557360925,10.607360925
340646.598625,3832704.4325,62.2,56.5225920109,-5.67740798906
340648.12275,3832708.75375,70.9,68.3940247149,-2.50597528505
340649.57025,3832712.86,77.99,63.1201277052,-14.8698722948
340651.0775,3832717.13,66.5,81.6686540133,15.1686540133
340652.61875,3832721.495,65.75,66.7815458735,1.0315458735
340654.148375,3832725.8325,60.79,68.2210754905,7.43107549053
340655.6605,3832730.12,69.0,77.2716304028,8.27163040277
340657.16625,3832734.39,66.56,64.0817321837,-2.47826781628
340658.72775,3832738.815,65.27,63.451048361,-1.81895163905
340660.263875,3832743.16875,76.06,80.1352661809,4.07526618088
340661.764375,3832747.42125,65.97,65.6303609982,-0.339639001825
340663.30175,3832751.77625,65.96,67.6078875831,1.64788758305
340664.83525,3832756.1275,66.88,58.3424296727,-8.53757032731
340666.353,3832760.43125,63.55,59.4064329988,-4.14356700118
340667.888625,3832764.7825,69.54,60.2828674018,-9.25713259823
340669.43025,3832769.15,67.24,73.7641879763,6.52418797631
340670.897,3832773.30875,73.96,70.6133005119,-3.34669948809
340672.388375,3832777.4575,74.04,66.6375071607,-7.40249283931
340673.901375,3832781.75125,69.66,70.8116017383,1.15160173828
340675.39175,3832785.9775,72.93,64.8157109428,-8.11428905717
340676.917125,3832790.305,71.56,78.6122968346,7.05229683456
340627.53225,3832657.50625,62.77,65.5199149381,2.74991493808
340629.068375,3832661.875,67.68,78.6265069646,10.9465069646
340630.598625,3832666.225,71.3,74.5151697221,3.2151697221
340632.05525,3832670.565,63.02,58.9614793439,-4.05852065607
340633.590625,3832674.9275,68.56,72.7134443909,4.1534443909
340635.089375,3832679.185,62.48,65.3960030825,2.91600308247
340636.611625,3832683.51125,72.66,59.3074481297,-13.3525518703
340638.169,3832687.93375,61.62,9.72316088736,-51.8968391126
340639.659375,3832692.17,66.3,63.4033415392,-2.89665846077
340641.182875,3832696.49875,63.77,66.0791246128,2.30912461284
340642.739125,3832700.92,65.4,59.0065709334,-6.39342906657
340644.263,3832705.25,63.4,59.2963896335,-4.10361036651
340645.754,3832709.485,70.74,78.2428872729,7.50288727293
340647.22075,3832713.655,63.08,78.6437530818,15.5637530818
340648.73525,3832717.95625,65.98,69.1692320188,3.18923201879
340650.2285,3832722.19875,68.61,68.284994706,-0.325005294007
340651.735125,3832726.47625,64.43,63.7705622552,-0.659437744826
340654.779,3832735.125,60.18,77.12462534,16.94462534
340656.331875,3832739.5375,66.61,77.0012541088,10.3912541088
340657.874,3832743.91875,58.8,77.7088250359,18.9088250359
340659.345875,3832748.0975,72.59,66.6960504596,-5.89394954036
340660.87925,3832752.4575,68.09,61.2978248005,-6.79217519949
340662.41725,3832756.82875,59.05,70.0050535665,10.9550535665
340663.910625,3832761.06875,64.23,67.4957953917,3.26579539174
340665.424125,3832765.37,69.27,74.7782160436,5.50821604359
340666.945125,3832769.69125,70.7,72.7407139293,2.04071392927
340671.491375,3832782.49625,71.26,9.31328044638,-61.9467195536
340672.9935,3832786.7675,66.87,72.3840680028,5.51406800276
340674.523375,3832791.11875,71.34,68.4065401725,-2.93345982746
340624.234125,3832658.58875,63.54,61.0817959101,-2.45820408989
340625.7845,3832662.98875,64.5,65.8259844314,1.3259844314
340627.303,3832667.29875,66.5,65.9175184615,-0.582481538538
340628.728875,3832671.58625,64.53,76.9147540221,12.3847540221
340630.27925,3832675.9825,73.05,58.4678695594,-14.5821304406
340631.779875,3832680.23875,71.68,60.6835906561,-10.9964093439
340633.286875,3832684.515,66.81,59.604150414,-7.20584958603
340634.842125,3832688.92375,62.65,82.776217442,20.126217442
340636.346375,3832693.195,57.13,78.1167579529,20.9867579529
340637.867625,3832697.505,68.6,74.234529657,5.63452965695
340639.41575,3832701.8975,67.77,79.0796774853,11.3096774853
340640.946125,3832706.23625,69.79,9.86023848508,-59.9297615149
340642.45775,3832710.5275,75.46,67.7877383462,-7.67226165381
340643.94725,3832714.7525,61.94,70.1216258375,8.1816258375
340645.47175,3832719.0725,67.49,5.87758813052,-61.6124118695
340646.977875,3832723.3475,69.61,8.33220884179,-61.2777911582
340648.488125,3832727.63,66.99,80.3643978898,13.3743978898
340649.986625,3832731.87875,65.04,77.93412653,12.89412653
340651.487375,3832736.135,69.09,5.60082681167,-63.4891731883
340653.05175,3832740.575,61.78,64.4518789035,2.67187890348
340654.60175,3832744.97125,68.98,77.7595467254,8.7795467254
340656.089625,3832749.19125,64.54,68.2390672716,3.69906727159
340657.6235,3832753.54,62.15,73.1754337286,11.0254337286
340659.15425,3832757.88375,68.01,65.066732256,-2.94326774397
340660.661875,3832762.15875,79.47,69.227095609,-10.242904391
340662.201375,3832766.525,69.06,59.5640939332,-9.49590606685
340663.73025,3832770.8625,68.24,70.3330186991,2.09301869911
340666.738375,3832779.2525,67.58,77.2616557537,9.68165575368
340668.270625,3832783.60625,69.84,59.6978072007,-10.1421927993
340669.75875,3832787.8325,67.5,79.0454567448,11.5454567448
340671.285125,3832792.16375,73.77,63.2782166848,-10.4917833152
340621.4805,3832659.50875,62.18,71.4500181333,9.27001813328
340623.016125,3832663.86875,64.79,63.5140055425,-1.27599445747
340624.525375,3832668.155,68.44,67.1906697939,-1.24933020608
340625.950625,3832672.4975,72.71,56.3648579287,-16.3451420713
340627.499875,3832676.89125,67.98,74.9265939633,6.94659396332
340628.994,3832681.13,59.18,70.4634497582,11.2834497582
340630.51275,3832685.43625,61.39,10.3968281461,-50.9931718539
340632.074375,3832689.86625,57.69,69.749689672,12.059689672
340633.540375,3832694.025,68.31,68.433472624,0.123472624038
340635.0685,3832698.35875,62.61,68.794286321,6.184286321
340636.645375,3832702.82875,69.9,77.3603753512,7.46037535124
340638.184375,3832707.1925,66.57,78.0189776965,11.4489776965
340639.71675,3832711.5425,64.09,60.5301639698,-3.55983603016
340641.08625,3832715.4275,60.94,74.4436240004,13.5036240004
340642.62875,3832719.8025,64.69,62.8495636657,-1.84043633431
340644.16825,3832724.165,66.61,61.9912085233,-4.61879147669
340645.693,3832728.49125,63.46,58.7467329991,-4.71326700087
340647.192625,3832732.745,70.59,72.3208354573,1.73083545731
340648.6705,3832736.935,73.56,79.5807683616,6.02076836157
340650.218,3832741.32375,65.99,67.2145775564,1.2245775564
340651.772625,3832745.73375,66.28,71.8473148327,5.5673148327
340653.279875,3832750.00625,74.01,60.6683215293,-13.3416784707
340656.31525,3832758.61625,71.75,5.03012427302,-66.719875727
340657.872875,3832763.03625,76.15,67.6257670649,-8.52423293513
340660.93475,3832771.72,67.12,80.1439964153,13.0239964153
340662.431625,3832775.96375,68.92,76.4442254619,7.52422546195
340663.912875,3832779.9875,63.93,54.9039579206,-9.02604207936
340665.419375,3832784.26875,68.79,72.4618790251,3.67187902506
340666.954,3832788.6275,64.04,72.9584926235,8.91849262353
340668.4875,3832792.9825,65.79,78.9063447257,13.1163447257
340618.7585,3832660.45625,60.91,73.4727628936,12.5627628936
340620.315125,3832664.88,64.24,80.943354674,16.703354674
340621.827625,3832669.1775,62.73,60.1565120319,-2.57348796812
340623.205125,3832673.43125,63.1,80.7531212453,17.6531212453
340624.725625,3832677.7475,59.09,56.9569611719,-2.13303882807
340626.198625,3832681.93,58.23,64.6406543323,6.41065433233
340627.723625,3832686.26,61.19,63.7816098165,2.59160981647
340629.3,3832690.73625,61.2,61.5371375311,0.337137531123
340630.808125,3832695.02,65.47,72.7199805505,7.2499805505
340632.313875,3832699.29125,62.36,11.7812751325,-50.5787248675
340633.839125,3832703.625,71.59,70.9485529728,-0.64144702722
340635.340375,3832707.8875,61.64,74.1190302817,12.4790302817
340636.861,3832712.205,65.98,7.24499624536,-58.7350037546
340638.37475,3832716.505,64.15,70.7303121327,6.58031213266
340639.8745,3832720.76125,64.47,72.5279960719,8.05799607193
340641.352,3832724.955,71.83,77.7263814166,5.89638141661
340642.852875,3832729.215,74.8,64.4309395957,-10.3690604043
340644.363125,3832733.5025,66.36,80.3424709337,13.9824709337
340645.885,3832737.825,73.13,7.85287705406,-65.2771229459
340647.443625,3832742.2475,73.53,68.7876625611,-4.74233743891
340648.97425,3832746.59625,63.87,77.3638854832,13.4938854832
340650.489375,3832750.8975,61.84,64.5228308484,2.68283084841
340652.0315,3832755.275,74.36,58.8763217227,-15.4836782773
340653.53,3832759.53,67.79,4.82508200627,-62.9649179937
340655.017375,3832763.75125,71.54,73.9567023988,2.4167023988
340656.56675,3832768.1525,68.85,78.5723115116,9.72231151164
340658.10225,3832772.5125,63.11,65.082317017,1.97231701705
340659.613625,3832776.8025,67.38,59.1737221634,-8.20627783663
340661.128625,3832780.90125,72.78,78.8521091512,6.07210915116
340662.62325,3832785.15625,70.41,72.3550198579,1.9450198579
340664.142625,3832789.4725,65.7,77.7703862777,12.0703862777
340665.680375,3832793.84625,72.31,74.3533193795,2.04331937947
340616.063625,3832661.39375,61.45,10.7182249153,-50.7317750847
340617.624,3832665.83625,57.64,67.4366984921,9.79669849206
340619.142,3832670.15625,65.1,80.0206673086,14.9206673086
340620.484625,3832674.4975,66.79,73.6652281525,6.87522815252
340622.028,3832678.8825,68.54,12.8708968611,-55.6691031389
340623.525625,3832683.13625,63.51,88.1663255537,24.6563255537
340625.046625,3832687.45625,63.17,85.044111524,21.874111524
340626.593625,3832691.85,66.37,68.3236526636,1.95365266362
340628.068,3832696.04,66.41,85.9341438528,19.5241438528
340629.59,3832700.36,64.17,64.4509498193,0.280949819294
340631.148375,3832704.7875,71.73,62.1490825092,-9.58091749084
340632.675125,3832709.12375,70.28,65.5522667978,-4.72773320225
340634.18875,3832713.4225,65.07,72.6070240682,7.5370240682
340635.683,3832717.67,59.5,63.2185965654,3.71859656542
340637.205625,3832721.99,68.78,69.8481133944,1.06811339441
340638.688,3832726.2025,76.04,66.6138732621,-9.42612673787
340640.189625,3832730.4675,68.77,59.2851741965,-9.4848258035
340641.699,3832734.75625,67.05,64.6898976251,-2.36010237494
340643.21625,3832739.0625,69.64,75.7123938822,6.07239388216
340644.764,3832743.4625,66.32,79.7899381147,13.4699381147
340646.281,3832747.77,73.16,78.5138340648,5.35383406483
340647.784,3832752.03875,68.76,77.2990071282,8.53900712824
340649.33275,3832756.4375,67.64,67.0762590375,-0.563740962486
340652.367,3832765.05625,80.03,62.2661305141,-17.7638694859
340653.908875,3832769.43625,64.02,5.23429391957,-58.7857060804
340655.43,3832773.75625,75.7,60.5830299501,-15.1169700499
340656.929,3832778.0125,69.11,71.6986512843,2.58865128428
340658.457625,3832782.05,62.43,7.63548835156,-54.7945116484
340659.977375,3832786.37,69.84,83.6139009115,13.7739009115
340661.493,3832790.6825,62.63,77.5087484722,14.8787484722
340663.024375,3832795.04375,68.11,70.7923764243,2.68237642427
340613.23575,3832662.39625,64.18,63.5777418392,-0.602258160786
340614.796375,3832666.8475,67.8,59.6928197105,-8.1071802895
340616.304125,3832671.15,65.18,73.9316618868,8.75166188675
340617.650875,3832675.42875,62.37,81.6602415777,19.2902415777
340619.187375,3832679.80625,68.21,68.2772417378,0.0672417377908
340620.686375,3832684.0725,68.26,69.0402636568,0.780263656765
340622.216,3832688.43,63.25,74.2553953072,11.0053953072
340623.75,3832692.79875,67.58,9.2722986848,-58.3077013152
340625.220125,3832696.9875,70.17,60.8515572069,-9.31844279312
340626.743125,3832701.32375,71.55,58.9715083723,-12.5784916277
340628.271125,3832705.675,64.33,12.2829123941,-52.0470876059
340629.78525,3832709.9875,69.37,72.8489348707,3.47893487072
340631.33475,3832714.4,64.28,65.0098553181,0.729855318121
340632.895,3832718.8475,73.04,11.5649711789,-61.4750288211
340634.4145,3832723.175,69.98,77.7290699229,7.74906992295
340635.84725,3832727.25375,67.58,64.0332903808,-3.54670961924
340637.315125,3832731.43375,73.81,79.8632049057,6.05320490567
340638.805625,3832735.68,68.36,62.2539942011,-6.10600579893
340640.33175,3832740.02625,63.9,71.8933331883,7.9933331883
340641.882375,3832744.4425,64.07,65.0263881576,0.956388157593
340644.821875,3832752.81125,67.26,74.4538339858,7.19383398584
340646.4035,3832757.31625,69.21,68.9227081475,-0.287291852513
340647.97725,3832761.80125,65.54,80.3663373655,14.8263373655
340649.515375,3832766.18375,65.61,67.6749408069,2.06494080693
340651.044625,3832770.5375,67.88,73.419320318,5.53932031801
340652.5265,3832774.7575,71.67,59.0235454178,-12.6464545822
340654.004125,3832778.96625,63.89,67.5332679352,3.64326793517
340655.521625,3832783.03,63.64,78.2051996647,14.5651996647
340657.052125,3832787.39375,59.91,61.6729288409,1.7629288409
340658.55675,3832791.685,70.59,78.5091498792,7.91914987919
340660.073125,3832796.0125,71.16,65.6071318342,-5.5528681658
340610.547125,3832663.24375,66.02,60.940272526,-5.07972747399
340612.118125,3832667.71875,70.01,81.4298773153,11.4198773153
340613.646,3832672.0675,65.35,63.8718386733,-1.47816132665
340614.965625,3832676.32125,61.0,58.2166713946,-2.78332860542
340616.48875,3832680.6525,67.1,82.1052936701,15.0052936701
340617.996625,3832684.9375,67.73,78.7752623303,11.0452623303
340619.537875,3832689.32125,59.82,13.7297139405,-46.0902860595
340621.106625,3832693.77875,64.6,69.2323436065,4.63234360654
340622.555875,3832697.9,74.53,63.2820227507,-11.2479772493
340624.027,3832702.07875,66.63,73.5906396661,6.96063966608
340625.605375,3832706.57,68.11,66.3374792717,-1.77252072825
340627.147625,3832710.95375,66.8,63.3293542053,-3.47064579474
340628.64725,3832715.21625,73.24,71.7479733186,-1.49202668143
340630.185,3832719.59,65.62,65.0890122949,-0.530987705087
340631.71875,3832723.94875,59.99,68.7408893571,8.75088935705
340633.173875,3832728.085,74.83,66.5522937842,-8.27770621585
340634.65825,3832732.305,70.64,66.3122593823,-4.3277406177
340636.123875,3832736.47,81.3,79.124979379,-2.17502062097
340637.669375,3832740.865,64.67,63.9731236721,-0.696876327905
340639.241,3832745.3325,66.94,59.1055834057,-7.83441659431
340640.75175,3832749.62625,79.89,57.6059844053,-22.2840155947
340642.245375,3832753.87,68.69,72.9457195938,4.2557195938
340643.80725,3832758.3125,64.63,70.7208234281,6.09082342812
340645.3425,3832762.67625,61.26,69.4606154339,8.20061543387
340646.855875,3832766.97875,66.48,67.7177692085,1.23776920846
340648.389875,3832771.34,65.44,77.8776710586,12.4376710586
340649.91325,3832775.67,66.94,6.57488896481,-60.3651110352
340652.928375,3832783.9475,74.53,72.6876568329,-1.84234316713
340654.479125,3832788.35875,63.51,76.6229139051,13.1129139051
340655.99875,3832792.69125,59.37,68.6676381298,9.29763812978
340657.538625,3832797.07375,65.41,9.81543791828,-55.5945620817
340607.779,3832664.17125,62.84,59.8134436001,-3.02655639993
340609.35375,3832668.65875,64.29,64.8825856969,0.592585696906
340610.868875,3832672.98125,63.76,71.3465903681,7.58659036809
340612.205625,3832677.325,65.09,71.0034657212,5.91346572118
340613.753125,3832681.73,62.52,74.2731266685,11.7531266685
340615.2385,3832685.955,67.47,78.9814462264,11.5114462264
340616.778375,3832690.3375,64.74,82.7851568112,18.0451568112
340618.323625,3832694.73375,64.95,76.0438076643,11.0938076643
340619.778375,3832698.8725,65.51,80.7716182428,15.2616182428
340621.287375,3832703.165,63.93,72.8827883508,8.95278835076
340622.86475,3832707.6525,69.11,65.4535703611,-3.65642963888
340624.396625,3832712.01,69.12,56.0802502101,-13.0397497899
340625.90075,3832716.29,62.62,10.5638905857,-52.0561094143
340627.42075,3832720.615,62.64,78.2516253726,15.6116253726
340628.9315,3832724.91,61.67,76.3302610961,14.6602610961
340630.395,3832729.075,63.0,75.8157243154,12.8157243154
340631.888375,3832733.32375,66.32,54.9217990866,-11.3982009134
340633.418375,3832737.67875,57.43,80.8789475286,23.4489475286
340634.9465,3832742.025,65.47,9.08760061265,-56.3823993873
340636.462125,3832746.33875,76.58,71.3504268869,-5.22957311312
340637.95825,3832750.59125,72.98,66.6329381003,-6.34706189971
340639.458375,3832754.86125,77.01,61.3387262055,-15.6712737945
340641.01425,3832759.2875,66.76,71.8075524163,5.04755241631
340642.52075,3832763.575,71.67,81.6282679737,9.95826797375
340644.036125,3832767.88625,68.72,74.2068005079,5.48680050792
340645.585875,3832772.295,67.95,76.9224100859,8.97241008594
340647.09425,3832776.585,77.12,8.03797115605,-69.0820288439
340648.617,3832780.9175,62.39,63.9761206881,1.58612068808
340650.159625,3832784.9875,59.85,60.6046040451,0.754604045093
340651.685875,3832789.33625,64.7,59.061759355,-5.638240645
340653.209625,3832793.6825,65.07,78.3580703575,13.2880703575
340654.72975,3832798.01,64.27,77.9234215017,13.6534215017
340605.045625,3832665.13125,68.36,71.4451856154,3.08518561536
340606.630375,3832669.6475,66.27,72.7044874249,6.43448742487
340608.150375,3832673.9825,64.97,73.3302204032,8.36022040316
340609.4685,3832678.33625,67.12,81.0079546346,13.8879546346
340611.022125,3832682.75625,73.33,82.3536726332,9.02367263318
340612.509625,3832686.98875,63.88,80.3101610237,16.4301610237
340614.016625,3832691.27875,61.24,67.3847024085,6.14470240854
340616.998875,3832699.765,64.24,79.9733753236,15.7333753236
340618.518,3832704.08625,62.02,79.7335250461,17.7135250461
340620.100375,3832708.585,65.81,67.4679960871,1.65799608707
340621.615375,3832712.8975,75.12,70.3058948094,-4.81410519063
340623.125625,3832717.195,71.62,69.5824411572,-2.03755884277
340624.6535,3832721.5425,60.86,66.8738588737,6.01385887365
340626.1835,3832725.8975,64.68,73.0548965499,8.37489654995
340627.64125,3832730.045,60.79,58.6620059675,-2.12799403249
340629.127875,3832734.2725,61.4,81.7479399047,20.3479399047
340630.627125,3832738.54,63.06,65.4442733092,2.38427330923
340632.1465,3832742.8625,64.98,73.1443842082,8.16438420821
340633.69625,3832747.27,68.23,9.41051302855,-58.8194869715
340635.190125,3832751.51875,65.15,65.4732061568,0.323206156818
340636.701375,3832755.81875,62.54,10.1148288986,-52.4251711014
340638.263,3832760.26375,59.54,72.9282057049,13.3882057049
340639.77275,3832764.56125,66.88,10.4982303607,-56.3817696393
340641.294625,3832768.88875,72.76,64.7784818981,-7.98151810192
340642.834375,3832773.27,81.57,81.638348587,0.0683485870016
340644.344,3832777.56625,60.03,79.6781602205,19.6481602205
340645.861375,3832781.88375,67.96,65.5676421447,-2.39235785531
340647.391875,3832785.8825,61.42,77.0034707247,15.5834707247
340650.44125,3832794.5775,65.53,75.2617730434,9.73177304338
340651.993875,3832799.00375,62.06,65.6423526489,3.58235264887
340606.530125,3832679.2425,62.49,82.5119265794,20.0219265794
340608.10625,3832683.705,65.94,64.9797293282,-0.960270671821
340609.595375,3832687.9175,63.97,80.8356314886,16.8656314886
340611.088,3832692.145,56.84,82.9105940227,26.0705940227
340612.628125,3832696.50375,66.06,63.0188053983,-3.04119460172
340614.112375,3832700.7025,67.19,65.0424967873,-2.14750321268
340615.668875,3832705.10625,65.46,71.3070286948,5.84702869485
340617.252125,3832709.585,64.14,63.6444740467,-0.495525953297
340618.78075,3832713.91375,66.5,66.9296399086,0.42963990857
340620.303,3832718.2225,62.35,81.0478415481,18.6978415481
340621.81575,3832722.505,63.98,87.6595548648,23.6795548648
340623.33925,3832726.81875,67.84,65.0585655845,-2.7814344155
340624.8045,3832730.965,66.42,66.0535134865,-0.36648651354
340627.81625,3832739.4875,67.2,8.81881943041,-58.3811805696
340629.34825,3832743.825,68.58,74.9305803411,6.35058034109
340632.39275,3832752.44375,66.21,64.4141751391,-1.79582486086
340633.916125,3832756.7525,63.36,67.0413277024,3.68132770237
340635.48925,3832761.205,65.88,10.7687681447,-55.1112318553
340636.992875,3832765.46125,67.46,65.0159922467,-2.44400775334
340640.081375,3832774.2025,62.58,8.8586805415,-53.7213194585
340643.126125,3832782.82,68.54,66.7085036778,-1.8314963222
340603.900875,3832680.13625,66.05,13.5650848246,-52.4849151754
340605.456875,3832684.5825,67.77,67.7983211368,0.0283211367881
340606.934875,3832688.8025,67.22,81.4753709378,14.2553709378
340608.442375,3832693.11125,60.67,69.0459977319,8.37599773194
340611.386375,3832701.52,66.63,62.6360457042,-3.99395429585
340612.9255,3832705.915,65.69,72.531548827,6.84154882703
340614.522625,3832710.47875,64.5,72.4527479226,7.95274792257
340616.036375,3832714.8025,64.68,63.6884387251,-0.991561274873
340617.548,3832719.1225,70.31,67.9111781961,-2.39882180388
340622.01825,3832731.89,65.69,13.9748825489,-51.7151174511
340623.51475,3832736.1675,56.41,70.8572364027,14.4472364027
340625.029875,3832740.49625,73.36,68.2261729216,-5.13382707837
340626.547375,3832744.83,67.15,72.520238705,5.37023870502
340628.077875,3832749.2025,63.14,65.845384013,2.70538401305
340629.545,3832753.395,66.28,66.3719578093,0.091957809283
340631.045875,3832757.68125,66.56,72.4256233179,5.86562331787
340632.6275,3832762.2,62.03,71.9821403962,9.95214039621
340634.108,3832766.42875,66.46,67.6307954053,1.17079540533
340635.585875,3832770.64875,63.66,64.4695283636,0.809528363632
340638.673,3832779.4675,58.72,66.7014193317,7.98141933169
340640.1695,3832783.7425,65.28,65.6518076499,0.371807649906
340600.827875,3832681.2025,68.06,12.8218281436,-55.2381718564
340602.39125,3832685.6525,60.7,60.3387385072,-0.361261492768
340603.884875,3832689.905,65.27,70.9860690454,5.71606904536
340605.398375,3832694.2125,68.75,62.1855988968,-6.56440110319
340606.91175,3832698.52125,66.45,65.238577075,-1.21142292499
340608.364625,3832702.655,66.28,64.3467499452,-1.93325005484
340609.915625,3832707.07125,58.46,63.3265327197,4.86653271974
340611.495875,3832711.5675,62.03,74.8499130341,12.8199130341
340613.004875,3832715.8625,60.8,64.9103040585,4.11030405847
340616.065,3832724.57,65.96,65.498143034,-0.461856966041
340619.016625,3832732.97375,62.63,64.4968177985,1.86681779853
340620.501375,3832737.19875,64.98,62.7376380996,-2.24236190042
340622.017875,3832741.515,68.05,69.3299118926,1.2799118926
340625.0645,3832750.1875,64.72,82.3482325266,17.6282325266
340626.571125,3832754.47375,62.89,71.8726356443,8.98263564429
340628.077625,3832758.75875,66.53,58.224223309,-8.30577669099
340631.117,3832767.4125,66.58,67.5142896571,0.93428965715
340635.702875,3832780.4625,60.89,69.1164910758,8.22649107578
340637.219875,3832784.78125,67.23,10.90023701,-56.32976299
340598.253625,3832681.97625,63.15,56.0160150837,-7.13398491633
340599.815125,3832686.42625,67.95,55.3969661344,-12.5530338656
340601.292,3832690.63375,68.63,68.1579548915,-0.472045108467
340604.326375,3832699.28125,68.39,73.1803489167,4.79034891666
340607.30625,3832707.77,66.06,60.8999307835,-5.16006921652
340608.901875,3832712.3175,61.92,57.8616111752,-4.05838882477
340610.409375,3832716.61375,61.23,61.2425333898,0.0125333898208
340613.475,3832725.35,58.89,58.6091701254,-0.280829874642
340614.98225,3832729.64875,72.9,72.0534459311,-0.846554068941
340617.895625,3832737.95,63.55,57.1240705197,-6.42592948031
340619.404625,3832742.2475,68.89,67.8983576773,-0.9916423227
340620.92975,3832746.59625,59.13,68.1740759604,9.04407596041
340622.463625,3832750.9675,63.73,11.0284520367,-52.7015479633
340625.440875,3832759.45,66.58,79.8080193021,13.2280193021
340627.013375,3832763.9325,63.33,78.621609724,15.291609724
340628.515,3832768.21125,62.55,43.3821873155,-19.1678126845
340630.021375,3832772.50375,63.68,78.4095018029,14.7295018029
340633.093,3832781.2575,65.29,81.7100789453,16.4200789453
340634.603625,3832785.5575,69.11,79.8668981288,10.7568981288
340618.14425,3832747.5375,62.99,85.7105015336,22.7205015336
340619.676,3832751.90375,67.12,59.5621975119,-7.55780248809
340625.723,3832769.14375,62.08,60.0193292086,-2.06067079138
340627.228375,3832773.43375,64.59,6.847075499,-57.742924501
340628.788875,3832777.8825,68.54,65.7122427442,-2.82775725581
340630.301,3832782.19375,64.45,77.2964013213,12.8464013213
