gps_eastings_UTMzone17N,gps_northings_UTMzone17N,actual_WSC_Sugar,predicted_WSC_Sugar,prediction_diff
340657.36925,3832647.82625,9.74,15.2581233611,5.51812336108
340658.857125,3832652.01375,10.37,15.2191305059,4.84913050595
340660.4055,3832656.37375,26.17,15.1607605339,-11.0092394661
340662.024125,3832660.58,9.68,15.2235988963,5.54359889634
340663.54325,3832664.865,9.42,15.2222279129,5.8022279129
340666.651625,3832673.62875,15.86,15.0705085114,-0.789491488611
340668.227375,3832678.07375,16.71,15.1471878874,-1.56281211262
340669.763625,3832682.4025,9.58,15.2378969907,5.65789699071
340672.707375,3832690.71,11.42,15.3521441239,3.93214412389
340674.289625,3832695.1725,10.31,15.2728890645,4.96288906453
340675.80925,3832699.4575,-0.45,15.265484353,15.715484353
340677.24775,3832703.51,10.36,15.3371494207,4.97714942068
340678.79225,3832707.8675,10.22,15.0537585197,4.83375851968
340681.877875,3832716.5725,9.49,15.2479946038,5.75799460377
340683.3845,3832720.81875,10.99,15.2159227685,4.22592276852
340684.892,3832725.07,10.29,15.1476742677,4.85767426768
340686.475125,3832729.535,13.11,15.4206314559,2.31063145587
340688.06125,3832734.00875,8.91,15.5667893843,6.65678938425
340689.573625,3832738.275,29.68,14.6073203398,-15.0726796602
340692.63525,3832746.90625,18.34,15.2711420246,-3.06885797538
340694.176375,3832751.25625,12.47,15.216479253,2.74647925302
340695.681125,3832755.5,8.22,14.8801641186,6.66016411862
340697.21225,3832759.815,11.28,15.2155027636,3.93550276361
340698.702125,3832764.0175,19.13,14.4977753542,-4.63222464582
340700.151125,3832768.3325,16.64,15.2855596907,-1.35444030926
340701.64,3832772.52375,12.07,15.0843774339,3.01437743393
340703.117,3832776.6825,7.33,15.1878474999,7.8578474999
340704.637625,3832780.96875,17.53,15.214150689,-2.31584931105
340654.725375,3832648.66375,23.22,15.2173252836,-8.00267471641
340656.217,3832652.87,20.99,15.7227621327,-5.26723786726
340657.762375,3832657.23,23.34,15.6076389587,-7.73236104134
340660.900375,3832665.6825,28.8,15.0651861911,-13.7348138089
340662.434625,3832670.01375,23.29,15.1963799848,-8.09362001516
340663.976625,3832674.3675,8.78,15.2559246941,6.47592469412
340667.087125,3832683.15875,31.81,15.0780685103,-16.7319314897
340668.586375,3832687.39,34.69,15.3234384607,-19.3665615393
340673.13775,3832700.2425,20.14,15.2472179951,-4.89278200493
340674.547,3832704.22,13.48,15.7616154324,2.28161543242
340676.096625,3832708.6,16.7,15.2866951076,-1.41330489238
340677.661,3832713.0175,18.89,15.0536020345,-3.83639796548
340679.204,3832717.37625,18.91,15.3626261215,-3.54737387852
340680.714375,3832721.6425,32.3,15.259973926,-17.040026074
340682.21675,3832725.88375,13.03,15.2191590015,2.18915900153
340683.79,3832730.3275,18.32,15.2871397821,-3.03286021792
340686.884375,3832739.06875,13.57,15.2932432667,1.72324326674
340688.39225,3832743.32375,26.46,15.2199896641,-11.2400103359
340689.941,3832747.7,30.65,15.0743648557,-15.5756351443
340691.471625,3832752.02375,21.66,15.7904471673,-5.86955283273
340692.984625,3832756.29625,31.71,15.6151799226,-16.0948200774
340694.519125,3832760.63,7.7,15.7213050491,8.02130504911
340695.998,3832764.80625,24.15,15.3175840268,-8.83241597317
340697.447375,3832769.16,26.33,15.549855077,-10.780144923
340698.936375,3832773.35625,23.45,15.2815207065,-8.16847929352
340700.409625,3832777.5125,25.69,15.3446061696,-10.3453938304
340701.927625,3832781.79375,21.58,15.5432899362,-6.03671006377
340651.95625,3832649.77375,26.17,15.2621840612,-10.9078159388
340653.442375,3832653.96875,20.34,15.1444502028,-5.19554979719
340656.590875,3832662.60875,24.79,15.4739094106,-9.31609058936
340658.10975,3832666.89625,26.81,15.4412327534,-11.3687672466
340661.17275,3832675.55125,31.28,15.3813767595,-15.8986232405
340662.762625,3832680.04125,24.2,15.2377264948,-8.9622735052
340664.273125,3832684.315,22.72,15.3014219975,-7.41857800249
340665.77825,3832688.56625,12.63,15.1596771841,2.52967718412
340667.282375,3832692.815,32.03,15.1602150121,-16.8697849879
340670.33075,3832701.4225,19.66,15.080255415,-4.579744585
340671.75075,3832705.435,24.76,15.1871224367,-9.57287756329
340673.294,3832709.79625,10.3,15.3158668803,5.01586688032
340674.86025,3832714.225,29.69,15.1744670142,-14.5155329858
340676.404125,3832718.5825,28.51,15.3533760398,-13.1566239602
340677.908375,3832722.835,18.54,15.2806967685,-3.2593032315
340682.5475,3832735.93875,27.48,15.2229304834,-12.2570695166
340684.071625,3832740.24625,22.65,15.2729052966,-7.37709470339
340685.592,3832744.54,32.39,15.1832109686,-17.2067890314
340687.1455,3832748.92875,26.54,15.323800961,-11.216199039
340688.662125,3832753.21375,30.46,15.1779371194,-15.2820628806
340690.158375,3832757.44,33.78,15.2209423221,-18.5590576779
340691.69625,3832761.7875,22.17,15.3364442898,-6.83355571022
340693.194625,3832766.02,13.88,15.2759644648,1.39596446482
340694.664375,3832770.335,23.21,15.2137555562,-7.99624444384
340696.157125,3832774.54625,25.39,15.4318691763,-9.95813082371
340697.63675,3832778.7225,37.06,15.2770176332,-21.7829823668
340699.155375,3832783.0125,10.87,15.2111349628,4.34113496279
340649.202375,3832650.48125,9.97,14.9418745248,4.97187452484
340650.703625,3832654.72,32.72,15.1432238057,-17.5767761943
340652.245375,3832659.07375,12.63,15.3156346914,2.68563469135
340655.347125,3832667.5675,31.67,15.0333289377,-16.6366710623
340656.876125,3832671.8875,9.86,15.3210462043,5.46104620435
340658.415125,3832676.2375,19.86,15.4880545694,-4.37194543055
340661.513,3832685.0,18.21,16.080905182,-2.12909481798
340663.015375,3832689.24125,26.76,15.4484831961,-11.3115168039
340666.073875,3832697.88625,32.03,15.3427232127,-16.6872767873
340667.573625,3832702.12625,24.47,15.0360961406,-9.43390385937
340668.995,3832706.14,29.59,14.801287198,-14.788712802
340670.54075,3832710.51,34.87,15.2509156145,-19.6190843855
340672.093875,3832714.9025,30.83,15.3814624751,-15.4485375249
340673.630375,3832719.24625,7.85,15.4133921238,7.5633921238
340675.140625,3832723.51375,28.68,15.3884426599,-13.2915573401
340676.64525,3832727.7675,23.15,15.3201751491,-7.82982485087
340678.215,3832732.2025,25.74,14.8060557194,-10.9339442806
340679.781,3832736.63125,9.56,15.8385971386,6.27859713856
340681.298625,3832740.92,27.06,15.127120415,-11.932879585
340682.81225,3832745.1975,14.9,15.720585522,0.82058552198
340684.357,3832749.56375,18.66,15.1333616171,-3.52663838289
340685.885375,3832753.88375,11.15,15.4044337013,4.25443370128
340687.402125,3832758.1725,19.19,15.1852863304,-4.00471366957
340688.935,3832762.50625,19.64,14.8846192618,-4.75538073822
340690.416625,3832766.6925,10.54,15.4173937083,4.8773937083
340691.877375,3832771.0,13.69,15.1662802701,1.47628027013
340693.370625,3832775.21375,15.37,15.0928542124,-0.27714578762
340694.85,3832779.3925,15.81,15.1516689888,-0.658331011245
340696.37,3832783.68375,14.26,15.2903285113,1.03032851133
340646.2765,3832651.48875,12.93,14.8309035709,1.90090357092
340647.78925,3832655.76375,14.21,15.0430714614,0.83307146139
340649.328625,3832660.11,14.57,15.0272183081,0.457218308129
340650.865375,3832664.29125,18.02,14.9852037252,-3.03479627485
340652.377625,3832668.565,13.45,14.7432788509,1.2932788509
340653.902,3832672.87375,13.65,14.8799029158,1.22990291578
340655.423375,3832677.17375,15.44,14.7352100357,-0.704789964255
340657.00725,3832681.65125,17.58,15.3081444204,-2.27185557965
340658.562375,3832686.05,16.93,15.7164367885,-1.21356321153
340660.06425,3832690.2925,17.73,15.6012754364,-2.12872456358
340661.574875,3832694.56,11.54,15.2672140025,3.72721400253
340663.155875,3832699.0275,14.87,14.9368694731,0.0668694731071
340664.65625,3832703.27,11.93,15.5220224301,3.59202243005
340666.07375,3832707.2725,8.59,15.4662375128,6.8762375128
340667.621,3832711.6475,31.68,15.3540069298,-16.3259930702
340669.16025,3832715.995,12.75,15.1656899042,2.41568990424
340670.666125,3832720.2525,16.56,15.0560011233,-1.50399887675
340672.171375,3832724.5075,13.33,15.2210295329,1.89102953287
340673.698875,3832728.8225,11.92,15.3587559414,3.43875594142
340675.271625,3832733.2675,15.38,15.2541422659,-0.125857734055
340676.821875,3832737.6525,19.53,15.4603295502,-4.06967044982
340678.371875,3832742.02875,14.87,15.8318825313,0.961882531335
340679.882,3832746.29875,16.97,16.0961349301,-0.873865069927
340681.397625,3832750.58125,26.0,15.1497873544,-10.8502126456
340682.926875,3832754.90375,12.77,15.2677176209,2.49771762092
340684.446125,3832759.1975,18.85,14.8092658257,-4.04073417429
340685.98325,3832763.5425,13.21,15.609509031,2.39950903099
340687.469,3832767.74125,15.03,15.4561149708,0.426114970789
340688.943875,3832772.015,13.13,15.1848281133,2.05482811327
340690.431625,3832776.21375,17.71,15.2648867324,-2.44511326759
340691.914,3832780.4025,15.46,15.5563988208,0.0963988208434
340693.447625,3832784.735,21.06,15.281415919,-5.77858408104
340643.636,3832652.24,17.79,14.9816818809,-2.80831811912
340645.150125,3832656.51875,12.87,15.5421362325,2.67213623253
340646.6925,3832660.8725,13.37,15.2113503444,1.84135034436
340648.226125,3832665.0975,15.07,15.2469693275,0.17696932755
340649.75225,3832669.41,10.47,15.0862033273,4.6162033273
340651.287375,3832673.745,13.26,15.1941941224,1.93419412238
340652.852125,3832678.1675,9.23,15.1078505774,5.87785057738
340654.455625,3832682.7,16.2,14.9700814431,-1.22991855693
340655.888875,3832686.7525,9.88,15.6192726374,5.73927263743
340657.397625,3832691.01375,18.42,16.1667328119,-2.2532671881
340658.91425,3832695.2975,17.16,15.7908838538,-1.36911614616
340660.460125,3832699.6675,14.93,15.701104139,0.771104138989
340661.97225,3832703.94,14.4,15.0389119259,0.638911925898
340663.41625,3832708.0175,10.29,15.0264551919,4.73645519189
340664.935,3832712.31375,11.09,15.1334709657,4.04347096574
340666.48425,3832716.68625,17.45,15.2055240435,-2.24447595646
340668.03375,3832721.06625,15.47,15.0852152771,-0.384784722857
340669.54275,3832725.33,13.61,15.21994566,1.60994566001
340671.04675,3832729.58,14.43,15.3976212199,0.967621219888
340672.59575,3832733.9575,17.01,15.0933072712,-1.91669272883
340674.152,3832738.35625,19.74,15.3645904674,-4.37540953256
340675.687375,3832742.69125,23.99,15.1932346924,-8.79676530761
340677.20275,3832746.975,21.76,15.743303944,-6.01669605597
340678.7355,3832751.30875,20.72,15.771547943,-4.94845205704
340680.24925,3832755.58375,15.6,15.5017493759,-0.0982506240981
340681.799,3832759.96,24.99,15.1406218767,-9.84937812329
340683.34025,3832764.3175,10.34,15.062959462,4.72295946203
340684.823375,3832768.5075,12.49,15.0420972546,2.55209725461
340686.320375,3832772.8125,24.4,15.179251868,-9.22074813198
340687.81475,3832777.03125,15.29,15.3036162863,0.0136162863084
340689.293625,3832781.2075,16.64,15.224144875,-1.41585512504
340690.804875,3832785.47875,18.58,15.3215570458,-3.25844295421
340640.976125,3832653.20375,22.97,15.265516442,-7.70448355802
340642.502375,3832657.525,23.25,14.9488940789,-8.30110592114
340644.052625,3832661.91125,13.86,14.979803272,1.11980327197
340645.566125,3832666.13875,11.34,15.1724117737,3.83241177368
340647.087125,3832670.44375,26.44,15.2212304297,-11.2187695703
340648.619625,3832674.7825,17.73,15.0855640224,-2.64443597761
340650.1365,3832679.07625,15.89,15.5523618738,-0.3376381262
340651.697,3832683.49125,18.01,15.5324512831,-2.47754871691
340653.214375,3832687.79,17.59,15.2979779412,-2.29202205879
340654.725,3832692.06375,13.69,15.350682263,1.66068226304
340656.246625,3832696.37125,11.37,15.2289522813,3.8589522813
340657.7895,3832700.73625,18.45,14.9096017985,-3.54039820149
340659.2865,3832704.975,9.94,14.9790702751,5.03907027506
340660.7295,3832709.055,11.96,14.7658756473,2.8058756473
340662.29025,3832713.475,11.12,14.5915966203,3.47159662035
340663.821,3832717.81,8.6,15.0641720302,6.4641720302
340665.330125,3832722.0775,11.4,15.0539709286,3.6539709286
340666.847875,3832726.37625,10.78,15.3104217347,4.5304217347
340668.37075,3832730.6875,14.65,15.3320822393,0.682082239317
340669.939,3832735.1225,15.92,15.236216533,-0.683783466999
340671.4645,3832739.44125,10.87,14.8810203357,4.01102033574
340672.968625,3832743.7,24.86,15.1899483406,-9.67005165936
340674.511,3832748.065,13.54,15.2745571361,1.73455713608
340676.05175,3832752.425,16.56,15.276452833,-1.28354716703
340677.583875,3832756.76125,9.18,15.1575604727,5.97756047274
340679.118375,3832761.02667,11.84,15.2681935692,3.42819356925
340680.62775,3832765.3775,19.58,15.2205220871,-4.35947791286
340682.091875,3832769.5225,10.58,15.2201744619,4.64017446193
340683.581375,3832773.7775,15.76,15.1198427278,-0.640157272248
340685.078125,3832778.01625,12.88,15.2842718407,2.40427184069
340686.5475,3832782.17125,19.48,15.1565947541,-4.32340524592
340688.069125,3832786.48125,12.16,15.2190376761,3.05903767606
340637.955,3832654.18375,7.17,15.1806086862,8.01060868619
340639.4715,3832658.47875,14.65,15.0317882363,0.381788236284
340640.99,3832662.78,7.92,14.5994366799,6.67943667989
340642.495875,3832667.0325,24.8,15.3528323356,-9.44716766437
340644.03175,3832671.3825,15.51,14.9594273851,-0.550572614945
340645.535125,3832675.64,17.82,15.6110286968,-2.20897130324
340647.059625,3832679.955,18.69,15.7378948934,-2.95210510656
340648.620375,3832684.37625,14.12,15.5089332043,1.38893320432
340650.127625,3832688.645,15.26,15.158634028,-0.101365972049
340651.645625,3832692.9425,19.05,15.2963308561,-3.75366914393
340653.163875,3832697.2425,14.93,15.2941094937,0.364109493663
340654.699875,3832701.59,15.19,15.5768993636,0.386899363609
340656.2,3832705.8375,21.1,15.1967419872,-5.90325801283
340657.56575,3832709.7,13.35,14.2002967439,0.850296743883
340659.14625,3832714.1825,18.62,15.1537993485,-3.46620065148
340660.722875,3832718.645,9.66,15.1756158954,5.51561589543
340662.266375,3832723.01375,17.75,15.1683256516,-2.58167434842
340663.786125,3832727.32,17.11,14.9216309687,-2.18836903131
340665.282,3832731.5525,9.67,15.0208014816,5.35080148162
340666.843375,3832735.9775,14.04,15.2720809188,1.23208091881
340668.392125,3832740.35875,24.12,14.9604055947,-9.15959440528
340669.88575,3832744.58875,16.82,15.2380988739,-1.58190112613
340671.3905,3832748.84875,11.76,15.5863548738,3.82635487382
340672.938,3832753.23375,19.77,15.0309575686,-4.73904243136
340674.485375,3832757.61375,14.1,15.2300646256,1.13006462564
340676.015625,3832761.9475,9.04,15.3208934786,6.28089347861
340677.5485,3832766.28875,12.71,15.036481105,2.32648110503
340679.03525,3832770.49875,27.8,15.0516961727,-12.7483038273
340680.513875,3832774.6975,11.34,15.2724818355,3.93248183551
340682.012875,3832778.94375,10.27,15.2872246615,5.01722466149
340683.5095,3832783.1825,14.36,15.2684204018,0.908420401847
340685.032125,3832787.49,15.2,15.2727961657,0.0727961656933
340635.399875,3832654.99125,13.49,15.0166681148,1.52666811479
340636.933375,3832659.34,18.05,14.9345532526,-3.11544674737
340638.472125,3832663.705,13.82,14.3517278599,0.531727859872
340639.949875,3832667.94875,16.22,15.0398460622,-1.18015393778
340641.477125,3832672.2775,11.87,14.7165316535,2.84653165346
340642.987875,3832676.56375,13.31,14.4418395977,1.13183959774
340644.519125,3832680.90625,11.75,14.1804918599,2.43049185994
340646.084875,3832685.34625,7.8,14.95876226,7.15876225999
340647.592875,3832689.625,9.8,14.4361514041,4.63615140408
340649.10725,3832693.91875,10.95,15.2050689628,4.25506896279
340650.636375,3832698.2575,24.37,14.7798582403,-9.5901417597
340652.169625,3832702.6025,9.54,16.0761463775,6.53614637748
340653.661,3832706.8325,22.74,14.8150239092,-7.92497609083
340655.1325,3832711.00875,22.02,15.3108627634,-6.70913723658
340656.6615,3832715.34375,12.47,14.8035801756,2.33358017565
340658.14875,3832719.56,12.95,14.5291441843,1.5791441843
340659.686375,3832723.9225,12.95,14.3975855673,1.44758556727
340661.231625,3832728.305,12.17,14.5839505248,2.41395052483
340662.716625,3832732.51625,14.11,13.8856960007,-0.224303999251
340664.277,3832736.94125,13.7,14.910080145,1.21008014503
340665.84125,3832741.37625,14.25,14.8171998269,0.567199826934
340667.355875,3832745.67125,10.29,15.1384615088,4.84846150884
340668.878375,3832749.9925,19.07,14.7122428525,-4.35775714753
340670.395,3832754.29375,16.98,14.945309406,-2.03469059404
340671.911625,3832758.59375,15.46,14.9073313531,-0.552668646865
340673.438875,3832762.92625,15.9,15.224032525,-0.675967475025
340674.97825,3832767.29,16.23,15.0324073147,-1.19759268525
340676.464125,3832771.5075,13.34,15.7814884449,2.44148844487
340677.929875,3832775.64,18.56,14.8844424981,-3.67555750195
340679.420875,3832779.87125,17.06,15.3483264832,-1.71167351682
340680.9095,3832784.095,17.54,15.2302201715,-2.30977982852
340682.438,3832788.42875,17.73,15.3636457368,-2.36635426317
340632.633,3832655.93875,10.1,15.0960565507,4.99605655073
340634.163875,3832660.27875,10.76,15.4698082817,4.70980828166
340635.693625,3832664.61625,7.95,14.4806720503,6.53067205031
340637.157625,3832668.89,11.98,14.5710149378,2.59101493779
340638.687875,3832673.22375,17.92,15.3675757145,-2.55242428553
340640.201,3832677.5125,12.39,14.3428324795,1.95283247948
340641.731,3832681.84625,11.58,15.2230863032,3.64308630322
340643.294,3832686.27625,9.68,14.5713754571,4.89137545708
340644.790625,3832690.52,12.45,14.9984229031,2.5484229031
340646.302625,3832694.8,18.25,15.0456719643,-3.20432803566
340647.833625,3832699.1375,8.79,15.2229107153,6.43291071528
340649.374375,3832703.50375,17.48,15.4804837031,-1.99951629691
340650.88125,3832707.7725,13.45,15.696250559,2.24625055904
340652.339,3832711.91,22.78,14.7060730583,-8.07392694167
340653.87325,3832716.25,15.18,15.1887364956,0.00873649561586
340655.391,3832720.5525,14.12,15.1647228271,1.04472282709
340656.91,3832724.85625,22.16,15.0897736029,-7.07022639714
340658.419875,3832729.13375,15.72,14.9187265588,-0.801273441174
340659.93075,3832733.4175,12.63,14.556250327,1.926250327
340661.489375,3832737.8325,13.08,14.7213366463,1.64133664625
340663.031,3832742.2,14.62,15.2856095765,0.665609576495
340664.541125,3832746.48,12.38,15.3675391598,2.98753915975
340666.07275,3832750.8175,10.12,15.4126953705,5.29269537048
340667.604,3832755.15625,17.44,15.3015760527,-2.13842394726
340669.126125,3832759.47,15.48,14.7826090312,-0.697390968791
340670.655625,3832763.8025,11.34,14.5513041255,3.21130412547
340672.183,3832768.1325,12.95,14.818662556,1.86866255597
340673.672625,3832772.3525,15.63,15.1458003065,-0.484199693488
340675.167625,3832776.52,14.77,15.2964251326,0.526425132638
340676.674,3832780.79125,13.38,15.6299986614,2.2499986614
340678.171125,3832785.0375,15.64,15.7171657997,0.0771657996631
340679.697375,3832789.36375,14.4,15.2882723071,0.888272307068
340629.882625,3832656.90125,13.97,14.9242026523,0.954202652322
340631.42475,3832661.27375,13.28,14.9107501705,1.63075017048
340632.94275,3832665.5825,11.53,14.4846979577,2.95469795768
340634.385875,3832669.81125,9.75,14.7912910644,5.04129106442
340635.932,3832674.1975,11.21,15.0066120121,3.79661201206
340637.455625,3832678.515,9.48,15.0984571165,5.61845711654
340638.984375,3832682.8475,14.7,14.7358340791,0.0358340790581
340640.526625,3832687.22125,11.85,15.2106555993,3.36065559934
340642.012375,3832691.435,11.24,15.0441147095,3.80411470946
340643.53675,3832695.75375,14.06,15.2650870741,1.20508707407
340645.064625,3832700.085,17.48,15.123317632,-2.35668236799
340646.598625,3832704.4325,15.39,15.4263747043,0.0363747043092
340648.12275,3832708.75375,14.42,15.326686101,0.906686101014
340649.57025,3832712.86,17.05,14.5560195041,-2.49398049589
340651.0775,3832717.13,12.45,15.6781115788,3.22811157878
340652.61875,3832721.495,14.95,15.0325334864,0.0825334863578
340654.148375,3832725.8325,12.55,15.0414933234,2.49149332342
340655.6605,3832730.12,15.24,14.7137035675,-0.526296432537
340657.16625,3832734.39,11.9,15.2260310136,3.32603101356
340658.72775,3832738.815,22.75,15.2447819952,-7.50521800482
340660.263875,3832743.16875,12.24,15.4794463225,3.23944632246
340661.764375,3832747.42125,18.08,14.7423596234,-3.33764037665
340663.30175,3832751.77625,14.68,15.2056806166,0.52568061663
340664.83525,3832756.1275,15.82,15.2250733461,-0.594926653949
340666.353,3832760.43125,15.83,15.1470537119,-0.682946288137
340667.888625,3832764.7825,13.43,14.724179092,1.29417909196
340669.43025,3832769.15,12.63,14.7185137516,2.08851375159
340670.897,3832773.30875,12.66,15.0177585841,2.35775858406
340672.388375,3832777.4575,17.27,15.2083515634,-2.06164843661
340673.901375,3832781.75125,18.1,15.4350586891,-2.66494131086
340675.39175,3832785.9775,15.29,15.2740600593,-0.0159399407115
340676.917125,3832790.305,17.37,15.3374859521,-2.03251404793
340627.53225,3832657.50625,17.48,15.0677349909,-2.41226500911
340629.068375,3832661.875,12.92,15.0361385941,2.11613859415
340630.598625,3832666.225,9.67,14.5346223437,4.86462234374
340632.05525,3832670.565,9.41,15.2513441605,5.84134416048
340633.590625,3832674.9275,22.83,14.5191990274,-8.31080097261
340635.089375,3832679.185,11.71,14.9350202356,3.22502023558
340636.611625,3832683.51125,13.5,15.2808230331,1.78082303308
340638.169,3832687.93375,16.98,15.3682059313,-1.61179406871
340639.659375,3832692.17,11.52,15.2319070125,3.71190701254
340641.182875,3832696.49875,17.73,15.678438926,-2.05156107398
340642.739125,3832700.92,22.8,15.3211116832,-7.4788883168
340644.263,3832705.25,22.81,15.408214945,-7.40178505501
340645.754,3832709.485,15.07,15.0338461121,-0.0361538879413
340647.22075,3832713.655,14.41,15.1569716402,0.746971640181
340648.73525,3832717.95625,13.92,15.2505586262,1.33055862618
340650.2285,3832722.19875,11.36,15.0027591315,3.64275913153
340651.735125,3832726.47625,14.36,15.0634747319,0.703474731919
340654.779,3832735.125,17.85,15.092804897,-2.75719510298
340656.331875,3832739.5375,14.19,15.1586443574,0.968644357439
340657.874,3832743.91875,16.18,15.0839607807,-1.09603921928
340659.345875,3832748.0975,10.16,15.3248833293,5.16488332935
340660.87925,3832752.4575,19.16,15.6718877858,-3.48811221422
340662.41725,3832756.82875,18.07,15.2561683915,-2.81383160849
340663.910625,3832761.06875,13.38,15.2563701652,1.87637016523
340665.424125,3832765.37,12.31,14.2937814105,1.98378141049
340666.945125,3832769.69125,15.13,14.6758769902,-0.454123009814
340671.491375,3832782.49625,18.59,15.3757269327,-3.21427306729
340672.9935,3832786.7675,23.42,15.0476232084,-8.37237679159
340674.523375,3832791.11875,17.5,15.1345545101,-2.36544548989
340624.234125,3832658.58875,11.48,15.4663703,3.98637029998
340625.7845,3832662.98875,13.96,15.3492278596,1.38922785959
340627.303,3832667.29875,21.07,15.5938277639,-5.47617223611
340628.728875,3832671.58625,22.03,15.4584283283,-6.57157167169
340630.27925,3832675.9825,13.17,15.2186409531,2.04864095308
340631.779875,3832680.23875,8.57,15.2443285061,6.6743285061
340633.286875,3832684.515,6.03,15.3543600684,9.32436006837
340634.842125,3832688.92375,17.36,15.2099244735,-2.15007552653
340636.346375,3832693.195,14.21,14.996440907,0.786440907008
340637.867625,3832697.505,11.0,14.8403117109,3.84031171094
340639.41575,3832701.8975,14.76,15.0743585429,0.314358542944
340640.946125,3832706.23625,9.18,15.1321644959,5.95216449593
340642.45775,3832710.5275,14.24,15.2517387127,1.01173871265
340643.94725,3832714.7525,14.47,15.2685688842,0.798568884187
340645.47175,3832719.0725,14.28,15.1527191627,0.872719162748
340646.977875,3832723.3475,11.29,15.1575889414,3.86758894142
340648.488125,3832727.63,16.67,15.1299658319,-1.54003416813
340649.986625,3832731.87875,13.25,15.3067776739,2.0567776739
340651.487375,3832736.135,15.67,14.1726779839,-1.49732201611
340653.05175,3832740.575,16.69,15.2638914284,-1.42610857159
340654.60175,3832744.97125,16.47,14.9637272568,-1.5062727432
340656.089625,3832749.19125,16.76,15.2662230603,-1.49377693972
340657.6235,3832753.54,13.19,15.2076651111,2.0176651111
340659.15425,3832757.88375,10.52,15.4681636331,4.94816363307
340660.661875,3832762.15875,13.53,15.8090592419,2.27905924193
340662.201375,3832766.525,16.75,14.7957703532,-1.95422964683
340663.73025,3832770.8625,11.05,15.2249379315,4.17493793155
340666.738375,3832779.2525,15.92,15.2460880568,-0.673911943236
340668.270625,3832783.60625,14.9,15.1590191383,0.259019138312
340669.75875,3832787.8325,14.59,15.3361185184,0.746118518414
340671.285125,3832792.16375,13.12,15.1310169528,2.01101695277
340621.4805,3832659.50875,14.55,15.1390168017,0.589016801701
340623.016125,3832663.86875,12.04,15.3173586823,3.27735868229
340624.525375,3832668.155,9.3,15.221503829,5.92150382902
340625.950625,3832672.4975,11.68,15.2036042204,3.52360422043
340627.499875,3832676.89125,14.46,15.1237942454,0.663794245359
340628.994,3832681.13,19.0,14.9021537229,-4.0978462771
340630.51275,3832685.43625,14.92,15.1856214304,0.265621430447
340632.074375,3832689.86625,5.97,15.0261126202,9.05611262023
340633.540375,3832694.025,11.44,15.2096565355,3.76965653554
340635.0685,3832698.35875,21.64,15.1706003181,-6.46939968192
340636.645375,3832702.82875,16.02,15.2174448036,-0.802555196446
340638.184375,3832707.1925,13.33,15.3173630238,1.98736302376
340639.71675,3832711.5425,21.67,15.2278642782,-6.44213572178
340641.08625,3832715.4275,14.49,15.3010131192,0.811013119217
340642.62875,3832719.8025,14.95,15.2043421959,0.254342195937
340644.16825,3832724.165,15.31,15.2160843985,-0.0939156015208
340645.693,3832728.49125,18.65,15.1955133548,-3.45448664521
340647.192625,3832732.745,11.87,14.3282834436,2.45828344362
340648.6705,3832736.935,9.41,14.8578256142,5.44782561421
340650.218,3832741.32375,12.92,14.4306417664,1.51064176642
340651.772625,3832745.73375,9.53,14.6779230519,5.14792305188
340653.279875,3832750.00625,16.75,15.3539168616,-1.39608313839
340656.31525,3832758.61625,21.93,14.6638596558,-7.26614034417
340657.872875,3832763.03625,17.3,15.1030088128,-2.19699118717
340660.93475,3832771.72,11.69,15.5996630044,3.90966300443
340662.431625,3832775.96375,4.25,15.2208599554,10.9708599554
340663.912875,3832779.9875,15.77,15.357610423,-0.412389577003
340665.419375,3832784.26875,11.27,15.2923134984,4.02231349843
340666.954,3832788.6275,13.65,15.0071973262,1.35719732622
340668.4875,3832792.9825,10.63,15.4021002599,4.77210025988
340618.7585,3832660.45625,17.16,14.9856820945,-2.17431790545
340620.315125,3832664.88,17.78,15.2161254353,-2.56387456473
340621.827625,3832669.1775,17.42,15.3789612257,-2.04103877434
340623.205125,3832673.43125,9.15,15.2383610634,6.08836106342
340624.725625,3832677.7475,15.66,15.2276852685,-0.432314731487
340626.198625,3832681.93,13.79,15.6799857264,1.88998572642
340627.723625,3832686.26,12.27,15.2543233867,2.98432338674
340629.3,3832690.73625,15.66,15.3118163413,-0.348183658687
340630.808125,3832695.02,19.15,15.1311533091,-4.01884669093
340632.313875,3832699.29125,16.99,15.1860749988,-1.80392500122
340633.839125,3832703.625,10.39,15.3195681758,4.92956817579
340635.340375,3832707.8875,15.77,14.8929231953,-0.877076804709
340636.861,3832712.205,11.88,15.1883062404,3.3083062404
340638.37475,3832716.505,10.34,14.9268483789,4.58684837894
340639.8745,3832720.76125,11.6,14.7761603447,3.17616034468
340641.352,3832724.955,12.69,15.0929114276,2.40291142759
340642.852875,3832729.215,10.33,14.8938204845,4.56382048454
340644.363125,3832733.5025,15.2,14.9643205236,-0.235679476441
340645.885,3832737.825,14.78,15.2058514165,0.425851416479
340647.443625,3832742.2475,11.24,14.982864623,3.74286462296
340648.97425,3832746.59625,20.2,14.8204438067,-5.37955619333
340650.489375,3832750.8975,18.13,14.9465980784,-3.18340192158
340652.0315,3832755.275,13.5,15.6147495922,2.11474959217
340653.53,3832759.53,15.73,14.0523395485,-1.67766045153
340655.017375,3832763.75125,14.6,15.4095853979,0.809585397909
340656.56675,3832768.1525,18.01,14.7081626516,-3.30183734838
340658.10225,3832772.5125,12.38,14.7167029137,2.33670291373
340659.613625,3832776.8025,13.08,15.4445607542,2.3645607542
340661.128625,3832780.90125,16.94,15.2608424044,-1.67915759564
340662.62325,3832785.15625,12.01,15.1796985233,3.16969852331
340664.142625,3832789.4725,24.52,15.1373336659,-9.38266633415
340665.680375,3832793.84625,11.22,15.1553370463,3.93533704625
340616.063625,3832661.39375,11.99,15.1527795968,3.16277959684
340617.624,3832665.83625,7.16,15.3846054132,8.22460541317
340619.142,3832670.15625,14.74,15.1947698972,0.454769897193
340620.484625,3832674.4975,14.22,15.3111230007,1.09112300073
340622.028,3832678.8825,18.45,14.8094170478,-3.64058295219
340623.525625,3832683.13625,13.74,15.2185529121,1.47855291211
340625.046625,3832687.45625,13.6,15.2387224295,1.6387224295
340626.593625,3832691.85,11.42,15.3544831362,3.93448313619
340628.068,3832696.04,10.74,15.2131079062,4.47310790618
340629.59,3832700.36,29.56,15.3679618796,-14.1920381204
340631.148375,3832704.7875,9.94,15.0035095158,5.06350951582
340632.675125,3832709.12375,12.25,15.144514223,2.894514223
340634.18875,3832713.4225,15.34,14.8161231002,-0.523876899762
340635.683,3832717.67,9.71,15.2026772487,5.49267724869
340637.205625,3832721.99,14.1,15.189912214,1.08991221402
340638.688,3832726.2025,7.93,15.2946555602,7.36465556023
340640.189625,3832730.4675,15.59,15.2187766185,-0.37122338151
340641.699,3832734.75625,15.11,15.2121806675,0.102180667476
340643.21625,3832739.0625,14.52,14.910907087,0.390907086951
340644.764,3832743.4625,12.32,15.0236185231,2.70361852306
340646.281,3832747.77,13.68,15.4199981092,1.73999810918
340647.784,3832752.03875,14.17,15.2258389313,1.05583893131
340649.33275,3832756.4375,12.17,15.3329946785,3.16299467849
340652.367,3832765.05625,12.84,15.3424755756,2.50247557559
340653.908875,3832769.43625,11.15,14.955401894,3.80540189402
340655.43,3832773.75625,13.63,14.7647439225,1.13474392252
340656.929,3832778.0125,15.95,15.1550441488,-0.794955851214
340658.457625,3832782.05,6.05,15.2201636938,9.17016369377
340659.977375,3832786.37,12.67,15.2096312006,2.53963120062
340661.493,3832790.6825,17.81,15.2533402482,-2.55665975181
340663.024375,3832795.04375,15.09,15.0958438524,0.00584385244595
340613.23575,3832662.39625,21.55,15.2473520777,-6.30264792225
340614.796375,3832666.8475,10.7,15.1848394634,4.48483946341
340616.304125,3832671.15,8.04,15.255618428,7.21561842802
340617.650875,3832675.42875,16.56,15.264560112,-1.29543988795
340619.187375,3832679.80625,13.41,15.11999897,1.70999897001
340620.686375,3832684.0725,9.35,15.172445816,5.82244581602
340622.216,3832688.43,27.8,15.1576813145,-12.6423186855
340623.75,3832692.79875,13.73,14.8674353335,1.13743533351
340625.220125,3832696.9875,14.13,15.3117772972,1.18177729718
340626.743125,3832701.32375,16.26,15.5456407838,-0.714359216222
340628.271125,3832705.675,17.09,15.439078638,-1.650921362
340629.78525,3832709.9875,16.76,15.0858202052,-1.67417979478
340631.33475,3832714.4,20.95,15.070286748,-5.87971325202
340632.895,3832718.8475,15.96,15.1359803914,-0.824019608623
340634.4145,3832723.175,14.68,15.3103706621,0.630370662101
340635.84725,3832727.25375,10.55,15.2096147632,4.65961476325
340637.315125,3832731.43375,16.22,15.1939491112,-1.02605088877
340638.805625,3832735.68,13.62,15.3335744391,1.71357443912
340640.33175,3832740.02625,17.83,15.0486859581,-2.78131404189
340641.882375,3832744.4425,13.12,14.9802511983,1.86025119828
340644.821875,3832752.81125,17.82,15.1694239935,-2.65057600648
340646.4035,3832757.31625,15.91,15.157155272,-0.752844727967
340647.97725,3832761.80125,20.38,15.242378378,-5.13762162203
340649.515375,3832766.18375,12.49,15.3788711034,2.88887110338
340651.044625,3832770.5375,10.1,15.3011913791,5.20119137906
340652.5265,3832774.7575,14.5,15.1093056592,0.609305659215
340654.004125,3832778.96625,18.12,15.0667072576,-3.05329274239
340655.521625,3832783.03,14.9,15.1682848711,0.268284871098
340657.052125,3832787.39375,18.35,15.1204291155,-3.22957088455
340658.55675,3832791.685,11.15,15.1780286236,4.02802862357
340660.073125,3832796.0125,5.99,14.7663972539,8.77639725385
340610.547125,3832663.24375,16.83,15.1367936876,-1.69320631237
340612.118125,3832667.71875,10.55,14.486394397,3.93639439703
340613.646,3832672.0675,12.83,15.1049379018,2.27493790176
340614.965625,3832676.32125,14.1,14.6344812847,0.534481284673
340616.48875,3832680.6525,16.24,15.1818590571,-1.05814094293
340617.996625,3832684.9375,16.41,15.7279010043,-0.682098995737
340619.537875,3832689.32125,16.71,15.6885550181,-1.02144498186
340621.106625,3832693.77875,29.2,15.4580784366,-13.7419215634
340622.555875,3832697.9,14.83,15.1768681127,0.34686811274
340624.027,3832702.07875,11.05,15.5104837632,4.46048376315
340625.605375,3832706.57,19.89,15.6077123889,-4.28228761107
340627.147625,3832710.95375,16.32,15.3844160197,-0.935583980339
340628.64725,3832715.21625,12.98,15.0583617481,2.07836174807
340630.185,3832719.59,15.53,15.3820407201,-0.1479592799
340631.71875,3832723.94875,20.35,14.8653499448,-5.48465005524
340633.173875,3832728.085,10.78,15.5840486882,4.8040486882
340634.65825,3832732.305,12.3,14.4531115797,2.15311157971
340636.123875,3832736.47,11.12,14.4609838383,3.34098383832
340637.669375,3832740.865,14.73,15.282595128,0.552595128044
340639.241,3832745.3325,18.48,15.0808048077,-3.3991951923
340640.75175,3832749.62625,12.73,15.262973155,2.53297315504
340642.245375,3832753.87,15.68,15.1053517215,-0.57464827846
340643.80725,3832758.3125,19.81,15.5665717453,-4.24342825471
340645.3425,3832762.67625,15.51,15.415743904,-0.0942560959893
340646.855875,3832766.97875,18.4,14.6699158531,-3.73008414688
340648.389875,3832771.34,18.21,15.2323678643,-2.9776321357
340649.91325,3832775.67,15.34,15.6426218231,0.302621823071
340652.928375,3832783.9475,9.1,15.0350368308,5.93503683077
340654.479125,3832788.35875,17.97,14.4933781057,-3.47662189426
340655.99875,3832792.69125,9.3,15.3365863011,6.03658630114
340657.538625,3832797.07375,14.34,14.6281382922,0.288138292163
340607.779,3832664.17125,11.07,15.2708212605,4.20082126049
340609.35375,3832668.65875,13.67,15.3422875863,1.67228758632
340610.868875,3832672.98125,8.1,15.2147442521,7.11474425207
340612.205625,3832677.325,22.32,15.2261080752,-7.0938919248
340613.753125,3832681.73,15.46,15.2345292528,-0.225470747183
340615.2385,3832685.955,11.6,15.3050593149,3.70505931489
340616.778375,3832690.3375,26.4,15.1582364808,-11.2417635192
340618.323625,3832694.73375,24.41,15.1804472327,-9.22955276733
340619.778375,3832698.8725,16.38,15.2543011709,-1.12569882911
340621.287375,3832703.165,16.71,14.9718897028,-1.7381102972
340622.86475,3832707.6525,13.9,15.3631867678,1.46318676783
340624.396625,3832712.01,11.51,15.5862522339,4.07625223391
340625.90075,3832716.29,17.55,15.1600971205,-2.38990287945
340627.42075,3832720.615,20.29,15.5015080849,-4.7884919151
340628.9315,3832724.91,21.28,15.9399319292,-5.34006807083
340630.395,3832729.075,19.99,15.6818679196,-4.30813208043
340631.888375,3832733.32375,16.85,15.7167635804,-1.13323641964
340633.418375,3832737.67875,10.38,15.2739566689,4.8939566689
340634.9465,3832742.025,20.96,15.1372102549,-5.82278974513
340636.462125,3832746.33875,9.4,14.6096965848,5.2096965848
340637.95825,3832750.59125,10.94,14.9101245775,3.97012457749
340639.458375,3832754.86125,21.14,15.2522361243,-5.88776387567
340641.01425,3832759.2875,14.36,15.3574237909,0.997423790892
340642.52075,3832763.575,14.57,15.2589519305,0.688951930536
340644.036125,3832767.88625,17.43,14.95544437,-2.47455562996
340645.585875,3832772.295,14.64,15.1729399803,0.532939980336
340647.09425,3832776.585,12.18,14.865612997,2.68561299704
340648.617,3832780.9175,14.2,15.2731150043,1.07311500426
340650.159625,3832784.9875,20.55,15.1402682265,-5.40973177354
340651.685875,3832789.33625,16.54,15.0385124364,-1.50148756359
340653.209625,3832793.6825,12.58,15.4270670061,2.84706700607
340654.72975,3832798.01,9.3,15.1973131363,5.89731313633
340605.045625,3832665.13125,12.1,14.7850600067,2.68506000672
340606.630375,3832669.6475,14.29,15.0697851748,0.779785174825
340608.150375,3832673.9825,14.14,14.7125867717,0.572586771687
340609.4685,3832678.33625,13.66,14.8536664691,1.19366646909
340611.022125,3832682.75625,15.07,15.1539719683,0.083971968285
340612.509625,3832686.98875,18.96,15.2452887056,-3.71471129437
340614.016625,3832691.27875,13.52,15.4703233094,1.9503233094
340616.998875,3832699.765,9.4,15.2172541652,5.81725416518
340618.518,3832704.08625,16.44,15.2150210809,-1.22497891913
340620.100375,3832708.585,13.91,15.2881893937,1.37818939367
340621.615375,3832712.8975,10.95,15.4024093425,4.45240934245
340623.125625,3832717.195,14.11,15.6200232446,1.51002324462
340624.6535,3832721.5425,11.44,15.2287048388,3.78870483879
340626.1835,3832725.8975,16.28,15.0976209813,-1.18237901871
340627.64125,3832730.045,20.83,15.3110635157,-5.51893648429
340629.127875,3832734.2725,24.95,15.1223101289,-9.82768987114
340630.627125,3832738.54,12.53,15.1106875964,2.58068759639
340632.1465,3832742.8625,12.59,14.8286166271,2.23861662705
340633.69625,3832747.27,18.47,14.9866248874,-3.48337511261
340635.190125,3832751.51875,13.9,15.4562479382,1.55624793824
340636.701375,3832755.81875,16.31,15.6632060812,-0.646793918836
340638.263,3832760.26375,16.38,15.1239764603,-1.25602353973
340639.77275,3832764.56125,13.33,15.2437328292,1.91373282923
340641.294625,3832768.88875,13.34,15.521215238,2.18121523797
340642.834375,3832773.27,11.14,15.3338001911,4.19380019109
340644.344,3832777.56625,14.69,15.8884371416,1.19843714164
340645.861375,3832781.88375,19.21,14.6414155662,-4.56858443384
340647.391875,3832785.8825,14.47,15.3290933068,0.859093306793
340650.44125,3832794.5775,28.11,15.1201766533,-12.9898233467
340651.993875,3832799.00375,11.6,15.3031782119,3.70317821187
340606.530125,3832679.2425,17.69,15.6883719155,-2.00162808451
340608.10625,3832683.705,23.32,15.7048174735,-7.61518252652
340609.595375,3832687.9175,27.13,14.9502642798,-12.1797357202
340611.088,3832692.145,13.53,15.230787426,1.70078742597
340612.628125,3832696.50375,19.08,15.1495805643,-3.93041943571
340614.112375,3832700.7025,23.86,15.5302026211,-8.32979737891
340615.668875,3832705.10625,27.19,15.3299335021,-11.8600664979
340617.252125,3832709.585,31.7,15.3468165726,-16.3531834274
340618.78075,3832713.91375,22.32,15.5939949696,-6.72600503041
340620.303,3832718.2225,7.09,15.4593604609,8.36936046088
340621.81575,3832722.505,22.63,15.2843050922,-7.34569490785
340623.33925,3832726.81875,31.47,15.3770238434,-16.0929761566
340624.8045,3832730.965,29.29,15.2724385318,-14.0175614682
340627.81625,3832739.4875,28.23,15.3647794728,-12.8652205272
340629.34825,3832743.825,28.04,15.5047179528,-12.5352820472
340632.39275,3832752.44375,22.22,17.0380536263,-5.18194637373
340633.916125,3832756.7525,22.28,15.4085384939,-6.87146150607
340635.48925,3832761.205,25.95,16.2796214234,-9.67037857656
340636.992875,3832765.46125,23.48,15.7212360588,-7.75876394121
340640.081375,3832774.2025,16.4,15.6479134197,-0.752086580269
340643.126125,3832782.82,27.78,15.3802085657,-12.3997914343
340603.900875,3832680.13625,24.35,15.7237423951,-8.62625760489
340605.456875,3832684.5825,26.44,15.363098402,-11.076901598
340606.934875,3832688.8025,29.81,15.8236136022,-13.9863863978
340608.442375,3832693.11125,11.27,15.5337228947,4.26372289471
340611.386375,3832701.52,30.88,15.9528000603,-14.9271999397
340612.9255,3832705.915,23.18,15.5844409643,-7.59555903566
340614.522625,3832710.47875,28.4,15.5720067717,-12.8279932283
340616.036375,3832714.8025,10.69,15.9017757897,5.21177578967
340617.548,3832719.1225,18.75,15.2188526281,-3.53114737186
340622.01825,3832731.89,25.19,15.202904124,-9.98709587602
340623.51475,3832736.1675,8.91,15.2203216132,6.31032161317
340625.029875,3832740.49625,15.31,15.3470228496,0.0370228496025
340626.547375,3832744.83,38.1,15.0882446166,-23.0117553834
340628.077875,3832749.2025,23.41,15.6909736482,-7.71902635177
340629.545,3832753.395,21.98,16.6608873074,-5.3191126926
340631.045875,3832757.68125,26.49,16.2077876831,-10.2822123169
340632.6275,3832762.2,20.12,16.386032129,-3.733967871
340634.108,3832766.42875,23.05,16.5491508458,-6.50084915421
340635.585875,3832770.64875,16.25,16.1446779979,-0.105322002129
340638.673,3832779.4675,17.43,15.4807791927,-1.94922080725
340640.1695,3832783.7425,30.96,15.3610831345,-15.5989168655
340600.827875,3832681.2025,29.85,15.2811598844,-14.5688401156
340602.39125,3832685.6525,21.05,15.2731698084,-5.77683019161
340603.884875,3832689.905,33.1,15.3924893717,-17.7075106283
340605.398375,3832694.2125,24.15,15.3112337756,-8.83876622441
340606.91175,3832698.52125,29.31,15.6912302119,-13.6187697881
340608.364625,3832702.655,26.41,15.7482661012,-10.6617338988
340609.915625,3832707.07125,8.45,15.3953389911,6.94533899107
340611.495875,3832711.5675,18.35,15.2986648954,-3.05133510456
340613.004875,3832715.8625,18.62,15.1583053616,-3.46169463844
340616.065,3832724.57,26.58,15.3953261207,-11.1846738793
340619.016625,3832732.97375,22.04,15.1650123516,-6.87498764841
340620.501375,3832737.19875,25.53,15.3690303866,-10.1609696134
340622.017875,3832741.515,22.06,15.4627194679,-6.59728053212
340625.0645,3832750.1875,23.84,16.2641571155,-7.57584288453
340626.571125,3832754.47375,22.01,16.6689280963,-5.34107190375
340628.077625,3832758.75875,26.28,17.3065066737,-8.97349332626
340631.117,3832767.4125,22.14,16.5847587785,-5.55524122152
340635.702875,3832780.4625,17.56,15.5678286384,-1.99217136164
340637.219875,3832784.78125,27.03,15.4046602116,-11.6253397884
340598.253625,3832681.97625,10.75,14.751398058,4.00139805798
340599.815125,3832686.42625,11.27,14.8844761902,3.61447619021
340601.292,3832690.63375,27.93,14.9927872421,-12.9372127579
340604.326375,3832699.28125,11.8,15.3495764077,3.54957640768
340607.30625,3832707.77,15.92,15.2966664643,-0.623333535672
340608.901875,3832712.3175,17.01,15.0399518381,-1.9700481619
340610.409375,3832716.61375,9.06,15.2740156907,6.21401569067
340613.475,3832725.35,14.64,14.9408056131,0.300805613066
340614.98225,3832729.64875,7.19,15.3574660594,8.16746605943
340617.895625,3832737.95,9.38,14.6047369041,5.22473690413
340619.404625,3832742.2475,12.51,14.6945371286,2.18453712856
340620.92975,3832746.59625,11.26,15.2187893822,3.95878938218
340622.463625,3832750.9675,18.64,14.8014346118,-3.8385653882
340625.440875,3832759.45,20.1,14.3518186577,-5.74818134233
340627.013375,3832763.9325,11.47,15.2355182352,3.76551823519
340628.515,3832768.21125,11.12,15.3171941251,4.19719412511
340630.021375,3832772.50375,23.19,14.6889542008,-8.50104579919
340633.093,3832781.2575,15.8,16.0881880356,0.288188035644
340634.603625,3832785.5575,31.44,15.4510710957,-15.9889289043
340618.14425,3832747.5375,8.77,14.4972235534,5.7272235534
340619.676,3832751.90375,11.35,14.6247294664,3.27472946644
340625.723,3832769.14375,16.09,15.5245768307,-0.565423169312
340627.228375,3832773.43375,18.71,15.601471664,-3.10852833602
340628.788875,3832777.8825,15.85,15.8132583728,-0.0367416271928
340630.301,3832782.19375,19.81,15.0794648309,-4.73053516906
